{"type":"FeatureCollection", "features": [
{"type":"Feature","geometry":{"type":"MultiPolygon","coordinates":[[[[8018883.382857181,2653558.8942857496],[8016158.234285757,2645174.911428608],[8019257.077142902,2645948.257142894],[8020860.262857184,2651558.1200000346],[8018883.382857181,2653558.8942857496]]],[[[8796626.400000043,1994106.6171428934],[8793427.268571474,1989491.5514286049],[8800633.540000044,1990883.3971428908],[8796626.400000043,1994106.6171428934]]],[[[7871816.454285756,2761059.1114286073],[7869151.400000043,2760534.6971428916],[7868586.214285754,2755650.6085714623],[7872272.954285756,2755371.7342857495],[7871816.454285756,2761059.1114286073]]],[[[8476141.548571467,2508426.717142891],[8470460.1171429,2506242.837142892],[8471674.351428613,2503658.908571463],[8476553.382857181,2503336.2685714625],[8476141.548571467,2508426.717142891]]],[[[8840024.451428615,2232856.260000035],[8837493.654285759,2231074.720000036],[8835241.634285755,2224529.671428606],[8838519.634285755,2224103.7457143217],[8840024.451428615,2232856.260000035]]],[[[8900144.29142861,2076746.4942857474],[8897392.342857182,2075515.5000000335],[8898676.308571473,2069533.0257143192],[8902370.085714325,2073052.4057143219],[8900144.29142861,2076746.4942857474]]],[[[8056544.862857185,2652092.60285718],[8053912.691428617,2646305.1942857504],[8060440.094285756,2648305.2028571777],[8056544.862857185,2652092.60285718]]],[[[8682308.47142861,2217469.7828571796],[8676455.900000043,2213040.711428605],[8679138.78857147,2210365.2400000356],[8682308.47142861,2217469.7828571796]]],[[[8462592.160000041,2532086.6171428934],[8460362.937142901,2527080.3114286065],[8465616.097142898,2526121.474285748],[8462592.160000041,2532086.6171428934]]],[[[8717034.102857187,2215246.134285748],[8719991.142857186,2206096.4257143214],[8721858.371428616,2212106.7714286074],[8717034.102857187,2215246.134285748]]],[[[8961532.320000045,2152060.0057143196],[8959001.957142897,2149799.862857178],[8957772.694285758,2143854.1857143193],[8960957.265714325,2143706.1914286055],[8962756.668571472,2150371.6685714647],[8961532.320000045,2152060.0057143196]]],[[[7948668.808571473,2671503.131428607],[7942223.745714329,2669081.562857177],[7944584.9771429,2665677.16571432],[7951914.2200000435,2668608.820000034],[7948668.808571473,2671503.131428607]]],[[[7624053.9771429,2977952.3600000367],[7625268.614285752,2986421.7885714658],[7622537.594285756,2984557.55428575],[7621885.762857184,2980501.7000000365],[7624053.9771429,2977952.3600000367]]],[[[8189884.848571472,2621533.6628571786],[8188539.965714328,2619903.914285749],[8191462.917142898,2613027.637142893],[8195930.965714328,2613202.840000037],[8191596.351428613,2620770.457142893],[8189884.848571472,2621533.6628571786]]],[[[8352435.505714327,2551561.5314286053],[8347553.457142897,2549690.6600000337],[8348127.437142901,2543746.182857178],[8352726.42857147,2545480.828571465],[8352435.505714327,2551561.5314286053]]],[[[8677536.93428576,2221983.21428575],[8676245.70571433,2219674.9971428923],[8668072.771428615,2217156.3828571774],[8670297.082857184,2213086.9200000353],[8676319.857142903,2218538.9685714617],[8677536.93428576,2221983.21428575]]],[[[8673231.662857182,2214305.897142891],[8669865.554285757,2212254.1571428925],[8671229.097142898,2208170.065714322],[8674836.534285754,2205531.2228571773],[8676610.74571433,2211645.2800000347],[8673231.662857182,2214305.897142891]]],[[[8886584.648571469,2105884.5342857502],[8895994.588571474,2088694.3228571787],[8897023.831428617,2092735.5428571776],[8893056.265714325,2094710.3057143204],[8889642.637142897,2103575.1542857476],[8886584.648571469,2105884.5342857502]]],[[[8091226.888571471,2612836.1857143193],[8088917.040000044,2609017.294285748],[8090010.222857185,2603145.337142892],[8094360.8371429,2606015.594285749],[8091226.888571471,2612836.1857143193]]],[[[8769580.717142902,2039985.0485714637],[8763573.057142898,2032768.1228571795],[8764930.6171429,2029029.7342857495],[8769665.2971429,2033841.4257143214],[8769580.717142902,2039985.0485714637]]],[[[8596298.825714327,2352430.748571463],[8592537.822857186,2346979.331428606],[8595582.34571433,2342934.5057143196],[8598694.917142898,2350586.520000037],[8596298.825714327,2352430.748571463]]],[[[8738284.93428576,2247740.134285748],[8735949.945714325,2239085.6085714623],[8738902.645714328,2236448.020000037],[8741977.334285758,2240630.6857143193],[8738284.93428576,2247740.134285748]]],[[[8290546.425714329,2627127.7114286087],[8286478.277142897,2623224.3057143204],[8289636.948571473,2616539.6542857513],[8294442.054285757,2621398.94285718],[8290693.02571433,2624069.7800000347],[8290546.425714329,2627127.7114286087]]],[[[8256373.291428611,2547039.3000000343],[8251721.991428614,2545401.3514286056],[8247469.791428611,2538109.8885714635],[8249567.500000045,2535635.588571463],[8254665.911428615,2540250.134285748],[8256373.291428611,2547039.3000000343]]],[[[8359208.7200000435,2568863.9971428923],[8348889.828571469,2563819.991428606],[8351126.582857184,2559738.9000000358],[8355920.5657143295,2560067.2400000356],[8358290.082857184,2563613.8600000367],[8359208.7200000435,2568863.9971428923]]],[[[8018024.24857147,2643179.6085714623],[8011346.057142898,2639136.5428571776],[8015057.251428612,2635088.8914286084],[8023122.762857184,2637825.05428575],[8018586.911428615,2640072.131428607],[8018024.24857147,2643179.6085714623]]],[[[8457921.762857184,2539301.3457143195],[8453976.148571469,2535913.528571464],[8454788.082857184,2531261.905714322],[8458411.20000004,2529266.068571463],[8462876.754285753,2534386.3914286084],[8460837.708571471,2538883.257142894],[8457921.762857184,2539301.3457143195]]],[[[7908859.20571433,2761035.0314286053],[7904041.231428616,2760666.828571465],[7902880.194285758,2757282.9000000358],[7904314.0200000405,2753385.571428608],[7907569.017142899,2752005.6085714623],[7911966.002857186,2755044.7885714658],[7908859.20571433,2761035.0314286053]]],[[[8550418.328571469,2457975.0142857507],[8548877.965714328,2450146.365714323],[8547063.037142903,2449136.5142857507],[8548402.005714327,2442198.1571428925],[8552768.277142897,2441161.905714322],[8553301.56857147,2447896.8114286065],[8550418.328571469,2457975.0142857507]]],[[[7973420.545714326,2710123.174285751],[7968873.080000043,2709900.8228571787],[7967473.077142902,2700735.648571465],[7975517.991428614,2702647.828571465],[7977323.580000043,2706311.3542857505],[7973420.545714326,2710123.174285751]]],[[[8028634.902857184,2647825.760000035],[8023143.077142902,2647233.4600000344],[8021762.437142901,2644675.3428571783],[8025691.2200000435,2637588.291428607],[8030232.114285752,2640154.802857179],[8033176.554285757,2647788.0771428943],[8028634.902857184,2647825.760000035]]],[[[8611961.577142902,2338006.988571465],[8606031.414285757,2329498.6857143193],[8605598.234285757,2323453.677142892],[8612412.182857186,2324076.908571463],[8614099.100000039,2328054.6628571786],[8611961.577142902,2338006.988571465]]],[[[8436114.242857188,2575204.7342857495],[8433104.780000038,2572873.094285749],[8425654.225714326,2570019.5114286058],[8426485.708571471,2564403.757142894],[8436930.040000044,2566366.8485714644],[8434961.314285755,2571152.594285749],[8436114.242857188,2575204.7342857495]]],[[[8768773.988571472,2029714.3114286065],[8760761.557142898,2019241.1485714652],[8762287.111428611,2017001.3200000338],[8767276.202857189,2017184.868571464],[8776689.485714331,2020918.8771428913],[8775335.931428611,2024494.8628571779],[8771807.74000004,2025146.3800000362],[8768773.988571472,2029714.3114286065]]],[[[8884807.29142861,2102488.9342857487],[8885576.005714327,2097285.7714286074],[8888269.182857186,2091638.3000000343],[8886988.648571469,2089465.7257143222],[8888992.597142898,2076560.3914286047],[8887268.805714332,2072261.0542857498],[8888243.145714328,2067166.8971428908],[8894198.871428616,2070081.1657143198],[8892445.70571433,2082915.062857177],[8887633.991428614,2098209.5457143188],[8884807.29142861,2102488.9342857487]]],[[[7882321.548571467,2804606.6542857513],[7877229.480000041,2803857.480000034],[7874762.925714329,2799967.217142891],[7874615.38000004,2794923.362857178],[7878902.582857184,2795268.674285751],[7885884.731428616,2791728.568571463],[7889360.740000039,2793166.1514286064],[7887341.7200000435,2801683.8971428946],[7882321.548571467,2804606.6542857513]]],[[[7966653.968571469,2673398.8171428926],[7959153.068571471,2668061.7000000365],[7956068.4428571835,2668592.2371428944],[7953386.094285756,2663939.674285751],[7955598.722857185,2661582.8600000367],[7969222.305714324,2663878.8000000343],[7970954.162857182,2671448.7057143226],[7966653.968571469,2673398.8171428926]]],[[[7900246.005714327,2776738.21428575],[7895372.97142861,2776268.594285749],[7894507.891428612,2768185.3914286084],[7892177.668571472,2761638.1914286055],[7895573.514285758,2760150.171428606],[7903008.725714326,2763240.8000000343],[7906598.5200000405,2762701.3771428913],[7908257.237142898,2765721.3600000367],[7902316.260000043,2767370.902857177],[7901518.874285758,2775871.480000034],[7900246.005714327,2776738.21428575]]],[[[7887353.5885714665,2776905.260000035],[7885118.051428616,2776665.0485714637],[7883596.348571472,2770941.0342857502],[7880099.122857183,2772505.142857179],[7878984.734285757,2768036.597142894],[7887623.240000039,2761233.9657143205],[7892518.242857181,2764362.7314286083],[7894317.271428615,2771345.6142857485],[7892570.38571433,2775391.5342857502],[7887353.5885714665,2776905.260000035]]],[[[7967955.054285757,2688152.6457143202],[7965324.174285755,2685519.0028571784],[7961877.360000044,2686480.8942857496],[7952839.577142902,2685002.140000034],[7953188.182857186,2680862.951428607],[7962689.5657143295,2676778.137142893],[7964788.914285757,2678540.9000000358],[7978511.688571468,2682889.44285718],[7974579.562857181,2686598.562857177],[7971253.97142861,2684800.140000034],[7967955.054285757,2688152.6457143202]]],[[[7998101.202857181,2662495.0828571767],[7996128.420000039,2657186.785714321],[7997038.754285753,2652926.794285748],[7994869.9428571835,2648231.8914286084],[7998987.194285758,2645658.025714323],[8008745.8371429,2646974.088571463],[8010062.480000041,2651219.411428608],[8009418.674285755,2658042.3885714635],[8003594.802857183,2657680.7228571773],[7998101.202857181,2662495.0828571767]]],[[[8736626.091428615,2267178.3942857496],[8730696.054285757,2259078.5742857493],[8732388.822857186,2255518.9000000358],[8730060.742857188,2248263.7400000356],[8723400.660000041,2249705.440000035],[8718941.882857189,2246834.5114286058],[8726631.808571473,2242988.1885714643],[8728575.500000045,2239522.2657143213],[8733320.545714326,2243617.7028571777],[8732263.671428613,2248147.1171428934],[8738232.925714329,2254016.302857179],[8740635.822857186,2260819.2371428907],[8736626.091428615,2267178.3942857496]]],[[[8889222.191428617,2175548.1628571786],[8882230.211428612,2163739.140000034],[8874683.02571433,2163047.9342857487],[8867354.1571429,2155554.7314286046],[8872041.11428576,2152026.6514286064],[8875609.914285757,2151731.565714322],[8885306.365714327,2159523.5457143225],[8891252.582857184,2160681.1514286064],[8894583.868571468,2164910.248571463],[8889122.940000042,2172580.451428607],[8889222.191428617,2175548.1628571786]]],[[[8757488.042857185,2293896.5314286053],[8753825.577142902,2291804.3428571783],[8753214.61428576,2287758.522857178],[8748927.662857182,2285407.757142894],[8748851.482857183,2278988.7285714634],[8752761.454285756,2274687.974285748],[8754940.52000004,2269822.7742857486],[8757627.785714328,2269721.3228571787],[8758941.602857187,2275594.754285749],[8765210.031428613,2281744.5428571776],[8765931.014285758,2289504.457142893],[8757488.042857185,2293896.5314286053]]],[[[7945084.354285754,2728079.2771428935],[7943783.734285757,2726352.2228571773],[7936437.551428616,2723645.680000037],[7937992.345714331,2720008.7057143226],[7934503.122857183,2716901.751428608],[7934541.351428613,2712925.0400000364],[7937870.202857181,2709042.414285749],[7939919.400000043,2701075.8485714644],[7947492.7971429005,2697059.0457143225],[7954438.614285752,2695990.7314286083],[7959278.522857182,2693980.9657143205],[7958344.137142897,2702220.9742857516],[7952409.4428571835,2711979.0485714637],[7945791.4342857525,2710293.8771428913],[7942978.637142897,2713169.8771428913],[7943714.457142897,2716417.5771428943],[7948559.177142896,2717104.8571428917],[7948377.577142902,2720793.2742857486],[7945330.140000038,2721935.71428575],[7945084.354285754,2728079.2771428935]]],[[[8567943.482857183,2412706.131428607],[8564407.70571433,2412046.4342857487],[8559108.574285753,2407604.991428606],[8558965.642857186,2404969.828571465],[8553654.908571474,2404781.1114286073],[8551788.877142899,2402003.6228571795],[8554936.662857182,2396743.2457143217],[8554953.911428615,2393133.0114286058],[8547827.220000044,2388968.8914286084],[8542482.320000045,2391722.4257143214],[8541363.931428611,2397793.8600000367],[8537304.585714325,2398820.9971428923],[8532529.257142901,2384696.0028571784],[8527015.948571473,2377372.605714321],[8524840.594285756,2371245.291428607],[8521868.237142898,2366762.211428605],[8519090.757142901,2359164.7714286074],[8516787.308571473,2358623.5371428914],[8509282.211428612,2345829.5742857493],[8507495.908571474,2340648.248571463],[8508964.274285756,2334628.640000034],[8507583.168571472,2330233.3228571787],[8510003.351428613,2324917.7057143226],[8513784.911428615,2321505.3485714644],[8511529.882857189,2317051.988571465],[8513867.302857183,2302949.7828571796],[8511219.111428611,2299294.742857177],[8512304.011428617,2295996.3228571787],[8516685.508571468,2290659.097142894],[8517669.620000042,2287448.748571463],[8516062.497142896,2274813.551428605],[8513975.02571433,2270265.82571432],[8507382.777142897,2262360.8485714644],[8504464.120000042,2262074.220000036],[8502497.29142861,2258186.3600000367],[8509982.908571474,2257588.0314286053],[8514069.054285757,2252068.1228571795],[8510385.000000045,2248644.3771428913],[8513428.094285756,2241910.362857178],[8511429.354285754,2233435.5000000335],[8514010.368571468,2220192.3428571783],[8515310.734285757,2219070.951428607],[8518414.420000039,2205726.9314286076],[8520616.280000038,2199618.094285749],[8519656.642857186,2195729.637142893],[8522035.540000044,2179645.991428606],[8522185.342857182,2174073.8485714644],[8524191.33142861,2168703.560000036],[8522809.96857147,2165318.4714286067],[8534275.051428616,2162458.440000035],[8529910.694285758,2158883.0114286058],[8527402.480000041,2161742.991428606],[8523581.70000004,2158307.9685714617],[8525969.262857184,2153589.671428606],[8525131.900000043,2144850.3057143204],[8527314.145714328,2138018.560000036],[8531657.78857147,2132543.0314286053],[8541058.174285755,2127140.5857143216],[8532360.194285758,2127558.397142891],[8530100.877142899,2125678.365714319],[8525934.594285756,2111324.105714321],[8525305.828571469,2105454.957142893],[8530593.88571433,2091244.3171428926],[8536699.342857182,2087894.6142857485],[8538921.28857147,2089808.5257143192],[8546821.4771429,2091018.9771428928],[8549798.548571467,2092612.3142857477],[8552646.697142899,2090453.4400000349],[8545502.425714329,2086359.2714286074],[8546525.577142902,2078863.7942857482],[8548981.900000043,2073082.8285714649],[8542096.52000004,2070462.7028571777],[8538160.085714325,2066164.32571432],[8532494.202857181,2073921.7314286046],[8529773.905714326,2070327.32571432],[8532031.305714324,2057546.6600000337],[8530644.100000039,2055383.3400000334],[8533955.34571433,2049031.5857143216],[8535511.197142899,2041435.7571428902],[8534758.980000041,2032636.128571462],[8536643.894285753,2017702.1914286055],[8540732.242857188,2015476.171428606],[8541814.731428616,2004675.7657143213],[8531544.962857187,2000222.062857177],[8524140.637142897,2000113.5371428914],[8521130.182857186,2003569.9657143205],[8522315.862857185,2010296.7428571768],[8513756.828571469,1996210.1171428934],[8511440.111428611,1990139.8285714649],[8510386.662857182,1981769.5542857498],[8512647.720000044,1975561.6857143193],[8520681.808571473,1986494.3371428922],[8524267.942857184,1989982.9771428928],[8530090.47142861,1991129.6571428925],[8539495.211428612,1999462.6600000337],[8541698.74857147,2003846.4742857479],[8551157.43428576,2007648.331428606],[8560065.5171429,2009611.142857179],[8563901.474285759,2008066.2942857482],[8565559.225714326,2004019.7571428902],[8556797.860000044,1992002.6057143211],[8554529.742857188,1986268.331428606],[8556139.482857183,1983116.2428571768],[8552279.1171429,1972054.9200000353],[8550781.871428616,1962907.5485714637],[8549079.900000043,1959822.6085714623],[8548609.02571433,1953033.565714322],[8543351.93428576,1946094.0057143196],[8536941.274285756,1930499.7600000352],[8536806.685714327,1922916.1914286055],[8532782.817142896,1917595.8828571774],[8532977.900000043,1914660.2771428935],[8542273.720000044,1910780.2685714625],[8544528.785714328,1906217.6885714643],[8549442.302857183,1902776.565714322],[8550382.894285753,1898602.1828571782],[8555614.062857188,1891429.8885714635],[8557250.742857188,1893332.6057143211],[8563274.1171429,1892115.522857178],[8574895.931428611,1896516.5914286077],[8583273.182857186,1905169.5800000355],[8589622.251428612,1908101.4942857474],[8596705.7971429,1916000.2742857486],[8599882.440000042,1916341.2628571764],[8603753.56857147,1923275.0514286049],[8612264.462857187,1927754.402857177],[8612481.217142902,1933369.5428571776],[8614538.265714325,1937218.9200000353],[8617612.28857147,1934909.748571463],[8622790.611428611,1935641.642857179],[8629228.29428576,1944209.0342857502],[8641953.271428615,1948119.1857143193],[8653192.854285754,1949377.248571463],[8658682.720000044,1953788.2771428935],[8666977.414285757,1956359.9485714622],[8667117.654285759,1958907.2257143222],[8674855.042857185,1962210.1457143202],[8681872.945714325,1969204.0542857498],[8685234.10857147,1963174.2342857495],[8693343.6571429,1969301.3371428922],[8694285.737142898,1975230.1400000341],[8699073.094285756,1969879.908571463],[8703111.594285756,1972186.8428571783],[8706103.405714326,1976475.7285714634],[8712947.465714328,1976897.2285714634],[8723149.24571433,1979240.71428575],[8726334.828571469,1984312.0085714646],[8728616.225714326,1991980.9771428928],[8731934.737142898,1995544.8885714635],[8746155.765714325,2002383.9142857492],[8748450.188571468,2006905.4200000353],[8754758.122857183,2011825.7771428935],[8757099.888571471,2017287.0885714628],[8753548.942857184,2023000.8771428913],[8759649.822857186,2023355.8857143223],[8762405.720000044,2030820.2428571768],[8761337.051428616,2032396.7771428935],[8766476.20000004,2036598.8142857477],[8768545.260000043,2040265.3771428913],[8772845.125714324,2040501.9285714626],[8773783.5171429,2036973.4371428937],[8771378.505714327,2031691.4628571793],[8771919.080000043,2025678.5457143188],[8779873.585714325,2023177.82571432],[8774702.097142898,2012856.9600000344],[8765285.537142903,2002862.5142857507],[8767884.722857185,2000020.0800000355],[8771544.777142897,2000052.8971428908],[8774336.980000041,2006080.7171428911],[8778095.322857186,2008614.7171428911],[8778648.331428617,2013129.9685714617],[8782784.131428614,2016625.6542857476],[8783386.594285756,2020959.1514286064],[8787076.354285754,2020294.6485714652],[8788085.940000042,2011264.9771428928],[8794245.405714326,2012402.057142891],[8798936.511428617,2021264.8171428926],[8802818.697142899,2019142.0771428905],[8808157.045714326,2019038.0800000355],[8807983.645714328,2022080.3114286065],[8814179.042857185,2027398.6914286055],[8815243.082857184,2031313.0457143188],[8811567.431428611,2038193.3828571774],[8806995.242857188,2039541.1600000337],[8803018.602857187,2047939.2742857486],[8803785.800000042,2052161.5057143196],[8808913.545714326,2048354.3914286047],[8819679.054285757,2053156.1085714623],[8822881.000000045,2055959.8428571783],[8824909.702857189,2051821.9200000353],[8828593.102857187,2051820.5428571776],[8836161.11428576,2058823.3828571774],[8840673.768571474,2067864.137142893],[8847174.900000043,2060842.488571465],[8843102.168571472,2052053.37428575],[8834749.6171429,2044002.908571463],[8831565.920000039,2039457.1571428925],[8828967.817142896,2029344.831428606],[8834866.437142901,2014671.565714322],[8833240.097142898,2006744.0400000364],[8830147.820000045,2000721.9971428923],[8829169.3371429,1993912.9257143214],[8826275.014285758,1988738.1657143198],[8818979.260000043,1982099.365714319],[8814797.208571471,1980048.8142857477],[8814287.605714329,1976028.0285714641],[8811578.06857147,1973829.7771428935],[8809042.685714327,1960582.5542857498],[8810351.540000044,1956932.6800000332],[8814378.225714326,1953476.2028571777],[8826497.634285755,1954851.0914286077],[8834605.29142861,1960026.137142893],[8837325.860000044,1964323.488571465],[8839154.300000042,1970860.2771428935],[8842835.408571474,1972436.9285714626],[8848165.514285758,1970764.4371428937],[8854597.071428612,1974942.8057143204],[8854003.557142898,1976734.2085714638],[8858530.70000004,1981540.1114286073],[8860119.508571468,1986492.8828571774],[8857369.842857182,1997533.6742857508],[8860991.405714326,2002918.87428575],[8860819.191428617,2008483.1057143211],[8857069.505714327,2013313.6114286073],[8858798.462857187,2019159.565714322],[8854241.634285755,2019620.5142857507],[8854311.085714325,2029314.8485714644],[8856488.300000042,2032636.6657143198],[8855876.285714328,2036692.7257143222],[8857108.628571473,2047960.7085714638],[8866420.7971429,2046739.6885714643],[8870883.620000042,2054200.982857179],[8873691.857142903,2052491.6228571795],[8876943.762857184,2055110.6742857508],[8877989.202857189,2062506.1600000337],[8880530.7971429,2063836.6314286068],[8881391.38000004,2069554.1885714643],[8875413.691428617,2071433.8142857477],[8876451.622857183,2076341.6600000337],[8874893.800000042,2085319.2657143213],[8872421.06857147,2109775.6942857504],[8869568.162857182,2115899.600000035],[8870655.982857183,2117432.9000000358],[8889430.474285759,2116086.7800000347],[8896459.4771429,2108013.862857178],[8902392.111428611,2105220.3457143195],[8909068.854285754,2095871.2314286046],[8910548.171428613,2089687.8828571774],[8919309.522857182,2089763.5542857498],[8915540.854285754,2083425.4400000349],[8920708.960000046,2082467.7942857482],[8918940.905714326,2075036.8400000334],[8916777.134285755,2072637.4742857479],[8920323.56857147,2064313.7457143217],[8920350.342857182,2060998.402857177],[8923724.1571429,2051569.8371428922],[8924880.137142897,2040574.5800000355],[8929997.528571472,2025692.5285714641],[8933329.900000043,2022206.21428575],[8940539.042857185,2022072.062857177],[8944741.111428611,2026417.4200000353],[8947041.728571475,2032445.4485714622],[8948111.425714329,2039642.5000000335],[8946915.634285755,2045565.5714286044],[8948103.080000043,2051617.4400000349],[8946998.820000045,2057122.4942857474],[8949592.545714326,2061317.865714319],[8948106.725714326,2068953.291428607],[8951090.860000044,2070446.1571428925],[8949064.197142899,2078890.1971428916],[8954330.828571469,2080519.8400000334],[8955833.74857147,2070205.3171428926],[8958105.308571473,2068921.902857177],[8957401.308571473,2060511.3714286052],[8964056.085714325,2059814.8285714649],[8968397.74857147,2057325.0257143192],[8967187.951428615,2052038.1800000332],[8967599.120000042,2044456.7371428907],[8969559.74857147,2040054.8514286056],[8975311.3371429,2039092.4714286067],[8975189.540000044,2034794.248571463],[8977832.028571472,2031002.5285714641],[8982441.211428612,2027724.5914286077],[8986204.56857147,2027212.6514286064],[8989663.42857147,2030109.8514286056],[8991336.134285755,2044156.5257143192],[8992510.394285753,2046915.0485714637],[9002049.202857189,2047894.5257143192],[9008101.502857186,2045152.1742857508],[9011235.511428617,2046557.562857177],[9015324.902857184,2051785.5342857502],[9012372.951428615,2063373.9542857483],[9015015.965714328,2071168.2600000352],[9010329.671428613,2079401.0085714646],[9008800.762857184,2086873.3600000367],[9004747.771428615,2092618.9000000358],[9002944.985714331,2101562.522857178],[9000269.88571433,2099819.140000034],[8998074.440000042,2108555.8428571783],[8990918.237142898,2121217.588571463],[8993462.680000044,2125489.4685714617],[8993637.482857183,2129684.9542857483],[8990813.56571433,2136417.174285751],[8991487.554285757,2143102.100000035],[8987009.957142897,2143870.517142892],[8989070.545714326,2149660.0742857493],[8986147.320000045,2152712.71428575],[8982753.557142898,2151846.785714321],[8980991.274285756,2157631.5800000355],[8977732.768571474,2162473.905714322],[8972663.38000004,2161717.6085714623],[8972246.488571472,2165101.251428608],[8967264.234285757,2170234.8057143204],[8963975.040000044,2168504.677142892],[8958695.400000043,2170347.8857143223],[8963127.897142902,2158185.87428575],[8966675.765714325,2152104.788571462],[8968422.774285756,2141867.3428571783],[8966678.902857184,2139150.9200000353],[8962869.062857188,2127814.7742857486],[8963103.682857186,2124653.3828571774],[8954656.06857147,2121010.940000035],[8952916.902857184,2129173.480000034],[8944619.02000004,2129949.020000033],[8941418.577142902,2133450.862857178],[8944343.774285756,2139678.380000036],[8941397.765714325,2146614.8600000367],[8938307.637142897,2149897.0000000335],[8937568.611428611,2155702.4342857487],[8939231.760000043,2160599.48571432],[8938317.425714329,2166443.594285749],[8934287.5171429,2172169.977142893],[8935728.045714326,2178724.9971428923],[8932663.448571473,2184271.640000034],[8932875.534285754,2191294.708571464],[8936769.534285754,2194427.7628571764],[8928336.602857187,2198739.2457143217],[8925873.320000045,2196113.3514286056],[8928374.894285753,2187229.3914286047],[8925089.028571472,2178438.5314286053],[8919408.645714328,2177900.594285749],[8917305.445714325,2170271.902857177],[8915083.24000004,2166809.131428607],[8917924.362857185,2152586.974285748],[8916633.300000042,2148190.21428575],[8919688.75428576,2137624.945714321],[8918904.594285756,2135244.6685714647],[8923903.314285755,2131500.974285748],[8923563.354285754,2126819.0400000364],[8925937.500000045,2125362.371428605],[8927047.11428576,2118706.648571465],[8930180.242857188,2112763.1628571786],[8925642.891428612,2111222.720000036],[8923251.851428613,2112905.5028571784],[8917262.282857187,2110117.051428605],[8901251.237142898,2116765.528571464],[8898195.594285756,2120726.794285748],[8899197.988571472,2124670.220000036],[8898505.282857187,2135009.880000036],[8896409.20571433,2138593.4371428937],[8896615.094285756,2143967.8171428926],[8894623.045714326,2153621.6228571795],[8890826.868571468,2153934.9314286076],[8884284.871428616,2144937.1542857476],[8883037.800000042,2146692.6971428916],[8888223.8371429,2154201.4285714626],[8886336.88571433,2157437.2685714625],[8871128.422857188,2147486.088571463],[8868648.25428576,2152316.0742857493],[8865238.128571473,2153656.6200000346],[8860498.760000043,2159939.6228571795],[8866468.717142902,2162147.32571432],[8870388.1171429,2161145.1142857485],[8876033.091428615,2165838.8457143195],[8879966.037142903,2164745.8514286056],[8883441.411428615,2168526.3000000343],[8885194.685714327,2177099.368571464],[8887423.70000004,2180050.1857143193],[8890627.228571475,2190318.897142891],[8888244.760000043,2197414.820000034],[8890952.102857187,2201315.2400000356],[8898859.854285754,2202841.705714319],[8897982.882857189,2206316.097142894],[8901634.048571467,2213012.4342857487],[8901054.611428611,2219333.637142893],[8897187.585714325,2223063.5800000355],[8899004.474285759,2229718.1885714643],[8895137.811428614,2235506.6114286073],[8890858.897142902,2238030.368571464],[8884963.322857186,2238163.8400000334],[8885185.714285754,2226671.948571462],[8882610.334285758,2215700.448571462],[8876313.84571433,2220150.9000000358],[8873088.668571472,2220511.1542857476],[8867293.937142901,2215805.788571462],[8867652.545714326,2211077.3914286047],[8870135.131428614,2209586.334285751],[8870731.600000039,2201904.6457143202],[8872242.820000045,2198805.4714286067],[8869256.391428612,2196392.600000035],[8863462.10857147,2197199.9000000358],[8859263.148571469,2201365.717142891],[8857143.997142896,2197556.445714321],[8855614.251428612,2189760.3114286065],[8851715.274285756,2187541.6142857485],[8846594.368571468,2173271.4657143205],[8841750.577142902,2171262.5428571776],[8841046.574285753,2162994.177142892],[8837630.325714327,2166302.4171428904],[8838729.322857186,2172306.5771428905],[8844768.228571475,2174592.9942857474],[8847884.545714326,2186118.525714319],[8854138.465714328,2194248.4257143214],[8851773.508571468,2199567.334285751],[8844408.014285758,2197768.8400000334],[8848896.440000042,2207821.0142857507],[8853126.728571475,2214018.2342857495],[8850400.328571469,2216250.1885714643],[8848572.488571472,2210266.942857176],[8839961.242857188,2212342.491428606],[8838514.085714325,2208922.602857176],[8830440.38571433,2207827.837142892],[8832533.702857189,2212656.6171428934],[8829238.974285759,2213291.6200000346],[8832309.691428617,2220236.837142892],[8823647.20571433,2217658.2685714625],[8822084.622857183,2212343.7628571764],[8811146.677142903,2199373.631428607],[8811507.905714326,2207147.2771428935],[8819420.854285754,2214343.3571428917],[8820539.242857188,2218588.4342857487],[8818264.891428612,2223734.674285751],[8823505.1171429,2227651.3857143223],[8820484.902857184,2233428.1142857485],[8824142.70000004,2237923.448571462],[8823299.765714325,2240768.408571463],[8826454.145714328,2245470.785714321],[8831490.071428612,2249102.220000036],[8826146.531428613,2256228.982857179],[8827896.262857184,2261927.7371428907],[8824962.905714326,2265323.302857179],[8826629.128571473,2271907.242857177],[8822308.74000004,2275112.868571464],[8818377.897142902,2273324.2628571764],[8813018.602857187,2273957.9257143214],[8808173.874285758,2271991.1085714623],[8807180.480000041,2275764.600000035],[8798011.474285759,2274914.068571463],[8792505.074285753,2272888.751428608],[8789313.094285756,2273759.988571465],[8779560.47142861,2271977.065714322],[8775651.808571473,2270252.4342857487],[8772613.228571475,2265421.2000000365],[8769970.75428576,2256277.2314286083],[8760813.554285757,2253249.4657143205],[8760085.125714324,2248364.411428608],[8762866.825714327,2243314.3057143204],[8760132.842857182,2240721.791428607],[8755644.308571473,2245512.628571462],[8756069.000000045,2248420.2400000356],[8750239.222857185,2252305.017142892],[8744990.877142899,2260550.457142893],[8742989.5171429,2257038.751428608],[8743336.480000041,2246875.3400000334],[8744646.142857186,2236052.720000036],[8739765.851428613,2230236.980000034],[8742847.317142896,2224910.7742857486],[8737822.61428576,2220938.3828571774],[8732608.682857186,2219423.291428607],[8731247.557142898,2214803.705714319],[8726849.402857184,2213730.974285748],[8721980.457142897,2205810.1228571795],[8718476.522857182,2194423.8514286056],[8719622.300000042,2189476.4314286076],[8715358.022857182,2189555.5085714646],[8716489.46857147,2197781.7714286074],[8718488.900000043,2203264.9628571793],[8712986.225714326,2211205.557142891],[8713453.914285757,2216264.6600000337],[8711216.011428617,2229014.331428606],[8706007.711428612,2233320.017142892],[8702575.908571474,2229225.0371428914],[8697116.822857186,2225925.8514286056],[8703471.757142901,2221320.334285751],[8709171.037142903,2215438.562857177],[8702519.451428615,2212056.991428606],[8697597.582857184,2213440.0314286053],[8694439.702857181,2220363.9342857487],[8691011.891428612,2216410.9257143214],[8692508.920000039,2212536.5114286058],[8687806.714285754,2206779.062857177],[8683657.511428617,2207689.482857179],[8683203.545714326,2199415.802857179],[8668620.440000042,2205540.32571432],[8665179.888571471,2205248.3914286047],[8664130.940000042,2201396.365714319],[8658214.785714328,2196157.334285751],[8656821.52000004,2187096.060000036],[8653941.714285754,2184705.8542857505],[8653854.857142903,2194255.720000036],[8658895.308571473,2200639.260000035],[8661234.120000042,2207685.6457143202],[8655377.642857186,2210257.140000034],[8656496.460000046,2218186.66571432],[8651446.125714324,2217816.911428608],[8650688.422857188,2214369.0400000364],[8643308.460000046,2214998.2000000365],[8645803.854285754,2221565.291428607],[8648267.24571433,2224132.102857176],[8649254.451428615,2229514.025714319],[8656703.300000042,2239258.0457143225],[8659690.834285758,2251989.3828571774],[8662480.211428612,2254263.7828571796],[8662052.52000004,2259601.3228571787],[8656149.420000039,2261714.565714322],[8653777.38000004,2254908.1114286073],[8648139.362857185,2252061.2828571796],[8649095.622857183,2248895.3542857505],[8647201.917142898,2244703.517142892],[8637095.445714325,2246486.337142892],[8636745.000000045,2248252.7400000356],[8630169.082857184,2249655.251428608],[8624734.191428617,2245831.2342857495],[8621949.094285756,2240780.242857177],[8618972.06000004,2242924.445714321],[8618947.65142861,2246714.2400000356],[8614160.722857185,2250813.9285714626],[8609228.145714328,2252081.3542857505],[8607355.754285753,2246250.480000034],[8606227.591428615,2233663.7657143213],[8606946.177142896,2216355.3857143223],[8605084.420000039,2216182.8542857505],[8601541.902857184,2202490.680000033],[8602732.411428615,2195973.148571465],[8601758.522857182,2188810.4200000353],[8602734.751428612,2179855.482857179],[8600175.145714328,2176636.6171428934],[8598078.640000045,2185268.320000034],[8592305.06000004,2188343.3542857505],[8590118.105714329,2191545.9285714626],[8591244.84000004,2198072.368571464],[8590412.457142897,2203121.474285748],[8586794.751428612,2211258.488571465],[8582858.182857186,2211668.831428606],[8581191.431428611,2217015.3857143223],[8583710.622857183,2231944.448571462],[8584118.368571468,2243687.6171428934],[8580303.377142899,2266405.028571464],[8581962.222857185,2272900.2342857495],[8581020.620000042,2276668.1685714647],[8581746.571428612,2285178.7457143217],[8578656.988571472,2292411.6514286064],[8582767.222857185,2298042.088571463],[8581775.908571474,2302345.1228571795],[8576989.834285758,2301486.751428608],[8573763.848571472,2305445.408571463],[8571671.06857147,2312466.982857179],[8567174.668571472,2317504.5057143196],[8569174.92857147,2321075.337142892],[8573292.005714327,2310374.6228571795],[8580132.154285759,2307731.602857176],[8579737.65142861,2315326.2314286083],[8580939.442857184,2318561.98571432],[8579839.751428612,2324383.1942857504],[8581352.134285755,2331867.8057143204],[8583724.991428614,2335928.8885714635],[8578721.897142902,2344945.182857178],[8579553.254285753,2354842.254285749],[8572645.10857147,2365122.8942857496],[8568994.84000004,2364740.171428606],[8562368.860000044,2361309.285714321],[8561644.865714327,2353488.44285718],[8557889.70571433,2352704.408571463],[8550162.61428576,2363371.8428571783],[8544320.488571472,2362903.948571462],[8543346.605714329,2368413.5914286077],[8548294.351428613,2369159.862857178],[8556292.088571474,2372998.6942857504],[8559458.828571469,2376306.7714286074],[8564446.10857147,2376575.520000037],[8573400.454285756,2379976.717142891],[8573379.762857184,2383578.102857176],[8575916.78857147,2391111.3142857477],[8572064.417142898,2400256.105714321],[8571307.805714324,2404851.940000035],[8567943.482857183,2412706.131428607]]],[[[8479599.142857186,2335321.6542857513],[8485962.722857185,2339326.980000034],[8487872.374285758,2343435.9257143214],[8485280.777142897,2346208.9000000358],[8492678.654285759,2352197.8885714635],[8491955.84000004,2360606.680000037],[8493574.474285759,2364255.402857177],[8491135.368571468,2370202.720000036],[8495874.082857184,2374243.2828571796],[8499413.271428615,2380820.988571465],[8500654.980000041,2388907.6514286064],[8502759.088571474,2390218.631428607],[8510744.237142898,2403225.2057143226],[8511890.768571474,2411737.0800000355],[8516326.545714326,2421452.440000035],[8518349.202857181,2429640.7742857486],[8514862.954285756,2433376.9714286067],[8520037.914285757,2439219.2400000356],[8517760.585714325,2445625.1514286064],[8522119.691428617,2448281.725714322],[8519956.085714325,2453095.10285718],[8511140.300000042,2457601.677142892],[8518580.074285753,2461231.7285714634],[8515217.29428576,2463857.5000000335],[8509105.465714328,2461574.6971428916],[8507544.854285754,2465682.517142892],[8496084.482857183,2464434.337142892],[8502990.414285757,2469664.6171428934],[8504085.348571472,2473596.4714286067],[8509588.697142899,2476717.2628571764],[8504703.88571433,2484903.7285714634],[8498290.408571474,2483021.257142894],[8493029.265714325,2484549.174285751],[8488943.360000044,2483920.6114286073],[8481400.47142861,2477488.2314286083],[8475581.06000004,2478740.3114286065],[8478630.20571433,2484618.291428607],[8483271.300000042,2485704.0742857493],[8481743.365714327,2493074.260000035],[8487671.420000039,2495203.9342857487],[8483475.034285754,2501696.44285718],[8478546.188571468,2500765.020000037],[8473458.325714327,2495633.32571432],[8467192.822857186,2496610.0314286053],[8464658.771428615,2498844.528571464],[8456372.722857185,2499352.1628571786],[8464549.654285759,2504510.7771428935],[8462873.077142902,2506266.4657143205],[8471365.371428616,2514145.840000037],[8468863.040000044,2518952.897142891],[8462233.06571433,2521756.7685714625],[8460195.162857182,2523981.820000034],[8452493.24857147,2522670.480000034],[8454651.814285755,2528883.7285714634],[8453429.1571429,2536455.1171428934],[8457227.368571468,2544610.982857179],[8452115.571428612,2546670.1914286055],[8450461.642857186,2549880.528571464],[8450945.765714325,2555435.4257143214],[8442619.940000042,2556253.4000000358],[8441873.225714326,2558694.1257143207],[8436091.037142903,2561858.6942857504],[8424661.211428612,2561717.340000037],[8421745.994285755,2565460.4285714626],[8412997.214285754,2563670.065714322],[8405038.860000044,2566173.982857179],[8408491.874285758,2568424.677142892],[8413511.465714328,2568414.491428606],[8421725.171428613,2571902.2714286074],[8416108.054285757,2575673.440000035],[8404469.20571433,2567840.060000036],[8396568.228571467,2570269.062857177],[8393162.717142902,2566280.908571463],[8385866.834285758,2562685.8142857514],[8375428.9885714725,2563169.371428605],[8379342.254285753,2566246.414285749],[8381512.868571468,2572013.525714323],[8385492.954285756,2574658.742857177],[8382127.691428617,2579407.217142891],[8378676.425714329,2577862.285714321],[8373481.511428617,2572711.8485714644],[8372121.285714328,2567379.3571428917],[8368147.982857183,2569258.2885714658],[8366870.905714326,2563337.991428606],[8362536.52571433,2563761.9342857487],[8361836.877142899,2559277.9542857483],[8355213.4428571835,2557787.294285748],[8353006.305714324,2548172.3085714653],[8355008.402857184,2545383.337142892],[8351456.960000038,2541765.831428606],[8356486.2200000435,2536407.677142892],[8354767.411428615,2527638.251428608],[8351558.848571472,2520031.448571462],[8348739.514285758,2526348.945714321],[8345097.088571474,2527892.16571432],[8341921.531428613,2532792.48571432],[8337896.168571472,2529695.940000035],[8334936.8371429,2533965.8457143195],[8338954.0200000405,2539130.297142893],[8346315.480000041,2553234.917142894],[8343289.088571474,2553768.5914286077],[8342920.260000043,2562919.8542857505],[8339696.328571469,2561721.1514286064],[8333503.637142897,2563260.951428607],[8328916.888571471,2570182.208571464],[8322102.551428616,2571967.9314286076],[8306957.9771429,2580980.600000035],[8302869.9885714725,2584696.408571463],[8298869.702857181,2583245.6285714656],[8294979.668571472,2578568.5114286058],[8292373.782857187,2580056.631428607],[8284711.014285758,2575396.302857179],[8281308.131428614,2575502.994285751],[8279785.208571471,2572170.948571462],[8266479.0200000405,2569103.440000035],[8263025.542857185,2565218.7828571796],[8260539.557142898,2565422.445714321],[8255426.38571433,2558051.2885714658],[8251631.242857188,2556171.880000036],[8251715.842857182,2549784.9714286067],[8254166.768571474,2547225.177142892],[8262840.737142898,2548513.6142857485],[8265578.131428614,2555724.5742857493],[8273666.574285753,2559250.560000036],[8278004.714285754,2560019.880000036],[8284536.15142861,2563259.1857143193],[8285028.540000044,2560168.1914286055],[8281620.605714329,2556780.902857177],[8270701.785714328,2554718.0514286086],[8266941.228571467,2547488.457142893],[8260917.022857182,2543083.757142894],[8259219.482857183,2538159.371428605],[8255898.725714326,2536804.248571463],[8246376.068571471,2522688.028571464],[8238231.105714329,2513852.3885714635],[8239132.974285759,2508912.982857179],[8234532.742857188,2495272.9600000344],[8238845.440000042,2492642.405714322],[8241210.588571474,2488484.897142891],[8239154.2114286125,2483532.148571465],[8233879.271428615,2478626.951428607],[8225116.574285753,2476533.9000000358],[8226320.354285754,2473331.7400000356],[8222195.0657143295,2464288.905714322],[8222233.954285756,2460366.2314286083],[8218779.085714325,2452391.680000037],[8211729.102857187,2449153.905714322],[8210068.908571467,2445454.16571432],[8203769.082857184,2446019.065714322],[8200492.048571467,2442321.94285718],[8203469.754285753,2439500.8942857496],[8203513.280000038,2429782.957142893],[8201547.677142896,2419258.98571432],[8194488.0114286095,2415215.711428605],[8191844.348571472,2417968.2285714634],[8187298.4342857525,2412294.1857143193],[8182745.997142896,2413758.137142893],[8190702.634285755,2428846.6457143202],[8197979.857142895,2429829.4971428923],[8193343.308571473,2434765.788571462],[8190772.265714325,2432756.9600000344],[8186971.300000042,2435999.057142891],[8188421.422857188,2440677.32571432],[8182934.06000004,2444358.9971428923],[8180925.237142898,2451073.062857177],[8181962.034285754,2456100.10285718],[8177128.568571471,2458037.4657143205],[8181190.722857185,2461433.560000036],[8182257.940000042,2464803.088571463],[8190824.5657143295,2469133.517142892],[8187908.597142898,2474810.98571432],[8204298.165714331,2480632.9971428923],[8208369.722857185,2484443.1285714656],[8210114.0200000405,2488345.977142893],[8219621.877142899,2503705.4314286076],[8223694.040000044,2508218.3857143223],[8226732.697142899,2509009.711428605],[8229813.037142895,2513327.2657143213],[8230461.268571474,2518352.448571462],[8226632.325714327,2521758.1200000346],[8231850.771428615,2524461.4371428937],[8241182.388571471,2527513.6285714656],[8246298.528571472,2532061.220000036],[8247822.171428613,2541805.020000037],[8249690.674285755,2548348.948571462],[8248932.771428615,2555944.482857179],[8241245.145714328,2548383.8600000367],[8235831.725714326,2537034.6571428925],[8221878.128571473,2520733.977142893],[8218486.660000041,2518878.7285714634],[8212207.402857184,2512285.9342857487],[8205382.251428612,2503434.2800000347],[8193331.7114286125,2499414.791428607],[8196540.802857183,2503767.5428571776],[8202731.131428614,2505913.834285751],[8209166.682857186,2516326.565714322],[8218087.637142897,2524351.017142892],[8225817.131428614,2533735.794285748],[8230745.097142898,2534791.411428608],[8238655.057142898,2543551.5400000364],[8239226.074285753,2549021.05428575],[8247555.551428616,2557578.2771428935],[8256009.437142901,2564394.26285718],[8252748.697142899,2566632.5428571776],[8256300.9342857525,2570246.0114286058],[8252278.222857185,2576037.1200000346],[8259355.714285754,2581437.171428606],[8264321.111428611,2587171.6171428934],[8271149.268571474,2588550.062857177],[8271505.888571471,2590828.2657143213],[8278444.962857187,2592628.757142894],[8281757.771428615,2595711.371428605],[8282239.948571473,2600333.2314286083],[8284947.545714326,2604157.5485714637],[8282248.920000039,2606160.8600000367],[8288335.862857185,2616630.831428606],[8285689.091428615,2620031.285714321],[8285825.568571471,2624769.320000034],[8276741.920000039,2625406.3828571774],[8276528.500000045,2628246.334285751],[8269800.362857185,2625017.720000036],[8267037.311428614,2619134.6457143202],[8262574.048571467,2617898.9228571765],[8259562.65142861,2620056.828571465],[8252515.171428613,2621114.134285748],[8250399.468571469,2623325.0000000373],[8244074.42857147,2621022.6628571786],[8240694.517142899,2623219.76285718],[8245831.257142901,2627291.757142894],[8236767.214285754,2627676.5485714637],[8236838.588571474,2633165.7000000365],[8232723.825714327,2636683.5828571767],[8228633.414285757,2628043.525714323],[8221660.022857182,2624105.1228571795],[8225746.0200000405,2616003.088571463],[8220630.185714327,2612883.2228571773],[8217362.294285759,2608193.445714321],[8219244.2114286125,2604368.137142893],[8207031.068571471,2606798.480000034],[8206024.11428576,2604021.6971428916],[8201923.725714326,2603241.6600000337],[8196207.137142897,2604284.4200000353],[8190831.677142896,2597807.254285749],[8186097.768571474,2597478.9628571793],[8184194.545714326,2604852.6285714656],[8180277.400000043,2604336.8914286084],[8180109.751428612,2609729.680000037],[8169875.800000042,2611993.3600000367],[8171271.88571433,2619332.520000037],[8163103.991428614,2624917.494285751],[8160673.251428612,2618504.411428608],[8156783.1571429,2617643.9228571765],[8155898.334285758,2624350.6257143207],[8151316.042857185,2624295.2028571777],[8147147.891428612,2621084.5457143225],[8148542.257142901,2615635.2800000347],[8147718.154285759,2603712.3942857496],[8144899.165714331,2601284.260000035],[8141691.751428612,2587200.1142857485],[8135885.765714325,2581738.3828571774],[8134681.362857185,2586471.4371428937],[8138809.074285753,2592253.1971428916],[8139248.1428571865,2598031.5828571767],[8141742.791428611,2600095.242857177],[8138416.177142896,2612085.600000035],[8132979.768571474,2616171.251428608],[8133770.2200000435,2610170.0457143225],[8122488.845714331,2600225.491428606],[8123027.160000041,2597233.365714323],[8112434.3657143265,2594046.10285718],[8118901.868571468,2601959.225714322],[8121432.948571473,2608051.988571465],[8118939.080000043,2614553.680000037],[8111887.625714324,2616220.9257143214],[8109797.377142899,2613647.7314286083],[8110367.531428613,2604741.8514286056],[8104398.945714325,2601363.6514286064],[8105496.725714326,2588822.3771428913],[8102109.051428616,2579448.82571432],[8099078.38571433,2581886.017142892],[8102858.522857182,2587888.1600000337],[8103294.225714326,2594552.791428607],[8099974.702857181,2602970.4542857483],[8097961.394285753,2594971.9000000358],[8090554.251428612,2596897.9714286067],[8089159.985714324,2586021.4342857487],[8084582.485714324,2581311.1228571795],[8082753.591428615,2585440.182857178],[8085238.482857183,2589316.525714323],[8083611.920000039,2593609.837142892],[8080788.771428615,2593432.634285748],[8080027.702857181,2600476.6571428925],[8078114.900000043,2602903.794285748],[8079121.231428616,2610440.380000036],[8085062.128571473,2614576.8571428917],[8082244.408571467,2619079.065714322],[8076326.002857186,2620719.494285751],[8073594.2885714695,2617604.2314286083],[8073079.188571468,2604414.5857143216],[8069971.9342857525,2609400.6457143202],[8072269.8657143265,2612409.140000034],[8072139.954285756,2620760.6685714647],[8069021.522857182,2625377.828571465],[8057035.914285757,2629437.940000035],[8060454.891428612,2634816.105714321],[8060993.268571474,2641979.2885714658],[8059571.374285758,2645306.340000037],[8054620.580000043,2642041.16571432],[8049394.614285752,2643470.2342857495],[8051344.620000042,2627500.840000037],[8050979.2114286125,2622647.945714321],[8047109.000000045,2623937.0828571767],[8048682.128571473,2629891.8514286056],[8043229.388571471,2635697.3914286084],[8043134.054285757,2640140.477142893],[8039720.4428571835,2641044.6571428925],[8039503.217142902,2630505.571428608],[8036504.217142902,2633503.8914286084],[8034459.945714325,2639052.2828571796],[8031215.9885714725,2639498.560000036],[8025543.968571469,2635779.3514286056],[8022577.528571472,2635985.6685714647],[8014207.982857183,2628890.1942857504],[8009488.842857182,2629450.2457143217],[8013452.071428612,2634921.7314286083],[8010694.731428616,2638902.337142892],[8006779.257142901,2640938.6085714623],[7995054.680000044,2635021.76285718],[7991786.722857185,2632138.1885714643],[7988423.794285759,2638050.957142893],[7995107.171428613,2641671.2457143217],[7990627.325714327,2646536.742857177],[7985359.640000038,2639179.208571464],[7984543.280000038,2644309.6285714656],[7987577.000000045,2647376.9657143205],[7978477.557142898,2657279.0485714637],[7972539.800000042,2650281.9542857483],[7969844.625714324,2652131.905714322],[7963082.922857188,2649339.4742857516],[7958976.320000045,2644148.397142891],[7956983.6428571865,2645320.9342857487],[7950391.540000044,2641724.177142892],[7944937.9885714725,2640304.0057143196],[7939808.594285756,2644524.7000000365],[7940398.517142899,2647311.0342857502],[7947238.4342857525,2647445.3857143223],[7948819.031428613,2650992.8571428917],[7955688.917142898,2651836.597142894],[7959673.685714327,2650332.557142891],[7961980.285714328,2654512.0457143225],[7965339.717142895,2656407.9228571765],[7959853.302857183,2659804.2057143226],[7953430.557142898,2656027.8914286084],[7952234.360000044,2660236.9000000358],[7947569.348571472,2663661.7657143213],[7934250.097142898,2659496.571428608],[7933392.397142902,2657371.225714322],[7926456.751428612,2659031.76285718],[7932875.857142895,2666024.1600000337],[7930297.554285757,2670711.8057143204],[7944425.02571433,2671835.5142857507],[7950472.894285753,2677248.2685714625],[7950884.137142897,2680248.6571428925],[7946058.031428613,2682518.057142891],[7942555.360000044,2680011.491428606],[7935192.317142896,2680131.2114286087],[7932937.677142896,2677208.682857178],[7923069.6657143235,2674892.794285748],[7924303.531428613,2678677.6285714656],[7919362.800000042,2680693.3571428917],[7902367.502857186,2678506.5800000355],[7902025.911428615,2681610.1685714647],[7907764.577142902,2681279.180000037],[7915014.080000043,2683344.717142891],[7929496.5657143295,2683160.3485714644],[7933761.254285753,2683719.022857178],[7940409.457142897,2687438.16571432],[7944140.328571469,2687892.0085714646],[7943648.214285754,2692085.331428606],[7936222.634285755,2690448.991428606],[7938631.842857182,2696222.362857178],[7934132.985714324,2699057.334285751],[7927475.017142899,2696744.368571464],[7923047.571428612,2697636.4714286067],[7922616.808571473,2700291.9000000358],[7928849.540000044,2700985.834285751],[7935901.148571469,2707262.21428575],[7932701.320000045,2714899.0485714637],[7935504.897142902,2719512.5857143216],[7933450.371428616,2723735.8828571774],[7936456.725714326,2729091.334285751],[7940642.274285756,2730989.5428571776],[7941003.2885714695,2736118.988571465],[7938297.0114286095,2737926.440000035],[7937037.714285754,2743190.831428606],[7931884.311428614,2746538.6600000374],[7927039.645714328,2746136.7285714634],[7920385.040000044,2742145.565714322],[7919295.474285759,2739459.9600000344],[7910997.120000042,2738987.0114286058],[7905870.680000044,2737256.3514286056],[7901877.260000043,2739844.1342857517],[7894494.231428616,2740208.1228571795],[7901678.70000004,2745300.528571464],[7904029.2885714695,2741903.6628571786],[7907795.300000042,2745101.097142894],[7898246.280000038,2750047.302857179],[7899963.968571469,2758020.3885714635],[7882500.214285754,2759186.751428608],[7875542.9885714725,2757139.8485714644],[7874288.417142898,2753178.8228571787],[7869071.217142895,2747759.1542857513],[7861699.33142861,2748105.5800000355],[7863310.802857183,2751852.7742857486],[7867193.177142896,2751460.1257143207],[7868403.228571467,2762478.902857177],[7872998.517142899,2762290.3942857496],[7876025.448571473,2765788.594285749],[7875188.557142898,2769345.1142857485],[7877444.737142898,2776015.105714321],[7880501.60857147,2776322.948571466],[7882836.022857182,2780071.5514286086],[7879979.311428614,2784493.5828571767],[7870858.5885714665,2790532.0314286053],[7873928.1657143235,2796885.588571463],[7873120.391428612,2801519.982857179],[7866423.4771429,2806580.8857143223],[7862737.708571471,2804604.991428606],[7860819.02571433,2799703.5114286058],[7857529.214285754,2804743.6257143207],[7852800.468571469,2806327.4000000358],[7852311.760000043,2799907.677142892],[7847061.391428612,2800801.302857179],[7834390.208571471,2797941.7800000347],[7840350.102857187,2803798.837142892],[7841023.414285757,2809215.8228571787],[7833747.70000004,2810071.131428607],[7834485.105714329,2813838.3914286084],[7826675.051428616,2810049.3771428913],[7828362.045714326,2815348.7314286083],[7822714.997142896,2815568.062857177],[7822706.271428615,2810679.568571463],[7819504.400000043,2807268.0914286077],[7814814.614285752,2805174.488571465],[7809470.660000041,2805002.4257143214],[7804254.931428611,2800912.285714321],[7803515.008571468,2795814.5428571776],[7799509.2114286125,2792160.3600000367],[7800235.054285757,2800831.137142893],[7809200.960000038,2809787.5028571784],[7817320.0200000405,2812655.185714323],[7818235.3371429,2820234.3142857514],[7810642.577142902,2820507.525714323],[7809794.174285755,2824683.365714323],[7812752.280000038,2827760.440000035],[7809943.962857187,2832961.028571464],[7806091.057142898,2836490.0342857502],[7807554.045714326,2844069.1914286055],[7801322.52571433,2843359.174285751],[7793393.362857185,2841012.7742857486],[7787763.497142896,2831913.957142893],[7782798.345714323,2829332.32571432],[7777701.894285753,2830931.2228571773],[7768407.114285752,2823894.37428575],[7766077.6571429,2825567.1114286073],[7774956.8657143265,2832947.834285751],[7774912.3657143265,2835395.991428606],[7783842.648571469,2848605.2771428935],[7781720.614285752,2859684.21428575],[7776034.051428616,2862574.7342857495],[7773002.848571472,2870078.094285749],[7769053.431428611,2869293.6171428934],[7764435.754285753,2872358.7228571773],[7760852.771428615,2872447.257142894],[7761415.351428613,2867388.4200000353],[7759242.691428609,2863123.2285714634],[7754758.862857185,2868314.3200000376],[7754834.400000043,2874009.5114286058],[7752075.448571473,2879663.225714322],[7750379.197142899,2886929.565714322],[7735924.605714329,2884917.8885714635],[7735052.568571471,2880653.6571428925],[7731466.994285755,2878435.528571464],[7730463.360000044,2875055.845714323],[7726728.000000045,2874084.600000035],[7721915.420000039,2868200.445714321],[7719825.902857184,2871531.37428575],[7724228.614285752,2875742.682857178],[7727497.502857186,2876715.9000000358],[7733666.291428611,2887261.94285718],[7732127.20000004,2895949.2657143213],[7729067.508571468,2895177.988571465],[7726938.637142897,2903173.522857178],[7721183.222857185,2898311.025714323],[7717106.174285755,2905538.5514286086],[7710768.7971429005,2904874.8114286065],[7710067.614285752,2896643.3571428917],[7704227.6428571865,2904626.600000035],[7700470.480000041,2907071.5800000355],[7699380.9771429,2913607.1571428925],[7700377.357142895,2916586.5571428947],[7697206.677142896,2919584.4742857516],[7690883.760000043,2920026.365714323],[7686539.348571472,2924450.6600000374],[7682457.900000043,2924379.5457143225],[7680469.082857184,2929610.828571465],[7676100.440000042,2926598.291428607],[7669590.208571471,2924540.368571464],[7663682.540000044,2928043.520000037],[7664017.805714324,2932081.908571463],[7672580.88571433,2926815.865714323],[7676229.254285753,2931363.7285714634],[7676914.068571471,2937069.9285714626],[7672131.271428615,2937313.7314286083],[7668826.0657143295,2943524.025714323],[7661471.374285758,2940766.834285751],[7662040.9428571835,2946247.4342857487],[7654506.597142898,2948538.217142891],[7655217.594285756,2956806.2342857495],[7647670.591428615,2958352.7400000356],[7646084.454285756,2954510.182857178],[7648231.317142896,2951794.174285751],[7645064.857142895,2943434.951428607],[7643772.991428614,2955512.2228571773],[7639565.051428616,2963598.2314286083],[7635726.465714328,2955760.7400000356],[7634169.948571466,2959870.37428575],[7637926.500000045,2966896.917142894],[7630823.531428613,2976272.0571428947],[7624221.802857183,2976752.637142893],[7614860.440000042,2971394.131428607],[7609464.702857181,2966324.3114286065],[7610804.585714325,2962033.071428608],[7618192.037142895,2960620.76285718],[7619278.425714329,2958792.0085714646],[7626376.174285755,2961833.9000000358],[7629055.937142901,2957108.10285718],[7624891.4428571835,2951350.2371428944],[7624456.88571433,2947765.148571465],[7620908.0114286095,2945483.7314286083],[7616453.811428614,2945338.880000036],[7623479.134285755,2937118.528571464],[7625869.194285758,2939399.948571466],[7629707.768571466,2937589.297142893],[7633075.577142902,2939363.7342857495],[7636153.682857186,2935398.411428608],[7635393.208571471,2931451.1942857504],[7631989.188571468,2931342.5571428947],[7630685.5200000405,2923176.528571464],[7639231.7885714695,2912892.0371428914],[7635248.357142895,2903386.1257143207],[7642128.825714327,2895980.565714322],[7647633.20000004,2893898.3200000376],[7651580.417142898,2889951.10285718],[7654912.0114286095,2889118.2028571777],[7658569.52571433,2893083.528571464],[7662951.300000042,2904128.488571465],[7669759.342857182,2903784.4657143205],[7664436.031428613,2890621.0428571776],[7665449.997142896,2884863.177142892],[7668672.954285756,2883813.0000000373],[7667912.480000041,2878797.5000000373],[7673090.940000042,2874814.071428608],[7674141.117142901,2868096.560000036],[7677364.071428612,2867625.791428607],[7680152.474285759,2859206.2685714625],[7690545.605714329,2860002.9542857483],[7695651.637142897,2856073.845714323],[7689567.851428613,2852452.5457143225],[7686996.728571467,2848324.26285718],[7679319.574285753,2850261.6571428925],[7673742.774285756,2849066.6285714656],[7671461.354285754,2852325.8000000343],[7666572.600000039,2850134.911428608],[7664870.5885714665,2842276.6914286055],[7671533.780000038,2833567.4685714655],[7674611.88571433,2838999.417142894],[7678957.4428571835,2840140.1257143207],[7682470.105714329,2837424.1514286064],[7686670.811428614,2836953.3828571774],[7690545.600000039,2841208.408571463],[7696991.514285758,2843743.3171428926],[7703871.985714324,2842095.6257143207],[7707746.774285756,2834273.6200000346],[7710100.620000042,2836011.8428571783],[7714156.474285759,2832770.7800000347],[7716582.745714329,2836645.571428608],[7715930.911428615,2841280.834285751],[7726106.762857184,2850460.831428606],[7726142.9771429,2854915.028571464],[7736644.742857181,2856671.3571428917],[7739867.702857181,2855729.8200000376],[7746023.908571467,2850497.0400000364],[7746494.680000044,2847600.0000000373],[7741642.137142897,2843037.1628571786],[7735087.582857184,2839071.840000037],[7726541.317142896,2831267.940000035],[7720783.451428615,2830652.3200000376],[7720566.171428613,2823011.3771428913],[7724223.685714327,2815569.605714321],[7728496.817142896,2814193.5114286058],[7732516.462857187,2815424.754285749],[7733892.554285757,2821327.4714286067],[7736862.0200000405,2821562.8571428917],[7739577.994285755,2815732.565714322],[7742873.377142899,2815515.285714321],[7741895.625714324,2807820.025714323],[7735775.631428614,2806733.6342857517],[7737296.577142902,2798658.137142893],[7729981.551428616,2794149.6200000346],[7732842.377142899,2781819.094285749],[7732226.757142901,2779103.1200000346],[7726541.317142896,2774196.260000035],[7725020.371428609,2770900.8771428913],[7729728.06000004,2759113.5457143225],[7735992.908571467,2760996.6228571795],[7740664.382857181,2760435.320000034],[7746060.120000042,2755148.2228571773],[7758119.045714326,2741296.751428608],[7762355.965714328,2738345.3942857496],[7764347.680000044,2744320.5371428914],[7768512.174285755,2743451.4228571802],[7774921.874285758,2737349.5342857502],[7776515.24857147,2738870.480000034],[7785025.300000042,2736136.3971428946],[7788646.600000039,2747290.0000000373],[7792159.260000043,2739649.060000036],[7791507.425714329,2734072.257142894],[7786365.180000044,2728314.3914286084],[7790095.120000042,2723262.677142892],[7790783.1657143235,2718518.7742857486],[7794042.334285758,2713539.488571465],[7797518.782857187,2713177.3600000367],[7800524.462857187,2708071.32571432],[7793897.482857183,2700846.834285751],[7795056.300000042,2694581.98571432],[7804326.825714327,2694527.66571432],[7804833.808571473,2689385.4200000353],[7807767.06000004,2684025.897142891],[7807803.274285756,2676294.4228571802],[7803566.351428613,2675570.1628571786],[7806861.734285757,2668309.457142893],[7807296.291428611,2664289.8142857514],[7809939.840000041,2659509.7000000365],[7814176.760000043,2656196.208571464],[7807875.70000004,2649207.10285718],[7811171.082857184,2642199.8885714635],[7808129.191428609,2639375.2742857486],[7807622.208571471,2631064.3914286084],[7812692.028571472,2627913.8600000367],[7816313.328571469,2629507.2314286083],[7817073.800000042,2624256.3485714644],[7826923.737142898,2620146.171428606],[7830074.265714325,2613501.088571463],[7834021.480000041,2613283.8114286065],[7829350.005714327,2606186.062857177],[7819101.728571467,2605353.1628571786],[7826127.048571467,2597911.3942857496],[7825547.640000038,2592841.5742857493],[7829929.414285757,2591030.9228571765],[7837787.631428614,2591881.9285714626],[7845537.194285758,2590252.3114286065],[7839562.068571471,2582720.0400000364],[7838692.957142897,2580094.600000035],[7842966.0885714665,2575821.4657143205],[7846341.451428615,2575658.8942857496],[7847902.494285755,2582268.2000000365],[7854336.974285759,2578990.10285718],[7859406.794285752,2579641.9371428937],[7866794.242857181,2577523.477142893],[7873783.351428613,2582846.785714321],[7875087.017142899,2578809.0371428914],[7871682.997142896,2577722.648571465],[7869582.6428571865,2571819.9314286076],[7865888.917142898,2565573.1885714643],[7862484.894285753,2564378.1600000337],[7862014.125714324,2557841.71428575],[7867047.734285757,2557443.371428605],[7869401.577142902,2551975.208571464],[7877078.734285757,2550526.6885714643],[7875775.062857181,2545963.8514286056],[7879505.002857186,2539409.3000000343],[7882402.042857185,2540133.560000036],[7883633.282857187,2535498.297142893],[7887544.2885714695,2529740.4285714626],[7887833.991428614,2525376.7628571764],[7884393.757142901,2520488.0114286058],[7888594.462857187,2517228.840000037],[7893302.154285759,2517627.182857178],[7903478.005714327,2523222.088571463],[7909416.937142901,2523113.451428607],[7913183.0885714665,2525775.105714321],[7915066.162857182,2521139.8428571783],[7909525.574285753,2515816.5314286053],[7903333.15142861,2512955.7057143226],[7905542.145714328,2509750.8542857505],[7900834.457142897,2504862.100000035],[7899820.491428614,2501856.4228571765],[7909199.660000041,2501313.225714322],[7912567.465714328,2506527.897142891],[7916369.83142861,2503033.3428571783],[7910104.982857183,2497166.840000037],[7912603.680000044,2495030.2714286074],[7911915.634285755,2486321.0457143225],[7913581.431428611,2483532.6457143202],[7917673.500000045,2482247.0857143216],[7919701.42857147,2477829.100000035],[7920027.345714331,2470278.6885714643],[7918035.628571473,2466150.408571463],[7910901.668571472,2467888.631428607],[7906737.174285755,2466603.071428608],[7909091.0200000405,2457404.9685714655],[7913038.237142898,2453747.457142893],[7908837.528571472,2449854.560000036],[7911155.160000041,2446993.7342857495],[7921258.585714325,2443481.071428608],[7925712.785714328,2440746.991428606],[7926192.028571472,2436934.405714322],[7921004.765714325,2437430.717142891],[7917546.5885714665,2430178.1514286064],[7913191.845714331,2430050.071428608],[7909493.5200000405,2425999.522857178],[7901408.42857147,2430194.1628571786],[7888672.65142861,2434681.7400000356],[7881063.014285758,2435647.100000035],[7875846.714285754,2433601.3514286056],[7875411.605714329,2423811.565714322],[7867328.237142898,2422769.3000000343],[7861781.051428616,2419978.337142892],[7859418.577142902,2425467.6142857485],[7859881.808571473,2428779.711428605],[7841468.5114286095,2435250.2000000365],[7839596.254285753,2433638.140000034],[7831526.47142861,2433674.022857178],[7830101.848571472,2429703.2685714625],[7831799.268571466,2420215.897142891],[7825080.308571473,2417316.134285748],[7824666.057142898,2413557.560000036],[7817522.742857181,2414042.5371428914],[7817057.974285759,2410354.6857143193],[7821645.051428616,2408091.457142893],[7822887.808571473,2401998.9285714626],[7817462.122857183,2399685.180000037],[7814319.871428616,2399957.980000034],[7810046.005714327,2394330.220000036],[7801003.197142899,2401271.4628571793],[7796011.968571469,2403120.440000035],[7791404.682857186,2411920.760000035],[7780745.282857187,2409071.517142892],[7778926.617142901,2406757.7714286074],[7772066.20571433,2410142.5114286058],[7768358.148571469,2408182.3942857496],[7764559.1571429,2409061.414285749],[7755546.6571429,2415083.220000036],[7745847.105714329,2420114.862857178],[7742280.500000045,2423923.957142893],[7733399.348571472,2427753.257142894],[7729529.631428614,2426187.1857143193],[7726458.10857147,2429147.568571463],[7719799.771428615,2431936.1885714643],[7719102.614285752,2426278.1200000346],[7729155.794285752,2421024.1942857504],[7727236.094285756,2418872.1085714623],[7731176.537142895,2408434.98571432],[7735248.325714327,2401907.9971428923],[7739938.160000041,2398658.871428605],[7737966.454285756,2394217.3142857477],[7743422.88000004,2391072.5800000355],[7746213.571428612,2387303.065714322],[7752648.820000038,2381888.291428607],[7751170.171428613,2376140.302857179],[7748147.52571433,2373759.6514286064],[7741846.88571433,2373339.057142891],[7736643.117142901,2375510.757142894],[7732171.637142897,2374405.5800000355],[7724902.508571468,2376817.757142894],[7722816.302857183,2379132.142857179],[7705898.465714328,2387118.402857177],[7705116.137142897,2391323.414285749],[7699313.874285758,2392431.71428575],[7694293.937142901,2390345.5057143196],[7692207.731428616,2386466.4657143205],[7695467.42857147,2381381.337142892],[7700226.5885714665,2377339.3114286065],[7717894.1571429,2365050.2457143217],[7730835.160000041,2358563.445714321],[7728422.985714324,2353413.1228571795],[7729237.911428615,2349827.451428607],[7725326.271428615,2343862.2028571777],[7724185.374285758,2338809.671428606],[7728129.611428611,2334669.8514286056],[7721284.245714329,2333887.525714319],[7714438.877142899,2337277.6114286073],[7708604.014285758,2335126.211428605],[7713852.131428614,2331247.1685714647],[7713819.534285754,2326683.5914286077],[7708506.222857185,2326031.6514286064],[7705050.9428571835,2319903.417142894],[7699375.274285756,2315453.602857176],[7704399.002857186,2311754.1685714647],[7704496.794285752,2307483.9657143205],[7710038.951428615,2305957.991428606],[7713102.400000043,2298128.628571462],[7717196.7114286125,2296357.7342857495],[7716590.277142897,2289751.2028571777],[7711309.5657143295,2287436.8171428926],[7709777.505714327,2283427.3885714635],[7714373.680000044,2280298.0742857493],[7713232.785714328,2272735.5742857493],[7716329.502857186,2270942.71428575],[7722522.92857147,2270649.368571464],[7726727.940000042,2266607.3428571783],[7730965.548571467,2267552.6542857476],[7731389.308571473,2263380.2400000356],[7735561.722857185,2260413.914285749],[7740646.854285754,2260250.9285714626],[7737908.70571433,2250960.788571462],[7743472.622857183,2253171.1257143207],[7744656.282857187,2249135.3571428917],[7749545.83142861,2249624.3114286065],[7752740.334285758,2248124.8485714644],[7755674.062857181,2241246.8828571774],[7766333.280000038,2238802.1085714623],[7769788.56000004,2237009.2742857486],[7773178.645714328,2239258.4685714655],[7781327.894285753,2241312.0800000355],[7785141.740000039,2237889.3914286047],[7788629.620000042,2238313.1542857476],[7792247.88571433,2232999.8457143195],[7791987.10857147,2226480.448571462],[7789542.3371429,2221916.871428605],[7794888.242857181,2220775.974285748],[7797593.791428611,2210833.8942857496],[7797756.777142897,2205585.7800000347],[7802450.742857181,2197958.0857143216],[7799451.820000038,2195317.7285714634],[7793453.974285759,2197110.562857177],[7789607.531428613,2199718.3228571787],[7781621.268571466,2196067.4600000344],[7776144.974285759,2191112.717142891],[7779926.222857185,2183810.991428606],[7786445.622857183,2176215.8942857496],[7786315.234285757,2172467.242857177],[7790906.045714326,2168028.7228571773],[7793784.351428613,2169467.87428575],[7797801.417142898,2166843.134285748],[7801893.577142902,2169470.942857176],[7805825.262857184,2174124.7742857486],[7809054.860000044,2170915.2371428907],[7810459.034285754,2164115.025714319],[7813648.5114286095,2162089.0028571784],[7818362.305714324,2165525.8142857477],[7825222.694285758,2158504.945714321],[7827970.862857185,2159788.7628571764],[7825864.602857187,2164061.4600000344],[7831942.6657143235,2163620.148571465],[7830739.0885714665,2169698.21428575],[7834369.88000004,2172667.0371428914],[7835774.051428616,2176257.708571464],[7830598.671428613,2185585.4314286076],[7830016.9428571835,2193529.0400000364],[7833727.97142861,2193007.488571465],[7837439.000000045,2196156.8485714644],[7838060.848571472,2202375.331428606],[7835453.100000039,2206327.0771428905],[7837840.194285758,2208012.0828571767],[7843617.362857185,2206427.37428575],[7849221.06000004,2199806.402857177],[7855730.260000043,2194863.8885714635],[7854275.480000041,2192551.16571432],[7848344.462857187,2192103.5400000364],[7847467.8657143265,2188298.7371428907],[7853100.468571469,2185184.020000037],[7859087.440000042,2178898.634285748],[7859106.091428615,2173657.7028571777],[7865037.10857147,2170188.6171428934],[7864356.351428613,2166333.4371428937],[7856139.388571471,2172121.708571464],[7854927.074285753,2166134.7371428907],[7861695.171428613,2161403.057142891],[7867143.480000041,2151829.4200000353],[7865278.38000004,2150169.480000034],[7871265.348571472,2144499.5771428905],[7871358.605714329,2139370.551428605],[7867031.574285753,2138120.9342857487],[7864420.4342857525,2134968.914285749],[7883215.371428616,2118347.8485714644],[7886067.485714324,2123057.6600000337],[7877873.314285755,2133959.677142892],[7882276.505714327,2134454.1542857476],[7886561.962857187,2131510.8457143195],[7889670.097142898,2132546.8885714635],[7895095.240000039,2130537.442857176],[7897826.631428614,2127735.411428608],[7898994.500000045,2121715.5114286058],[7909072.394285753,2119902.4342857487],[7908154.080000043,2124705.914285749],[7912745.6428571865,2123834.6942857504],[7912533.722857185,2127861.140000034],[7924660.1571429,2132334.9714286067],[7928027.302857183,2131063.4600000344],[7927815.38571433,2126236.4342857487],[7936103.745714329,2129556.48571432],[7935797.640000038,2133253.282857176],[7947570.877142899,2126471.897142891],[7952421.451428615,2125176.8428571783],[7952068.254285753,2118772.2028571777],[7958826.091428615,2116935.5771428905],[7967232.182857186,2116111.448571462],[7970410.957142897,2113026.862857178],[7978191.808571473,2112955.3771428913],[7979217.154285759,2116246.028571464],[7989112.948571473,2114004.571428608],[7986609.194285758,2120562.025714319],[7997172.6571429,2122350.4200000353],[8006973.068571471,2120562.022857178],[8018919.557142898,2110785.457142893],[8022671.282857187,2118693.751428608],[8022901.7200000435,2124639.568571463],[8028338.445714325,2125974.905714322],[8028243.0657143295,2135775.3171428926],[8024093.982857183,2140806.674285751],[8018871.8657143265,2143930.405714322],[8013244.38000004,2157903.7457143217],[8017560.377142899,2158547.568571463],[8019658.762857184,2161480.5371428914],[8014698.9428571835,2164842.7228571773],[8014460.4885714725,2169850.2342857495],[8012385.948571473,2173951.6228571795],[8016511.182857186,2177361.5000000335],[8013077.460000038,2181009.828571465],[8005737.948571473,2192823.0085714646],[8008340.954285756,2194506.474285748],[8006555.180000044,2200362.914285749],[8008595.597142898,2205258.022857178],[8000149.97142861,2216589.5857143216],[7994066.860000044,2220267.7457143217],[7996118.1428571865,2224837.1542857476],[7991322.38571433,2237852.1857143193],[7996952.802857183,2241572.788571462],[8003318.851428613,2243680.6571428925],[8005200.371428616,2249777.9171428904],[8009175.614285752,2249777.9171428904],[8013264.031428613,2256624.9542857483],[8019270.4771429,2262560.5114286058],[8023699.228571467,2256962.211428605],[8028361.905714326,2254855.022857178],[8032749.014285758,2256044.474285748],[8039988.3371429,2253090.4171428904],[8037137.620000042,2249226.600000035],[8027749.842857182,2245137.8400000334],[8021355.597142898,2240030.5057143196],[8013496.731428616,2235698.2314286083],[8005759.271428615,2226149.457142893],[8004679.540000044,2217074.8828571774],[8007373.774285756,2210981.820000034],[8013126.717142902,2208797.8857143223],[8015779.594285756,2204933.5028571784],[8019045.497142896,2205683.5857143216],[8027228.980000041,2204882.6542857476],[8032477.251428612,2208434.525714319],[8034381.620000042,2203846.1914286055],[8046848.802857183,2190301.8514286056],[8047194.234285757,2186849.6571428925],[8051273.074285753,2185507.180000033],[8049972.362857185,2182255.285714321],[8044047.842857182,2183649.705714319],[8040763.417142898,2179324.2571428902],[8045955.660000041,2174634.6571428925],[8062462.162857182,2182405.0114286058],[8104611.234285757,2202770.4971428923],[8167716.660000041,2234244.4285714626],[8208526.411428615,2255437.140000034],[8249808.8657143265,2277417.6885714643],[8333476.737142898,2323742.2771428935],[8396424.605714329,2360100.7742857486],[8446268.120000042,2390222.9685714655],[8465980.902857184,2358114.3114286065],[8479599.142857186,2335321.6542857513]]]]},"properties":{"PRUID":"10","DGUID":"2021A000210","PRNAME":"Newfoundland and Labrador / Terre-Neuve-et-Labrador","PRENAME":"Newfoundland and Labrador","PRFNAME":"Terre-Neuve-et-Labrador","PREABBR":"N.L.","PRFABBR":"T.-N.-L.","LANDAREA":358170.3732}},
{"type":"Feature","geometry":{"type":"Polygon","coordinates":[[[8435240.645714328,1680340.1971428916],[8423044.322857186,1676836.514285747],[8405516.702857181,1665964.402857177],[8400979.140000045,1664582.1685714647],[8390388.342857182,1658450.2371428907],[8383744.448571473,1652137.7342857495],[8372887.954285756,1645266.9885714613],[8369804.182857186,1640270.782857176],[8370677.52571433,1635280.7228571773],[8364239.914285757,1638797.98571432],[8357069.188571468,1637416.408571463],[8353905.257142901,1633799.8171428926],[8347874.457142897,1632124.754285749],[8341672.6571429,1637419.562857177],[8333662.431428611,1635175.2714286074],[8331627.437142901,1630859.2428571768],[8327377.531428613,1634966.5000000335],[8316814.782857187,1634094.5685714632],[8315024.751428612,1631315.3371428922],[8310027.225714326,1630554.5085714646],[8310798.037142903,1623708.2428571768],[8315210.254285753,1622811.8885714635],[8315177.665714331,1617987.6400000341],[8308281.7200000435,1617204.2600000352],[8306633.580000043,1621425.5400000326],[8301070.828571469,1622643.9314286076],[8299884.134285755,1627553.32571432],[8294825.040000044,1633666.8628571779],[8280278.768571474,1639462.171428606],[8277965.282857187,1638270.6457143202],[8274300.9771429,1642050.6685714647],[8276580.000000045,1655134.3200000338],[8272739.451428615,1660213.594285749],[8267467.340000041,1671896.368571464],[8265528.991428614,1665397.9314286076],[8260053.4771429,1655937.0800000355],[8258384.028571472,1648394.1400000341],[8258345.345714331,1637333.6228571758],[8254995.454285756,1628482.8457143195],[8254417.371428616,1623255.9714286067],[8256618.991428614,1618218.4485714622],[8260659.925714329,1614807.3200000338],[8265664.268571474,1618975.9571428932],[8271545.677142896,1621682.634285748],[8279887.714285754,1620320.2085714638],[8285431.562857188,1621500.6542857476],[8284012.808571473,1614514.0342857502],[8287974.70571433,1606859.6571428925],[8288106.522857182,1601146.2400000356],[8298123.354285754,1603739.137142893],[8301130.817142896,1609299.788571462],[8309381.268571474,1609796.128571462],[8314997.080000043,1612476.8514286056],[8315987.768571474,1604058.8571428917],[8324244.045714326,1602784.7571428902],[8325895.280000038,1600210.3228571787],[8333604.491428614,1599374.6942857504],[8340598.694285758,1601176.4742857479],[8342750.051428616,1603689.591428604],[8346782.537142903,1602015.9914286062],[8363808.291428611,1603053.8771428913],[8368311.094285756,1610330.9771428928],[8368522.528571472,1615127.3914286047],[8377382.222857185,1615410.4628571756],[8379962.777142897,1616515.7342857495],[8384050.017142899,1612581.7028571777],[8389221.642857186,1615249.2800000347],[8387991.60857147,1605531.060000036],[8401363.737142898,1600756.8000000343],[8407349.111428611,1602769.517142892],[8420259.20571433,1610332.9771428928],[8423838.994285755,1613694.0514286049],[8421812.282857187,1621059.5114286058],[8421801.962857187,1626698.8628571779],[8418893.620000042,1629098.982857179],[8414025.834285758,1628187.5800000355],[8412036.874285758,1633192.591428604],[8412543.737142898,1637787.2085714638],[8418495.711428612,1640422.3200000338],[8415331.431428611,1644637.2400000356],[8418860.442857184,1648612.291428607],[8416313.965714328,1657011.87428575],[8420444.92857147,1656624.9885714613],[8427348.265714325,1662127.7314286046],[8431616.625714324,1668366.1200000346],[8435553.84000004,1676355.93714289],[8435240.645714328,1680340.1971428916]]]},"properties":{"PRUID":"11","DGUID":"2021A000211","PRNAME":"Prince Edward Island / Île-du-Prince-Édouard","PRENAME":"Prince Edward Island","PRFNAME":"Île-du-Prince-Édouard","PREABBR":"P.E.I.","PRFABBR":"Î.-P.-É.","LANDAREA":5681.179}},
{"type":"Feature","geometry":{"type":"MultiPolygon","coordinates":[[[[8314986.694285758,1254844.514285747],[8314565.617142901,1246466.094285749],[8319501.077142902,1246861.5428571776],[8320336.074285753,1252466.2200000323],[8314986.694285758,1254844.514285747]]],[[[8557400.857142903,1631357.408571463],[8552833.914285757,1630983.8371428922],[8546336.085714325,1626963.9257143214],[8543153.680000044,1620779.1314286068],[8548706.414285757,1618017.3571428917],[8552860.362857185,1620696.060000036],[8553546.562857188,1625841.5114286058],[8557400.857142903,1631357.408571463]]],[[[8560270.785714328,1726489.4971428923],[8558385.702857181,1728768.0828571767],[8554590.600000039,1724391.6514286064],[8552332.562857188,1718882.1542857476],[8550409.02000004,1708338.0914286077],[8548821.342857182,1705337.628571462],[8552364.262857184,1701694.7457143217],[8555029.222857185,1707152.142857179],[8556051.937142901,1713477.4542857483],[8562551.925714329,1720851.3285714649],[8560270.785714328,1726489.4971428923]]],[[[8304915.300000042,1539045.4314286038],[8299918.391428612,1530322.6914286055],[8297350.774285756,1522554.6942857467],[8299402.9342857525,1517288.254285749],[8296769.722857185,1513490.3114286065],[8294569.940000042,1506644.3285714611],[8290084.128571473,1500361.594285749],[8290680.7885714695,1498349.7800000347],[8281777.640000045,1484695.6142857485],[8282653.911428615,1482872.254285749],[8278082.83142861,1476119.1542857476],[8280744.825714327,1464701.2171428911],[8286245.754285753,1470433.3000000343],[8294502.825714327,1467672.3542857468],[8298342.828571469,1470888.1657143198],[8296425.814285755,1476418.2771428898],[8297679.702857181,1479207.9114286043],[8303545.957142897,1484612.6142857485],[8309314.377142899,1485575.7285714634],[8312802.814285755,1487671.4971428923],[8318745.251428612,1487148.2514286041],[8323059.714285754,1491803.445714321],[8328159.734285757,1494115.1114286073],[8340239.254285753,1501910.754285749],[8343411.605714329,1500458.788571462],[8349627.400000043,1504606.7457143217],[8355566.202857181,1502141.3200000338],[8355925.3657143265,1505852.1257143207],[8359653.320000045,1509922.5028571784],[8366353.574285753,1511894.9600000344],[8374525.4428571835,1516158.7400000356],[8381706.940000042,1516844.945714321],[8391347.962857187,1520344.445714321],[8386452.134285755,1514315.21428575],[8381742.548571467,1512469.8771428913],[8381156.531428613,1509742.4314286038],[8369061.722857185,1504398.5114286058],[8363941.794285759,1501276.8371428922],[8364624.685714327,1498780.1828571782],[8359106.382857181,1494685.945714321],[8344047.271428615,1477305.3971428908],[8344739.820000045,1473339.4885714613],[8343280.617142901,1465999.4285714626],[8336258.485714324,1466433.7428571768],[8335378.765714325,1461729.3514286056],[8328992.122857183,1463620.137142893],[8331293.374285758,1467589.6314286068],[8328623.348571472,1470396.517142892],[8326239.280000038,1481866.8228571787],[8320820.271428615,1482183.0514286049],[8321984.300000042,1476123.3800000325],[8318813.280000038,1471083.408571463],[8311102.948571473,1462635.8342857473],[8308438.745714329,1461032.0742857493],[8294190.145714328,1446058.5342857502],[8290648.311428614,1441336.2085714638],[8284510.980000041,1430087.7742857486],[8279885.811428614,1424126.2942857482],[8276839.7971429005,1417844.6657143198],[8265129.814285755,1400303.0000000335],[8262334.6571429,1394215.254285749],[8255294.771428615,1384358.9542857483],[8250338.094285756,1375003.6857143193],[8253192.268571474,1370855.1085714623],[8258888.668571472,1378866.3285714611],[8261551.7885714695,1378011.1457143202],[8261828.145714328,1373421.9742857479],[8257882.662857182,1366340.6657143198],[8253982.022857182,1363276.0257143192],[8251489.4771429,1369317.0828571767],[8248137.051428616,1371543.868571464],[8241898.474285759,1359541.5000000335],[8239433.197142899,1357545.4771428928],[8232349.962857187,1339884.8457143195],[8233582.914285757,1334816.980000034],[8239434.040000044,1351246.8000000343],[8241900.437142901,1355011.9114286043],[8246998.2971429005,1358335.9200000353],[8249106.394285753,1356925.402857177],[8248307.162857182,1352025.8114286065],[8241662.20000004,1338432.8142857477],[8241019.542857185,1330848.9742857479],[8239138.617142901,1326083.822857175],[8242689.962857187,1308193.2400000356],[8241666.554285757,1305671.5771428905],[8242682.3657143265,1295955.7714286037],[8246466.222857185,1294539.7257143185],[8252052.7200000435,1286695.128571462],[8254594.245714329,1277951.365714319],[8261891.0200000405,1266577.2657143213],[8273171.780000038,1263573.1371428892],[8277754.071428612,1266410.9400000349],[8275321.920000039,1273209.9485714622],[8278027.902857184,1275843.9000000358],[8282095.668571472,1271981.9142857492],[8285583.860000044,1273483.9742857479],[8291309.06000004,1266097.0885714628],[8295795.497142896,1266117.2028571777],[8298875.111428611,1254417.3542857468],[8303740.105714329,1254033.3371428922],[8306822.011428617,1248370.7028571777],[8313323.20571433,1253718.057142891],[8313757.38571433,1259925.2171428911],[8317152.960000038,1260401.5857143179],[8319593.808571473,1256825.0542857498],[8324925.245714329,1256032.5685714632],[8326090.188571468,1262277.7800000347],[8330046.02571433,1265893.3742857464],[8331210.068571471,1274131.0514286049],[8328199.805714324,1282769.7628571764],[8334610.542857185,1281489.5285714641],[8334119.0657143295,1289432.368571464],[8337694.834285758,1289238.0514286049],[8339605.371428616,1293933.671428606],[8342665.074285753,1291171.6600000337],[8346607.97142861,1291641.0685714632],[8350981.082857184,1299922.7800000347],[8353177.905714326,1301834.9257143214],[8353476.357142895,1306954.442857176],[8356208.6428571865,1308395.6485714614],[8354488.494285755,1313471.5114286058],[8358327.951428615,1313832.8885714635],[8358885.420000039,1321687.9685714617],[8353480.154285759,1322363.9485714622],[8355779.437142901,1327227.6228571758],[8359864.485714331,1329808.6057143211],[8361066.554285757,1334431.020000033],[8364014.38571433,1336060.8371428922],[8362113.462857187,1341511.0542857498],[8363259.6428571865,1345568.5428571776],[8367333.265714325,1347206.9314286038],[8366495.88000004,1353555.868571464],[8369825.948571473,1359039.5457143188],[8370926.800000042,1371823.8514286056],[8379451.240000039,1377004.3800000325],[8375720.662857182,1382141.3028571755],[8372016.028571472,1382727.43714289],[8364935.820000045,1403368.1142857485],[8371249.7885714695,1407801.5857143216],[8369690.948571473,1411803.1971428916],[8373847.374285758,1413496.591428604],[8378154.0200000405,1411311.865714319],[8381444.585714325,1405109.3114286065],[8387070.782857187,1413097.9657143205],[8378900.680000044,1420993.8485714644],[8381731.997142896,1427225.9828571752],[8387643.92857147,1428845.8428571783],[8388127.531428613,1423972.1114286073],[8392944.722857185,1413926.7257143185],[8397076.628571473,1413762.060000036],[8398787.242857188,1418768.908571463],[8402821.254285753,1415907.797142893],[8411712.828571469,1417507.902857177],[8417023.282857187,1420472.9971428923],[8420027.202857181,1423951.3028571755],[8423060.648571469,1423398.2571428902],[8423810.180000044,1428244.2342857495],[8418260.125714324,1432319.4628571756],[8417931.505714327,1435868.9571428895],[8414451.548571467,1437803.6628571786],[8415534.357142895,1441367.6600000337],[8424506.897142902,1439370.4200000353],[8425639.637142897,1443520.671428606],[8423829.342857182,1446605.560000036],[8431369.442857184,1448879.0314286053],[8434985.305714324,1452990.9657143205],[8435269.940000042,1456449.1514286064],[8442003.38000004,1460455.4400000349],[8443503.677142896,1465521.7085714638],[8449796.88000004,1462121.7028571777],[8450402.537142903,1468273.3400000334],[8460538.582857184,1473710.82571432],[8463222.440000042,1480424.8114286065],[8470862.24571433,1487746.4942857474],[8473366.60857147,1494068.8485714644],[8478698.962857187,1498493.6400000341],[8479670.905714326,1501920.9400000349],[8485439.417142898,1503251.5028571784],[8484024.982857183,1507704.5514286049],[8493350.654285759,1516058.480000034],[8494034.811428614,1519903.451428607],[8498189.768571474,1521566.868571464],[8502057.602857187,1525408.0742857493],[8506429.868571468,1527519.3342857473],[8505742.028571472,1534322.4657143205],[8509631.24571433,1538658.211428605],[8514851.422857188,1538817.3514286056],[8517446.79142861,1541807.174285747],[8516624.722857185,1549035.4314286038],[8528152.20571433,1554224.0885714628],[8525233.900000043,1555792.6971428916],[8524876.360000044,1562796.8000000343],[8530156.925714329,1562149.98571432],[8532945.508571468,1566276.6857143193],[8538987.805714324,1567149.205714319],[8539334.962857187,1569519.982857179],[8544776.165714331,1573106.408571463],[8542161.485714331,1575614.2028571777],[8543613.15142861,1582801.43714289],[8551311.551428616,1586011.248571463],[8556302.594285756,1591920.6485714614],[8557219.945714325,1585548.754285749],[8560113.540000044,1585672.4114286043],[8564288.522857182,1592128.6571428925],[8563653.848571472,1596313.9971428923],[8565831.622857183,1600621.980000034],[8564031.580000043,1603691.3400000334],[8551152.145714328,1600060.1457143202],[8547535.908571474,1597057.5685714632],[8538614.945714325,1592972.8942857496],[8530984.674285755,1588321.9771428928],[8526550.84000004,1588495.5114286058],[8524111.591428615,1590784.408571463],[8528838.534285754,1596231.248571463],[8534834.280000038,1600911.6857143193],[8537719.800000042,1605461.1228571758],[8536537.202857181,1611732.9600000344],[8530935.002857186,1614811.560000036],[8530283.194285758,1617491.9114286043],[8536086.891428612,1623313.1828571782],[8538943.102857187,1620180.7371428907],[8546801.622857183,1628587.9771428928],[8555854.868571468,1639336.21428575],[8556428.954285756,1636318.2857143208],[8564650.805714324,1639158.87428575],[8568052.70000004,1636656.3228571787],[8574244.882857189,1645016.557142891],[8582821.402857184,1653142.091428604],[8585470.422857188,1654316.0800000355],[8589622.52000004,1660795.480000034],[8589958.685714327,1665258.3371428922],[8593400.897142902,1666741.634285748],[8595645.74857147,1670968.2257143185],[8593920.92857147,1674080.9314286076],[8596647.742857188,1678782.3628571779],[8600310.320000045,1680856.5257143192],[8600395.474285759,1685061.43714289],[8592548.257142901,1685595.4942857474],[8594699.74000004,1690791.8571428917],[8599048.085714325,1691402.4742857479],[8602917.805714332,1694266.402857177],[8602898.431428611,1698422.3914286047],[8606638.585714325,1701826.3485714644],[8610841.234285757,1711219.8000000343],[8607512.220000044,1711748.365714319],[8599394.780000038,1709502.3628571779],[8597147.940000042,1713074.3342857473],[8600946.111428611,1716558.5314286053],[8597518.505714327,1720773.4314286076],[8597671.5171429,1730010.0914286077],[8591015.982857183,1727421.6885714643],[8587925.054285757,1729773.7428571768],[8574588.38571433,1728159.5028571784],[8571948.162857182,1724259.7800000347],[8571763.694285758,1719015.4971428923],[8566397.397142902,1723609.3142857477],[8562993.854285754,1720371.9914286062],[8563409.760000043,1715749.9000000358],[8559003.760000043,1712101.4342857487],[8559336.65142861,1705491.022857178],[8556270.02000004,1696841.5314286053],[8550911.062857188,1685947.2000000328],[8548097.677142896,1682007.9600000344],[8544258.128571473,1671185.8971428908],[8549124.400000043,1672188.482857179],[8552744.38000004,1669966.5342857502],[8556206.24571433,1673493.3542857468],[8559862.800000042,1681842.4285714626],[8565778.191428617,1684385.2228571773],[8564447.331428617,1677739.7028571777],[8559762.225714326,1667942.514285747],[8559471.822857186,1663737.720000036],[8556124.460000046,1657781.3171428926],[8559283.542857185,1652079.8428571783],[8558691.817142896,1646088.711428605],[8554328.365714327,1650167.5285714641],[8543641.34000004,1648765.0685714632],[8537225.411428615,1636211.7742857486],[8529834.482857183,1640172.520000033],[8531261.56857147,1645013.1200000346],[8539834.697142899,1658004.720000036],[8535178.422857188,1660428.945714321],[8535249.79142861,1664719.642857179],[8538751.554285757,1665664.3457143195],[8543284.048571467,1670964.5885714628],[8540934.551428616,1676739.2942857482],[8541790.514285758,1683073.831428606],[8535343.097142898,1678370.600000035],[8532398.908571474,1678033.1685714647],[8528885.894285753,1668940.1257143207],[8530734.765714325,1665459.8628571779],[8526927.10857147,1661458.5028571784],[8521011.671428613,1658264.9142857492],[8520108.171428613,1661465.288571462],[8524131.542857185,1662754.7314286046],[8528684.080000043,1668603.6514286064],[8529625.33142861,1681176.560000036],[8534832.842857182,1682378.591428604],[8545687.557142898,1693945.1142857485],[8547755.860000044,1699911.5057143196],[8547865.83142861,1707076.7857143208],[8550877.551428616,1719060.020000033],[8547291.38000004,1724079.6942857504],[8543976.185714327,1715384.3914286047],[8540700.802857183,1724088.2457143217],[8542061.70571433,1732114.9685714617],[8540748.34571433,1734333.3285714649],[8539123.768571474,1745673.0800000355],[8538761.988571472,1755596.9342857487],[8536251.602857187,1754554.2857143208],[8532531.551428616,1758848.6800000332],[8535470.84571433,1762985.9542857483],[8530212.528571472,1779294.674285747],[8525488.74571433,1779638.6971428916],[8522207.628571473,1777645.8485714644],[8517278.822857186,1779030.2285714634],[8514242.277142897,1784455.331428606],[8515539.140000045,1792868.677142892],[8512966.06000004,1793356.9771428928],[8510105.65142861,1787529.7514286041],[8500132.440000042,1787405.7000000328],[8498777.285714328,1779881.297142893],[8500487.771428615,1771604.0342857502],[8498027.397142902,1760426.6314286068],[8494857.374285758,1756605.0828571767],[8493703.154285759,1749602.4285714626],[8494538.29428576,1743959.4628571756],[8494231.125714324,1735434.2400000356],[8491741.225714326,1732735.5771428905],[8495594.56571433,1723691.865714319],[8494977.78857147,1718390.8000000343],[8496974.640000045,1710296.6571428925],[8495345.754285753,1706379.1142857485],[8495949.954285756,1698854.2314286046],[8493937.497142896,1687989.1514286064],[8493385.125714324,1680420.1628571786],[8488837.202857181,1673974.288571462],[8488037.988571472,1669257.9257143214],[8489152.29142861,1658168.600000035],[8487018.457142897,1653431.9257143214],[8490296.071428612,1650906.4714286067],[8492846.06000004,1645218.0028571784],[8498814.900000043,1640559.4400000349],[8503124.382857189,1631872.7000000328],[8513466.551428616,1621507.8571428917],[8506660.317142896,1619619.7171428911],[8503168.56000004,1615060.1257143207],[8502565.757142901,1609697.3000000343],[8492721.480000041,1606644.3485714644],[8490176.925714329,1604177.6542857476],[8487057.600000039,1606502.0714286044],[8479947.954285756,1604673.942857176],[8479095.851428613,1610866.4142857492],[8468079.282857187,1624448.3714286052],[8465716.454285756,1621484.1171428896],[8462613.154285759,1608983.7685714625],[8457851.11428576,1603373.4542857483],[8453085.162857182,1592850.365714319],[8448582.74000004,1588038.2314286046],[8441823.497142896,1575405.7514286041],[8440172.688571468,1580588.3228571787],[8429988.088571474,1579831.9142857492],[8423282.894285753,1582937.8542857468],[8419444.085714325,1580436.8485714644],[8415634.8371429,1582881.3857143186],[8407494.0171429,1579430.0657143183],[8398440.325714327,1577851.9742857479],[8390870.071428612,1574641.8485714644],[8394097.708571471,1572747.6171428896],[8381905.931428611,1562289.2714286074],[8374383.120000042,1559655.5114286058],[8379700.345714331,1568728.6914286055],[8370919.728571467,1565337.942857176],[8365793.611428611,1565725.8371428922],[8365150.891428612,1570133.8342857473],[8360541.648571469,1570201.8771428913],[8349921.980000041,1565088.6028571762],[8345370.320000045,1560130.7257143185],[8335707.188571468,1560000.3914286047],[8329727.214285754,1562483.8714286052],[8328434.871428616,1565290.9114286043],[8318928.822857186,1565321.0428571776],[8314100.791428611,1562712.8057143204],[8314599.148571469,1560731.8171428926],[8307141.840000041,1557665.8628571779],[8304915.300000042,1539045.4314286038]]]]},"properties":{"PRUID":"12","DGUID":"2021A000212","PRNAME":"Nova Scotia / Nouvelle-Écosse","PRENAME":"Nova Scotia","PRFNAME":"Nouvelle-Écosse","PREABBR":"N.S.","PRFABBR":"N.-É.","LANDAREA":52824.7084}},
{"type":"Feature","geometry":{"type":"MultiPolygon","coordinates":[[[[8147868.20571433,1370016.4142857492],[8144013.891428612,1363179.902857177],[8149152.325714327,1363244.9571428895],[8147868.20571433,1370016.4142857492]]],[[[8153455.780000038,1364062.0457143188],[8151747.5200000405,1360544.8971428908],[8152639.11428576,1353934.9742857479],[8157122.028571472,1351771.6085714623],[8156227.65142861,1360152.8114286065],[8153455.780000038,1364062.0457143188]]],[[[8185588.20571433,1753356.0485714637],[8184555.368571468,1740935.8371428922],[8189743.820000045,1742888.7228571773],[8191035.5657143295,1747035.142857179],[8185588.20571433,1753356.0485714637]]],[[[8169759.362857185,1351528.0257143192],[8167114.462857187,1347025.8028571755],[8167227.948571473,1333365.6400000341],[8177133.257142901,1336905.1885714643],[8175982.580000043,1344311.831428606],[8169759.362857185,1351528.0257143192]]],[[[8193013.177142896,1739891.09714289],[8191698.70571433,1736766.0314286053],[8183863.551428616,1736103.0457143188],[8181369.0885714665,1728762.9657143205],[8186950.071428612,1725822.5828571767],[8190001.431428611,1719702.908571463],[8193153.742857188,1725866.1600000337],[8194238.597142898,1736599.7600000352],[8193013.177142896,1739891.09714289]]],[[[8314100.791428611,1562712.8057143204],[8308582.462857187,1563720.5742857493],[8309278.462857187,1567277.6171428896],[8319141.762857184,1572625.4142857492],[8327970.508571468,1582983.2428571768],[8325872.577142902,1585351.4142857492],[8321459.60857147,1585541.951428607],[8305247.688571468,1581840.7571428902],[8302891.600000039,1578302.480000034],[8286754.6571429,1579940.0828571767],[8278419.931428611,1574545.951428607],[8276244.628571473,1575222.8857143186],[8268311.805714324,1571827.3971428908],[8263300.402857184,1573709.4542857483],[8265240.628571473,1580733.4257143214],[8257292.731428616,1578758.4000000358],[8252148.0657143295,1588274.2800000347],[8247566.985714324,1590436.4771428928],[8240241.3371429,1597955.3285714611],[8237340.088571474,1602855.128571462],[8235691.371428616,1608912.6571428925],[8231273.368571468,1609732.2085714638],[8225984.791428611,1608490.1228571758],[8224806.245714329,1612305.782857176],[8220208.70000004,1612082.9057143219],[8216340.302857183,1614769.6457143202],[8213778.820000045,1619473.4885714613],[8210634.734285757,1619853.7628571764],[8211013.597142898,1630767.3457143195],[8213731.505714327,1637786.0257143192],[8209335.800000042,1644439.5514286049],[8209514.602857187,1648269.3914286047],[8199838.048571467,1643886.5657143183],[8197318.654285759,1640143.0800000355],[8193370.957142897,1642114.868571464],[8188975.117142901,1638794.3000000343],[8187679.222857185,1633873.134285748],[8182220.937142901,1631752.9400000349],[8181345.74857147,1636355.022857178],[8175585.957142897,1631180.360000033],[8171554.811428614,1631358.0771428905],[8175517.094285756,1637956.671428606],[8182088.425714329,1651967.3857143186],[8183368.225714326,1658491.2857143208],[8188507.922857188,1663457.1828571782],[8186315.034285754,1673909.8857143186],[8188016.0657143295,1677341.282857176],[8186867.697142899,1686236.6228571758],[8182421.4771429,1689771.7571428902],[8180684.080000043,1693463.8771428913],[8183665.125714324,1698305.9628571756],[8184318.940000042,1705211.1457143202],[8181437.2971429005,1708416.9314286076],[8189063.762857184,1717397.2800000347],[8177200.737142898,1721831.8142857477],[8172305.431428611,1721357.297142893],[8165543.097142898,1716379.2371428907],[8161018.871428616,1716993.7685714625],[8160863.311428614,1719788.8200000338],[8149431.9771429,1712427.788571462],[8142390.691428617,1701791.6085714623],[8140102.6428571865,1700445.637142893],[8137345.468571469,1692508.7771428898],[8134327.077142902,1687660.5314286053],[8125381.580000043,1682671.9628571756],[8117505.820000045,1686941.8800000362],[8110965.574285753,1696821.8485714644],[8101382.754285753,1701198.0114286058],[8095455.160000041,1701150.0057143196],[8082438.414285757,1696073.8171428926],[8077337.574285753,1698233.6057143211],[8068719.634285755,1696892.4257143214],[8061346.500000045,1696798.2942857482],[8057925.505714327,1698324.600000035],[8056931.677142896,1702657.797142893],[8049627.240000039,1698300.1914286055],[8046707.862857185,1693388.9914286062],[8041160.314285755,1688051.6800000332],[8032591.925714329,1684383.2457143217],[8026109.911428615,1681495.6942857504],[8022109.091428615,1677802.9314286076],[8020972.900000043,1672777.5742857493],[8022239.774285756,1666748.5342857502],[8014648.014285758,1668809.8114286065],[8010384.882857181,1664552.1142857485],[8010929.594285756,1662337.3542857468],[8006129.305714324,1658290.2314286046],[8002668.877142899,1658507.908571463],[7997239.548571467,1655973.2685714625],[7995702.745714329,1651259.020000033],[7984037.820000045,1653713.517142892],[7976421.60857147,1653431.8057143204],[7974503.900000043,1660242.37428575],[7937969.15142861,1645750.6057143211],[7941347.10857147,1637084.5800000355],[7923203.7971429005,1629982.2714286074],[7937758.568571471,1592114.2514286041],[7929766.0885714665,1573937.0457143188],[7916446.160000041,1559488.2800000347],[7900515.037142895,1547647.9142857492],[7903728.65142861,1542037.902857177],[7916684.320000045,1539659.48571432],[7925580.531428613,1550280.5085714646],[7933307.954285756,1553256.062857177],[7934912.640000038,1559264.43714289],[7940362.5885714665,1563054.09714289],[7944944.251428612,1562488.5085714646],[7947865.448571473,1564119.1885714643],[7946471.202857181,1570286.5485714637],[7949182.954285756,1573457.7800000347],[7956012.191428609,1575650.1514286064],[7963104.185714327,1574784.8885714635],[7965827.740000039,1572129.5514286049],[7976248.402857184,1569510.2457143217],[7982322.314285755,1567145.2857143208],[7991074.774285756,1559709.2800000347],[7999718.054285757,1557877.5828571767],[8019794.080000043,1507876.3057143204],[8033062.794285759,1475777.09714289],[8046976.802857183,1440953.4657143205],[8050239.914285757,1439145.254285749],[8048591.557142898,1432418.6514286064],[8053186.422857188,1429621.9971428923],[8051414.965714328,1424701.2571428902],[8059460.231428616,1415369.7800000347],[8061877.908571467,1416725.37428575],[8067391.882857181,1411918.017142892],[8074112.182857186,1411494.591428604],[8075517.474285759,1414146.6028571762],[8080574.494285755,1413027.2371428907],[8080951.405714326,1420428.6485714614],[8088875.562857181,1412682.0514286049],[8089436.328571469,1405352.5514286049],[8086479.991428614,1401316.2314286046],[8091182.568571471,1395871.062857177],[8097285.802857183,1392415.3428571783],[8096836.531428613,1386084.782857176],[8098414.348571472,1378284.628571462],[8110783.937142901,1369279.59714289],[8113748.277142897,1368360.520000033],[8115992.414285757,1372532.0742857493],[8114975.591428615,1377028.6028571762],[8120633.125714324,1376168.9742857479],[8126637.394285753,1379377.2028571777],[8128675.120000042,1376194.0028571784],[8134191.111428611,1376646.9285714626],[8141096.031428613,1383461.1942857467],[8149053.494285755,1382381.0457143188],[8146343.631428614,1377292.3114286065],[8150978.931428611,1373224.128571462],[8154333.857142895,1380659.4314286038],[8160703.605714329,1378359.4914286062],[8170556.860000044,1392175.0657143183],[8176009.145714328,1394321.1885714643],[8180984.225714326,1388960.7028571777],[8192540.974285759,1403455.2171428911],[8185243.497142896,1405310.8028571755],[8189728.931428611,1408559.8771428913],[8196042.965714328,1405013.6657143198],[8199491.1428571865,1411126.282857176],[8197404.6571429,1414843.5371428914],[8204647.968571469,1424216.2342857495],[8207989.140000045,1418999.3800000325],[8214260.260000043,1420715.6600000337],[8219567.140000045,1424136.5000000335],[8220924.951428615,1430069.8342857473],[8225464.402857184,1430759.134285748],[8226190.777142897,1434018.3200000338],[8237829.3371429,1445054.6085714623],[8236502.914285757,1448470.0657143183],[8240461.225714326,1455263.3914286047],[8258180.148571469,1478687.3000000343],[8264411.508571468,1483293.0485714637],[8267929.42857147,1488424.0485714637],[8267895.648571469,1492612.7857143208],[8272177.902857184,1498483.0457143188],[8280184.491428614,1499292.7742857486],[8282201.945714325,1509934.3428571783],[8281305.671428613,1516591.5514286049],[8283930.33142861,1529435.8857143186],[8291129.260000043,1528688.4971428923],[8290504.180000044,1518385.7800000347],[8293509.448571473,1519210.791428607],[8293414.762857184,1524093.3800000325],[8296188.425714329,1528709.402857177],[8297876.954285756,1538182.748571463],[8300142.034285754,1541824.628571462],[8304915.300000042,1539045.4314286038],[8307141.840000041,1557665.8628571779],[8314599.148571469,1560731.8171428926],[8314100.791428611,1562712.8057143204]]]]},"properties":{"PRUID":"13","DGUID":"2021A000213","PRNAME":"New Brunswick / Nouveau-Brunswick","PRENAME":"New Brunswick","PRFNAME":"Nouveau-Brunswick","PREABBR":"N.B.","PRFABBR":"N.-B.","LANDAREA":71248.4981}},
{"type":"Feature","geometry":{"type":"MultiPolygon","coordinates":[[[[8413881.868571468,2275847.8400000334],[8412852.02000004,2271304.905714322],[8411863.834285758,2269489.1171428934],[8414977.511428617,2268613.634285748],[8417046.440000042,2271942.7800000347],[8413881.868571468,2275847.8400000334]]],[[[7608639.708571471,1239818.6428571753],[7603775.6428571865,1234956.3028571755],[7606557.1571429,1233292.6628571786],[7609550.757142901,1237418.3914286047],[7608639.708571471,1239818.6428571753]]],[[[8123387.70571433,1996747.220000036],[8121236.097142898,1994334.7342857495],[8126156.794285759,1991390.3200000338],[8126902.24857147,1994966.365714319],[8123387.70571433,1996747.220000036]]],[[[8401724.317142896,1793860.0914286077],[8399335.131428614,1789289.6628571786],[8400835.460000046,1785373.0714286044],[8397965.511428617,1780615.6257143207],[8402489.951428615,1780413.8028571792],[8401285.537142903,1788171.014285747],[8401724.317142896,1793860.0914286077]]],[[[8403184.311428614,2251396.16571432],[8398184.008571468,2241902.957142893],[8400590.582857184,2238652.571428608],[8404081.571428612,2249747.0742857493],[8403184.311428614,2251396.16571432]]],[[[7805280.754285753,1528013.0028571784],[7800087.0200000405,1525616.0257143192],[7798006.294285752,1521403.3228571787],[7801805.191428609,1519989.1057143211],[7805280.754285753,1528013.0028571784]]],[[[7633532.114285752,1245492.711428605],[7633154.377142899,1243932.9885714613],[7631505.920000039,1240706.1600000337],[7626295.897142895,1234565.3714286052],[7631168.294285752,1234354.7628571764],[7634634.694285758,1242785.0314286053],[7633532.114285752,1245492.711428605]]],[[[7609768.068571471,1225661.6057143211],[7603657.782857187,1224309.3885714635],[7603881.482857183,1219750.5114286058],[7612040.437142901,1221421.9600000344],[7609768.068571471,1225661.6057143211]]],[[[8388887.985714331,2183698.051428605],[8386054.300000042,2181651.3771428913],[8392300.265714325,2172844.320000034],[8395952.554285757,2176227.0828571767],[8388887.985714331,2183698.051428605]]],[[[8409505.482857183,2275891.828571465],[8403742.054285757,2271032.0828571767],[8405820.454285756,2267019.9285714626],[8410940.957142897,2269592.2714286074],[8412886.611428611,2272439.142857179],[8409505.482857183,2275891.828571465]]],[[[8414774.094285756,1816990.5028571784],[8406982.84000004,1813018.9200000353],[8405198.437142901,1810324.177142892],[8399784.2971429,1796736.4714286067],[8397354.65142861,1787396.142857179],[8394336.322857186,1780681.797142893],[8391466.417142898,1777663.1971428916],[8390545.062857188,1773291.9171428904],[8398463.128571473,1762863.6600000337],[8393392.78857147,1758279.87428575],[8398283.52571433,1755768.2228571773],[8402021.571428612,1760921.788571462],[8395725.534285754,1766602.945714321],[8394508.091428615,1769818.0285714641],[8397302.33142861,1772669.8885714635],[8397229.88000004,1778013.5057143196],[8395003.902857184,1779089.4942857474],[8400482.097142898,1797934.902857177],[8404061.088571474,1807185.2400000356],[8415372.102857187,1815113.3571428917],[8414774.094285756,1816990.5028571784]]],[[[7433239.1428571865,2764262.2285714634],[7428899.9342857525,2758495.9000000358],[7434710.348571472,2754665.142857179],[7435801.042857185,2745919.831428606],[7441466.602857187,2744146.6914286055],[7442678.614285752,2753499.3542857505],[7436525.582857184,2763763.797142893],[7433239.1428571865,2764262.2285714634]]],[[[7785436.862857185,1473349.3114286065],[7781999.905714326,1472314.1171428896],[7775843.214285754,1466419.0457143188],[7772488.625714324,1458564.3542857468],[7767310.894285753,1449837.365714319],[7771312.668571472,1447852.860000033],[7776623.168571472,1451253.6657143198],[7778637.302857183,1455836.022857178],[7782967.260000043,1461086.1171428896],[7785436.862857185,1473349.3114286065]]],[[[7628370.848571472,1266703.1857143193],[7626470.611428611,1266329.4114286043],[7623067.140000038,1263948.1971428916],[7622224.348571472,1264128.7600000352],[7614051.694285758,1260272.4114286043],[7611320.817142896,1251888.3742857464],[7606411.282857187,1242625.9971428923],[7607869.180000044,1239836.3428571783],[7616201.294285752,1241331.2657143213],[7621784.568571471,1248908.1800000332],[7622445.585714325,1257051.3485714607],[7628370.848571472,1266703.1857143193]]],[[[7632126.140000038,1268176.282857176],[7629110.908571467,1266569.591428604],[7622968.874285758,1255900.6857143193],[7622382.134285755,1249223.9971428923],[7617001.848571472,1241326.9571428895],[7610085.008571468,1240006.9285714626],[7609052.005714327,1234558.5685714632],[7602990.071428612,1227627.7342857495],[7607899.654285759,1226099.5400000326],[7612829.071428612,1230598.5257143192],[7618013.768571466,1233239.5828571767],[7626271.400000043,1234687.3342857473],[7633118.531428613,1244014.4771428928],[7632731.994285755,1248900.7657143213],[7633801.5657143295,1255355.4628571756],[7632126.140000038,1268176.282857176]]],[[[7581710.594285756,1195326.6571428925],[7591520.068571471,1205116.9542857483],[7594619.245714329,1202566.5457143188],[7601421.591428615,1202985.6171428896],[7607401.185714327,1206578.32571432],[7610847.574285753,1216967.4657143205],[7602807.682857186,1219807.32571432],[7600474.217142895,1225329.3914286047],[7595130.4342857525,1226980.4971428923],[7576428.194285758,1228713.942857176],[7573287.757142901,1227156.3514286056],[7567801.9885714725,1233424.020000033],[7568868.931428611,1203130.5771428905],[7581710.594285756,1195326.6571428925]]],[[[8229376.9771429,1974207.4400000349],[8223941.265714325,1973380.4400000349],[8215752.214285754,1974798.1485714614],[8211028.800000042,1973078.5028571784],[8208212.002857186,1974964.5800000355],[8204224.691428617,1973393.488571465],[8197624.671428613,1974062.9200000353],[8193596.882857181,1973056.3485714644],[8175599.905714326,1970743.1657143198],[8154959.128571473,1964473.797142893],[8149996.037142895,1964079.4685714617],[8141508.045714326,1960658.8828571774],[8133499.074285753,1961374.7571428902],[8125975.534285754,1959421.3371428922],[8119921.354285754,1959748.2457143217],[8110340.191428617,1953732.5457143188],[8100207.688571468,1944655.4371428937],[8100592.271428615,1939238.5742857493],[8105619.371428616,1939126.142857179],[8109630.794285759,1936453.4371428937],[8116957.20000004,1937475.8914286047],[8120411.948571473,1936699.5428571776],[8135152.931428611,1937759.220000036],[8143056.857142895,1939215.594285749],[8155813.714285754,1937954.4628571793],[8161668.125714324,1934968.8800000362],[8171385.500000045,1932959.4485714622],[8177501.714285754,1928338.7628571764],[8178614.848571472,1925622.2400000356],[8184305.334285758,1921135.2400000356],[8195202.965714328,1922323.6171428934],[8203214.445714325,1921751.634285748],[8205938.782857187,1923020.4771428928],[8215969.640000045,1920117.2714286074],[8236548.980000041,1921579.522857178],[8245865.334285758,1923238.9400000349],[8266799.725714326,1929156.4342857487],[8283768.420000039,1930908.6028571762],[8288682.068571471,1932683.128571462],[8297044.854285754,1937610.7371428907],[8305270.937142901,1940761.488571465],[8307605.540000044,1943447.6457143202],[8313984.83142861,1944736.3942857496],[8319704.908571467,1952515.677142892],[8320757.688571468,1956830.2742857486],[8314305.228571467,1961529.8342857473],[8302952.514285758,1966146.408571463],[8301051.051428616,1969247.9371428937],[8295034.691428617,1971012.8142857477],[8277018.802857183,1968099.3771428913],[8274419.028571472,1966125.1028571762],[8268422.322857186,1966694.3800000362],[8266728.751428612,1969533.7257143222],[8262593.671428613,1968606.0285714641],[8258722.691428617,1969995.0714286044],[8256095.617142901,1967829.2171428911],[8243326.491428614,1974345.7771428935],[8233370.317142896,1973424.8542857505],[8229376.9771429,1974207.4400000349]]],[[[8032591.925714329,1684383.2457143217],[8037599.811428614,1688253.2371428907],[8045608.88000004,1696596.8342857473],[8045969.625714324,1702910.5457143188],[8049274.468571469,1705952.7428571768],[8056517.131428614,1706568.9228571765],[8062784.2971429005,1704890.368571464],[8062527.305714324,1709436.360000033],[8068193.737142898,1712814.59714289],[8074533.734285757,1713030.5314286053],[8076794.557142898,1716228.7000000328],[8077337.320000045,1721444.174285747],[8080450.83142861,1728579.408571463],[8085926.911428615,1727522.517142892],[8092687.968571469,1724289.0114286058],[8099024.742857188,1725961.297142893],[8110396.508571468,1726051.2342857495],[8113997.062857181,1727088.8142857477],[8122794.848571472,1723142.4142857492],[8131557.7885714695,1727147.0285714641],[8132173.842857182,1728863.8342857473],[8140164.145714328,1735617.87428575],[8142083.2971429005,1740309.6828571782],[8149568.668571472,1752297.0800000355],[8149949.285714328,1756429.1914286055],[8158566.311428614,1763233.562857177],[8159922.757142901,1781725.2257143185],[8164770.585714325,1787435.6800000332],[8175813.568571471,1797597.9200000353],[8180433.102857187,1799666.065714322],[8178655.305714324,1805688.0085714646],[8182662.874285758,1811149.9542857483],[8182562.877142899,1814223.9742857479],[8176220.285714328,1814444.2285714634],[8172470.117142901,1820572.3857143186],[8179139.251428612,1826921.2457143217],[8174315.4428571835,1827784.9142857492],[8170795.994285755,1830833.0742857493],[8160498.388571471,1833488.6142857485],[8155820.922857188,1837545.8200000338],[8156564.908571467,1841769.3885714635],[8167496.465714328,1841356.297142893],[8166297.594285756,1849210.0885714628],[8159342.968571469,1852610.9628571756],[8140561.002857186,1859345.1457143202],[8129380.940000042,1861085.100000035],[8118341.437142901,1859982.2371428907],[8109314.505714327,1861488.3085714616],[8103438.497142896,1861057.1400000341],[8090320.042857185,1858077.9200000353],[8078623.491428614,1853438.797142893],[8074853.70571433,1853860.6971428916],[8059340.517142899,1847686.8828571774],[8047389.197142899,1840300.5742857493],[8043637.654285759,1836715.2714286074],[8033293.708571471,1832816.1542857476],[8025620.6571429,1828180.8285714649],[8011013.7971429005,1817365.5028571784],[8005164.765714325,1811970.9971428923],[8003171.031428613,1808199.205714319],[7998494.540000044,1806113.3542857505],[7995626.791428611,1802815.100000035],[7987201.4342857525,1796564.331428606],[7983876.100000039,1790758.7942857482],[7978148.411428615,1786081.6085714623],[7975822.440000042,1781805.87428575],[7965035.554285757,1769695.480000034],[7952794.780000038,1759513.9542857483],[7948246.914285757,1753220.020000033],[7943343.597142898,1750264.3485714644],[7940467.888571471,1745072.142857179],[7927235.445714325,1731478.2514286041],[7921417.5200000405,1721553.1914286055],[7917985.7885714695,1717627.6600000337],[7915133.714285754,1717604.0400000326],[7912032.785714328,1711310.1257143207],[7908034.694285758,1710000.3828571774],[7899602.500000045,1696373.0771428905],[7894201.125714324,1691755.1971428916],[7891024.577142902,1680862.3885714635],[7888374.682857186,1679615.365714319],[7883153.8371429,1672040.1828571782],[7868475.111428611,1653807.4057143219],[7857540.897142902,1629836.9657143205],[7856786.985714324,1626233.282857176],[7850644.860000044,1614850.21428575],[7845804.88000004,1609497.7685714625],[7842682.285714328,1595117.6857143193],[7843877.7114286125,1591538.2257143185],[7841310.92857147,1577256.100000035],[7838351.0885714665,1572335.1228571758],[7836256.791428611,1562133.562857177],[7832264.625714324,1555968.177142892],[7831189.614285752,1549562.7628571764],[7828413.497142896,1548276.982857179],[7823857.840000041,1539652.0085714646],[7823560.345714331,1535119.8085714616],[7825933.482857183,1529400.4628571756],[7823408.862857185,1523265.6228571758],[7818454.557142898,1518820.211428605],[7817725.800000042,1511346.4657143205],[7815054.182857186,1500044.7428571768],[7808791.254285753,1486223.7628571764],[7808617.265714325,1481885.1600000337],[7804750.271428615,1475968.4542857483],[7799869.33142861,1473608.7800000347],[7794797.080000043,1466127.6485714614],[7789478.302857183,1462029.9571428895],[7787282.20000004,1457513.174285747],[7781503.851428613,1454401.791428607],[7778440.811428614,1448608.1800000332],[7770618.20571433,1445109.2085714638],[7765756.960000038,1444008.5428571776],[7764711.111428611,1437191.020000033],[7762216.60857147,1433352.1171428896],[7753091.422857188,1424625.5057143196],[7749497.6428571865,1423168.2685714625],[7737506.051428616,1411532.9057143182],[7727883.3371429,1407504.4171428904],[7720268.040000044,1409255.4485714622],[7718420.277142897,1404468.8628571779],[7715244.65142861,1401144.43714289],[7712889.517142899,1394845.1142857485],[7706078.811428614,1392264.9400000349],[7700501.054285757,1384114.7971428894],[7701036.502857186,1375185.557142891],[7695019.034285754,1369380.942857176],[7687124.517142899,1364491.6571428925],[7681461.777142897,1353182.2085714638],[7675290.814285755,1344823.9971428923],[7676824.465714328,1339773.291428607],[7668673.245714329,1330760.4542857483],[7663651.731428616,1328253.6914286055],[7660048.542857185,1321810.6200000346],[7655130.614285752,1317592.4285714626],[7646326.20571433,1313110.82571432],[7644835.817142896,1301142.1457143202],[7646141.517142899,1295577.1257143207],[7645532.660000041,1291492.8000000343],[7635134.828571469,1270708.3114286065],[7636812.834285758,1256917.062857177],[7634098.668571472,1249033.4342857487],[7639815.20571433,1238748.0657143183],[7638081.240000039,1234581.3085714616],[7630744.382857181,1232591.2942857482],[7625582.551428616,1232526.8171428926],[7620179.954285756,1229214.5714286044],[7617777.88000004,1220616.7371428907],[7612892.462857187,1217350.5028571784],[7609565.862857185,1208233.8942857496],[7604011.371428609,1202774.6571428925],[7595398.514285758,1201443.0600000322],[7595068.668571472,1198041.7257143185],[7591891.0200000405,1194707.5657143183],[7586455.005714327,1192861.865714319],[7579298.448571466,1185452.8571428917],[7580103.888571471,1182364.557142891],[7576037.757142901,1173958.0085714608],[7573762.080000043,1173591.402857177],[7566268.674285755,1166822.6142857485],[7589250.70000004,1172375.3342857473],[7603225.56000004,1176268.8828571774],[7625379.905714326,1183909.4685714617],[7641272.411428615,1188664.6142857485],[7676311.70571433,1200478.5457143188],[7677263.228571467,1209029.9342857487],[7683614.8657143265,1207826.1057143211],[7683947.65142861,1202932.7085714638],[7718930.517142899,1213635.7742857486],[7725219.100000039,1214812.3857143186],[7748290.637142897,1221669.291428607],[7774239.394285753,1230395.4142857492],[7805192.540000044,1241228.628571462],[7804075.997142896,1246936.0428571776],[7807058.794285752,1254829.6628571786],[7805980.528571472,1256526.0371428914],[7806621.914285757,1264282.98571432],[7804753.688571468,1268377.8428571783],[7807811.571428612,1270337.2628571764],[7811589.528571472,1277562.0514286049],[7817629.805714324,1273505.282857176],[7825124.057142898,1275439.4257143214],[7825743.342857182,1282484.9228571765],[7835250.208571471,1290138.9714286067],[7838830.374285758,1288214.2342857495],[7842885.7885714695,1281386.5685714632],[7845943.188571468,1284634.0657143183],[7847170.902857184,1289544.9142857492],[7845642.202857181,1297014.1600000337],[7842679.851428613,1299976.5114286058],[7846774.868571468,1304792.3114286065],[7849848.10857147,1302352.7285714634],[7857483.688571468,1302962.6228571758],[7856707.457142897,1307350.705714319],[7847487.737142898,1312297.1971428916],[7846905.562857181,1320744.6514286064],[7848592.680000044,1326677.2742857486],[7851765.5657143295,1330587.0514286049],[7852884.120000042,1335358.791428607],[7855296.308571473,1336172.128571462],[7858255.4428571835,1341897.6942857467],[7862656.70571433,1345108.0000000335],[7862383.634285755,1348763.480000034],[7858599.351428613,1352658.4000000358],[7862029.465714328,1360746.7000000328],[7865593.317142896,1364271.8114286065],[7866317.848571472,1372635.3428571783],[7863462.134285755,1374569.2742857486],[7860154.5657143295,1373132.3800000325],[7857592.860000044,1379105.7571428902],[7856845.245714329,1387697.674285747],[7858843.911428615,1394481.9885714613],[7853416.83142861,1397372.3171428926],[7853986.42857147,1414763.6142857485],[7857336.551428616,1419506.1514286064],[7859683.462857187,1426534.9942857474],[7861880.625714324,1427812.0828571767],[7855658.551428616,1459063.9628571756],[7881915.631428614,1559727.177142892],[7885264.097142898,1560708.591428604],[7897598.991428614,1559161.3000000343],[7897632.457142897,1555294.5885714628],[7900515.037142895,1547647.9142857492],[7916446.160000041,1559488.2800000347],[7929766.0885714665,1573937.0457143188],[7937758.568571471,1592114.2514286041],[7923203.7971429005,1629982.2714286074],[7941347.10857147,1637084.5800000355],[7937969.15142861,1645750.6057143211],[7974503.900000043,1660242.37428575],[7976421.60857147,1653431.8057143204],[7984037.820000045,1653713.517142892],[7995702.745714329,1651259.020000033],[7997239.548571467,1655973.2685714625],[8002668.877142899,1658507.908571463],[8006129.305714324,1658290.2314286046],[8010929.594285756,1662337.3542857468],[8010384.882857181,1664552.1142857485],[8014648.014285758,1668809.8114286065],[8022239.774285756,1666748.5342857502],[8020972.900000043,1672777.5742857493],[8022109.091428615,1677802.9314286076],[8026109.911428615,1681495.6942857504],[8032591.925714329,1684383.2457143217]]],[[[8082951.691428617,1987874.488571465],[8092148.231428616,1987294.1914286055],[8104663.9771429,1989722.9400000349],[8108132.851428613,1995712.9400000349],[8111838.742857188,1996818.9171428904],[8115766.191428617,2000411.6628571786],[8124908.500000045,2004949.3514286056],[8127720.191428617,2003967.951428607],[8133127.785714328,2006539.9171428904],[8135567.228571467,2003781.4742857479],[8141445.097142898,2004706.1114286073],[8145666.762857184,2009279.0885714628],[8156374.408571467,2007554.254285749],[8157134.857142895,2011922.4914286062],[8162208.660000041,2013171.0142857507],[8169024.197142899,2018521.8457143195],[8167441.902857184,2023376.0771428905],[8174014.825714327,2025239.0257143192],[8176039.051428616,2030234.8857143223],[8181931.857142895,2028919.9228571765],[8188375.917142898,2032098.8714286052],[8192235.794285759,2035824.0914286077],[8194814.714285754,2035580.2028571777],[8209282.245714329,2040946.7285714634],[8213828.611428611,2042002.791428607],[8216148.382857181,2047161.482857179],[8229791.5114286095,2047655.5285714641],[8234235.468571469,2050086.6857143193],[8239478.897142902,2050565.48571432],[8245174.165714331,2052736.628571462],[8246333.4342857525,2055633.4057143219],[8252721.531428613,2057844.8142857477],[8260187.962857187,2053560.4142857492],[8261315.237142898,2050693.9542857483],[8268361.480000041,2048775.8085714616],[8272040.680000044,2052351.9657143205],[8283905.314285755,2067785.177142892],[8292807.7885714695,2075307.9485714622],[8301441.085714325,2077866.5771428905],[8301201.925714329,2085305.5142857507],[8308265.574285753,2084551.720000036],[8315435.034285754,2088993.594285749],[8316703.557142898,2092152.4542857483],[8321753.38571433,2091395.0371428914],[8321929.782857187,2095543.1600000337],[8328342.394285753,2095968.480000034],[8336368.7971429005,2099776.9171428904],[8339319.637142897,2105538.980000034],[8342492.062857188,2105665.957142893],[8350073.994285755,2111472.897142891],[8354584.620000042,2111736.051428605],[8354424.851428613,2117466.6114286073],[8361197.022857182,2114142.5914286077],[8367228.425714329,2123222.871428605],[8372098.322857186,2127560.1942857504],[8374500.028571472,2133856.3571428917],[8369525.660000041,2138518.1885714643],[8374410.768571474,2151086.0371428914],[8382784.682857186,2158769.791428607],[8381462.571428612,2164036.2628571764],[8383767.440000042,2172158.32571432],[8382714.405714326,2177519.588571463],[8387914.900000043,2185341.0857143216],[8387297.6571429,2189503.785714321],[8389977.722857185,2192639.3942857496],[8393385.56571433,2204956.2342857495],[8401445.502857186,2203611.6228571795],[8402104.474285759,2213319.760000035],[8398623.140000045,2215934.802857179],[8399384.874285758,2219371.4171428904],[8394190.308571473,2225882.242857177],[8391155.61428576,2235312.3142857477],[8393231.111428611,2236926.9200000353],[8396968.1171429,2231470.477142893],[8398464.88000004,2239001.980000034],[8395480.197142899,2241017.2371428907],[8400600.691428617,2247139.8885714635],[8404326.702857181,2255643.6857143193],[8401708.56000004,2265602.820000034],[8404179.488571472,2275765.908571463],[8414741.405714326,2278819.177142892],[8418230.542857185,2282862.180000033],[8421470.891428612,2281179.020000037],[8431094.342857182,2291912.220000036],[8435944.677142896,2303127.7314286083],[8436071.965714328,2306817.4314286076],[8440427.302857183,2310861.5142857507],[8439257.680000044,2317090.334285751],[8447090.260000043,2317287.2285714634],[8453565.674285755,2323222.3828571774],[8453933.360000044,2326104.3457143195],[8465984.317142896,2337793.528571464],[8474005.242857188,2331374.3400000334],[8479599.142857186,2335321.6542857513],[8465980.902857184,2358114.3114286065],[8446268.120000042,2390222.9685714655],[8396424.605714329,2360100.7742857486],[8333476.737142898,2323742.2771428935],[8249808.8657143265,2277417.6885714643],[8208526.411428615,2255437.140000034],[8167716.660000041,2234244.4285714626],[8104611.234285757,2202770.4971428923],[8062462.162857182,2182405.0114286058],[8045955.660000041,2174634.6571428925],[8040763.417142898,2179324.2571428902],[8044047.842857182,2183649.705714319],[8049972.362857185,2182255.285714321],[8051273.074285753,2185507.180000033],[8047194.234285757,2186849.6571428925],[8046848.802857183,2190301.8514286056],[8034381.620000042,2203846.1914286055],[8032477.251428612,2208434.525714319],[8027228.980000041,2204882.6542857476],[8019045.497142896,2205683.5857143216],[8015779.594285756,2204933.5028571784],[8013126.717142902,2208797.8857143223],[8007373.774285756,2210981.820000034],[8004679.540000044,2217074.8828571774],[8005759.271428615,2226149.457142893],[8013496.731428616,2235698.2314286083],[8021355.597142898,2240030.5057143196],[8027749.842857182,2245137.8400000334],[8037137.620000042,2249226.600000035],[8039988.3371429,2253090.4171428904],[8032749.014285758,2256044.474285748],[8028361.905714326,2254855.022857178],[8023699.228571467,2256962.211428605],[8019270.4771429,2262560.5114286058],[8013264.031428613,2256624.9542857483],[8009175.614285752,2249777.9171428904],[8005200.371428616,2249777.9171428904],[8003318.851428613,2243680.6571428925],[7996952.802857183,2241572.788571462],[7991322.38571433,2237852.1857143193],[7996118.1428571865,2224837.1542857476],[7994066.860000044,2220267.7457143217],[8000149.97142861,2216589.5857143216],[8008595.597142898,2205258.022857178],[8006555.180000044,2200362.914285749],[8008340.954285756,2194506.474285748],[8005737.948571473,2192823.0085714646],[8013077.460000038,2181009.828571465],[8016511.182857186,2177361.5000000335],[8012385.948571473,2173951.6228571795],[8014460.4885714725,2169850.2342857495],[8014698.9428571835,2164842.7228571773],[8019658.762857184,2161480.5371428914],[8017560.377142899,2158547.568571463],[8013244.38000004,2157903.7457143217],[8018871.8657143265,2143930.405714322],[8024093.982857183,2140806.674285751],[8028243.0657143295,2135775.3171428926],[8028338.445714325,2125974.905714322],[8022901.7200000435,2124639.568571463],[8022671.282857187,2118693.751428608],[8018919.557142898,2110785.457142893],[8006973.068571471,2120562.022857178],[7997172.6571429,2122350.4200000353],[7986609.194285758,2120562.025714319],[7989112.948571473,2114004.571428608],[7979217.154285759,2116246.028571464],[7978191.808571473,2112955.3771428913],[7970410.957142897,2113026.862857178],[7967232.182857186,2116111.448571462],[7958826.091428615,2116935.5771428905],[7952068.254285753,2118772.2028571777],[7952421.451428615,2125176.8428571783],[7947570.877142899,2126471.897142891],[7935797.640000038,2133253.282857176],[7936103.745714329,2129556.48571432],[7927815.38571433,2126236.4342857487],[7928027.302857183,2131063.4600000344],[7924660.1571429,2132334.9714286067],[7912533.722857185,2127861.140000034],[7912745.6428571865,2123834.6942857504],[7908154.080000043,2124705.914285749],[7909072.394285753,2119902.4342857487],[7898994.500000045,2121715.5114286058],[7897826.631428614,2127735.411428608],[7895095.240000039,2130537.442857176],[7889670.097142898,2132546.8885714635],[7886561.962857187,2131510.8457143195],[7882276.505714327,2134454.1542857476],[7877873.314285755,2133959.677142892],[7886067.485714324,2123057.6600000337],[7883215.371428616,2118347.8485714644],[7864420.4342857525,2134968.914285749],[7867031.574285753,2138120.9342857487],[7871358.605714329,2139370.551428605],[7871265.348571472,2144499.5771428905],[7865278.38000004,2150169.480000034],[7867143.480000041,2151829.4200000353],[7861695.171428613,2161403.057142891],[7854927.074285753,2166134.7371428907],[7856139.388571471,2172121.708571464],[7864356.351428613,2166333.4371428937],[7865037.10857147,2170188.6171428934],[7859106.091428615,2173657.7028571777],[7859087.440000042,2178898.634285748],[7853100.468571469,2185184.020000037],[7847467.8657143265,2188298.7371428907],[7848344.462857187,2192103.5400000364],[7854275.480000041,2192551.16571432],[7855730.260000043,2194863.8885714635],[7849221.06000004,2199806.402857177],[7843617.362857185,2206427.37428575],[7837840.194285758,2208012.0828571767],[7835453.100000039,2206327.0771428905],[7838060.848571472,2202375.331428606],[7837439.000000045,2196156.8485714644],[7833727.97142861,2193007.488571465],[7830016.9428571835,2193529.0400000364],[7830598.671428613,2185585.4314286076],[7835774.051428616,2176257.708571464],[7834369.88000004,2172667.0371428914],[7830739.0885714665,2169698.21428575],[7831942.6657143235,2163620.148571465],[7825864.602857187,2164061.4600000344],[7827970.862857185,2159788.7628571764],[7825222.694285758,2158504.945714321],[7818362.305714324,2165525.8142857477],[7813648.5114286095,2162089.0028571784],[7810459.034285754,2164115.025714319],[7809054.860000044,2170915.2371428907],[7805825.262857184,2174124.7742857486],[7801893.577142902,2169470.942857176],[7797801.417142898,2166843.134285748],[7793784.351428613,2169467.87428575],[7790906.045714326,2168028.7228571773],[7786315.234285757,2172467.242857177],[7786445.622857183,2176215.8942857496],[7779926.222857185,2183810.991428606],[7776144.974285759,2191112.717142891],[7781621.268571466,2196067.4600000344],[7789607.531428613,2199718.3228571787],[7793453.974285759,2197110.562857177],[7799451.820000038,2195317.7285714634],[7802450.742857181,2197958.0857143216],[7797756.777142897,2205585.7800000347],[7797593.791428611,2210833.8942857496],[7794888.242857181,2220775.974285748],[7789542.3371429,2221916.871428605],[7791987.10857147,2226480.448571462],[7792247.88571433,2232999.8457143195],[7788629.620000042,2238313.1542857476],[7785141.740000039,2237889.3914286047],[7781327.894285753,2241312.0800000355],[7773178.645714328,2239258.4685714655],[7769788.56000004,2237009.2742857486],[7766333.280000038,2238802.1085714623],[7755674.062857181,2241246.8828571774],[7752740.334285758,2248124.8485714644],[7749545.83142861,2249624.3114286065],[7744656.282857187,2249135.3571428917],[7743472.622857183,2253171.1257143207],[7737908.70571433,2250960.788571462],[7740646.854285754,2260250.9285714626],[7735561.722857185,2260413.914285749],[7731389.308571473,2263380.2400000356],[7730965.548571467,2267552.6542857476],[7726727.940000042,2266607.3428571783],[7722522.92857147,2270649.368571464],[7716329.502857186,2270942.71428575],[7713232.785714328,2272735.5742857493],[7714373.680000044,2280298.0742857493],[7709777.505714327,2283427.3885714635],[7711309.5657143295,2287436.8171428926],[7716590.277142897,2289751.2028571777],[7717196.7114286125,2296357.7342857495],[7713102.400000043,2298128.628571462],[7710038.951428615,2305957.991428606],[7704496.794285752,2307483.9657143205],[7704399.002857186,2311754.1685714647],[7699375.274285756,2315453.602857176],[7705050.9428571835,2319903.417142894],[7708506.222857185,2326031.6514286064],[7713819.534285754,2326683.5914286077],[7713852.131428614,2331247.1685714647],[7708604.014285758,2335126.211428605],[7714438.877142899,2337277.6114286073],[7721284.245714329,2333887.525714319],[7728129.611428611,2334669.8514286056],[7724185.374285758,2338809.671428606],[7725326.271428615,2343862.2028571777],[7729237.911428615,2349827.451428607],[7728422.985714324,2353413.1228571795],[7730835.160000041,2358563.445714321],[7717894.1571429,2365050.2457143217],[7700226.5885714665,2377339.3114286065],[7695467.42857147,2381381.337142892],[7692207.731428616,2386466.4657143205],[7694293.937142901,2390345.5057143196],[7699313.874285758,2392431.71428575],[7705116.137142897,2391323.414285749],[7705898.465714328,2387118.402857177],[7722816.302857183,2379132.142857179],[7724902.508571468,2376817.757142894],[7732171.637142897,2374405.5800000355],[7736643.117142901,2375510.757142894],[7741846.88571433,2373339.057142891],[7748147.52571433,2373759.6514286064],[7751170.171428613,2376140.302857179],[7752648.820000038,2381888.291428607],[7746213.571428612,2387303.065714322],[7743422.88000004,2391072.5800000355],[7737966.454285756,2394217.3142857477],[7739938.160000041,2398658.871428605],[7735248.325714327,2401907.9971428923],[7731176.537142895,2408434.98571432],[7727236.094285756,2418872.1085714623],[7729155.794285752,2421024.1942857504],[7719102.614285752,2426278.1200000346],[7719799.771428615,2431936.1885714643],[7726458.10857147,2429147.568571463],[7729529.631428614,2426187.1857143193],[7733399.348571472,2427753.257142894],[7742280.500000045,2423923.957142893],[7745847.105714329,2420114.862857178],[7755546.6571429,2415083.220000036],[7764559.1571429,2409061.414285749],[7768358.148571469,2408182.3942857496],[7772066.20571433,2410142.5114286058],[7778926.617142901,2406757.7714286074],[7780745.282857187,2409071.517142892],[7791404.682857186,2411920.760000035],[7796011.968571469,2403120.440000035],[7801003.197142899,2401271.4628571793],[7810046.005714327,2394330.220000036],[7814319.871428616,2399957.980000034],[7817462.122857183,2399685.180000037],[7822887.808571473,2401998.9285714626],[7821645.051428616,2408091.457142893],[7817057.974285759,2410354.6857143193],[7817522.742857181,2414042.5371428914],[7824666.057142898,2413557.560000036],[7825080.308571473,2417316.134285748],[7831799.268571466,2420215.897142891],[7830101.848571472,2429703.2685714625],[7831526.47142861,2433674.022857178],[7839596.254285753,2433638.140000034],[7841468.5114286095,2435250.2000000365],[7859881.808571473,2428779.711428605],[7859418.577142902,2425467.6142857485],[7861781.051428616,2419978.337142892],[7867328.237142898,2422769.3000000343],[7875411.605714329,2423811.565714322],[7875846.714285754,2433601.3514286056],[7881063.014285758,2435647.100000035],[7888672.65142861,2434681.7400000356],[7901408.42857147,2430194.1628571786],[7909493.5200000405,2425999.522857178],[7913191.845714331,2430050.071428608],[7917546.5885714665,2430178.1514286064],[7921004.765714325,2437430.717142891],[7926192.028571472,2436934.405714322],[7925712.785714328,2440746.991428606],[7921258.585714325,2443481.071428608],[7911155.160000041,2446993.7342857495],[7908837.528571472,2449854.560000036],[7913038.237142898,2453747.457142893],[7909091.0200000405,2457404.9685714655],[7906737.174285755,2466603.071428608],[7910901.668571472,2467888.631428607],[7918035.628571473,2466150.408571463],[7920027.345714331,2470278.6885714643],[7919701.42857147,2477829.100000035],[7917673.500000045,2482247.0857143216],[7913581.431428611,2483532.6457143202],[7911915.634285755,2486321.0457143225],[7912603.680000044,2495030.2714286074],[7910104.982857183,2497166.840000037],[7916369.83142861,2503033.3428571783],[7912567.465714328,2506527.897142891],[7909199.660000041,2501313.225714322],[7899820.491428614,2501856.4228571765],[7900834.457142897,2504862.100000035],[7905542.145714328,2509750.8542857505],[7903333.15142861,2512955.7057143226],[7909525.574285753,2515816.5314286053],[7915066.162857182,2521139.8428571783],[7913183.0885714665,2525775.105714321],[7909416.937142901,2523113.451428607],[7903478.005714327,2523222.088571463],[7893302.154285759,2517627.182857178],[7888594.462857187,2517228.840000037],[7884393.757142901,2520488.0114286058],[7887833.991428614,2525376.7628571764],[7887544.2885714695,2529740.4285714626],[7883633.282857187,2535498.297142893],[7882402.042857185,2540133.560000036],[7879505.002857186,2539409.3000000343],[7875775.062857181,2545963.8514286056],[7877078.734285757,2550526.6885714643],[7869401.577142902,2551975.208571464],[7867047.734285757,2557443.371428605],[7862014.125714324,2557841.71428575],[7862484.894285753,2564378.1600000337],[7865888.917142898,2565573.1885714643],[7869582.6428571865,2571819.9314286076],[7871682.997142896,2577722.648571465],[7875087.017142899,2578809.0371428914],[7873783.351428613,2582846.785714321],[7866794.242857181,2577523.477142893],[7859406.794285752,2579641.9371428937],[7854336.974285759,2578990.10285718],[7847902.494285755,2582268.2000000365],[7846341.451428615,2575658.8942857496],[7842966.0885714665,2575821.4657143205],[7838692.957142897,2580094.600000035],[7839562.068571471,2582720.0400000364],[7845537.194285758,2590252.3114286065],[7837787.631428614,2591881.9285714626],[7829929.414285757,2591030.9228571765],[7825547.640000038,2592841.5742857493],[7826127.048571467,2597911.3942857496],[7819101.728571467,2605353.1628571786],[7829350.005714327,2606186.062857177],[7834021.480000041,2613283.8114286065],[7830074.265714325,2613501.088571463],[7826923.737142898,2620146.171428606],[7817073.800000042,2624256.3485714644],[7816313.328571469,2629507.2314286083],[7812692.028571472,2627913.8600000367],[7807622.208571471,2631064.3914286084],[7808129.191428609,2639375.2742857486],[7811171.082857184,2642199.8885714635],[7807875.70000004,2649207.10285718],[7814176.760000043,2656196.208571464],[7809939.840000041,2659509.7000000365],[7807296.291428611,2664289.8142857514],[7806861.734285757,2668309.457142893],[7803566.351428613,2675570.1628571786],[7807803.274285756,2676294.4228571802],[7807767.06000004,2684025.897142891],[7804833.808571473,2689385.4200000353],[7804326.825714327,2694527.66571432],[7795056.300000042,2694581.98571432],[7793897.482857183,2700846.834285751],[7800524.462857187,2708071.32571432],[7797518.782857187,2713177.3600000367],[7794042.334285758,2713539.488571465],[7790783.1657143235,2718518.7742857486],[7790095.120000042,2723262.677142892],[7786365.180000044,2728314.3914286084],[7791507.425714329,2734072.257142894],[7792159.260000043,2739649.060000036],[7788646.600000039,2747290.0000000373],[7785025.300000042,2736136.3971428946],[7776515.24857147,2738870.480000034],[7774921.874285758,2737349.5342857502],[7768512.174285755,2743451.4228571802],[7764347.680000044,2744320.5371428914],[7762355.965714328,2738345.3942857496],[7758119.045714326,2741296.751428608],[7746060.120000042,2755148.2228571773],[7740664.382857181,2760435.320000034],[7735992.908571467,2760996.6228571795],[7729728.06000004,2759113.5457143225],[7725020.371428609,2770900.8771428913],[7726541.317142896,2774196.260000035],[7732226.757142901,2779103.1200000346],[7732842.377142899,2781819.094285749],[7729981.551428616,2794149.6200000346],[7737296.577142902,2798658.137142893],[7735775.631428614,2806733.6342857517],[7741895.625714324,2807820.025714323],[7742873.377142899,2815515.285714321],[7739577.994285755,2815732.565714322],[7736862.0200000405,2821562.8571428917],[7733892.554285757,2821327.4714286067],[7732516.462857187,2815424.754285749],[7728496.817142896,2814193.5114286058],[7724223.685714327,2815569.605714321],[7720566.171428613,2823011.3771428913],[7720783.451428615,2830652.3200000376],[7726541.317142896,2831267.940000035],[7735087.582857184,2839071.840000037],[7741642.137142897,2843037.1628571786],[7746494.680000044,2847600.0000000373],[7746023.908571467,2850497.0400000364],[7739867.702857181,2855729.8200000376],[7736644.742857181,2856671.3571428917],[7726142.9771429,2854915.028571464],[7726106.762857184,2850460.831428606],[7715930.911428615,2841280.834285751],[7716582.745714329,2836645.571428608],[7714156.474285759,2832770.7800000347],[7710100.620000042,2836011.8428571783],[7707746.774285756,2834273.6200000346],[7703871.985714324,2842095.6257143207],[7696991.514285758,2843743.3171428926],[7690545.600000039,2841208.408571463],[7686670.811428614,2836953.3828571774],[7682470.105714329,2837424.1514286064],[7678957.4428571835,2840140.1257143207],[7674611.88571433,2838999.417142894],[7671533.780000038,2833567.4685714655],[7664870.5885714665,2842276.6914286055],[7666572.600000039,2850134.911428608],[7671461.354285754,2852325.8000000343],[7673742.774285756,2849066.6285714656],[7679319.574285753,2850261.6571428925],[7686996.728571467,2848324.26285718],[7689567.851428613,2852452.5457143225],[7695651.637142897,2856073.845714323],[7690545.605714329,2860002.9542857483],[7680152.474285759,2859206.2685714625],[7677364.071428612,2867625.791428607],[7674141.117142901,2868096.560000036],[7673090.940000042,2874814.071428608],[7667912.480000041,2878797.5000000373],[7668672.954285756,2883813.0000000373],[7665449.997142896,2884863.177142892],[7664436.031428613,2890621.0428571776],[7669759.342857182,2903784.4657143205],[7662951.300000042,2904128.488571465],[7658569.52571433,2893083.528571464],[7654912.0114286095,2889118.2028571777],[7651580.417142898,2889951.10285718],[7647633.20000004,2893898.3200000376],[7642128.825714327,2895980.565714322],[7635248.357142895,2903386.1257143207],[7639231.7885714695,2912892.0371428914],[7630685.5200000405,2923176.528571464],[7631989.188571468,2931342.5571428947],[7635393.208571471,2931451.1942857504],[7636153.682857186,2935398.411428608],[7633075.577142902,2939363.7342857495],[7629707.768571466,2937589.297142893],[7625869.194285758,2939399.948571466],[7623479.134285755,2937118.528571464],[7616453.811428614,2945338.880000036],[7620908.0114286095,2945483.7314286083],[7624456.88571433,2947765.148571465],[7624891.4428571835,2951350.2371428944],[7629055.937142901,2957108.10285718],[7626376.174285755,2961833.9000000358],[7619278.425714329,2958792.0085714646],[7618192.037142895,2960620.76285718],[7610804.585714325,2962033.071428608],[7609464.702857181,2966324.3114286065],[7614860.440000042,2971394.131428607],[7624221.802857183,2976752.637142893],[7620165.817142896,2978388.417142894],[7614637.257142901,2978330.588571463],[7610231.094285756,2972769.8085714653],[7607945.60857147,2967312.7285714634],[7605096.3371429,2964412.5142857507],[7607794.368571468,2955451.785714321],[7606579.962857187,2944019.717142891],[7611618.245714329,2940834.760000035],[7606501.1657143235,2937283.4228571802],[7609728.400000043,2931096.0057143234],[7609980.500000045,2927416.131428607],[7607833.794285752,2923311.8600000367],[7610330.782857187,2915208.0771428943],[7605315.38000004,2915160.98571432],[7600549.42857147,2904698.977142893],[7600525.877142899,2895651.1542857513],[7602884.5885714665,2891911.4714286067],[7611031.42285718,2885878.988571465],[7611450.38000004,2883755.785714321],[7617425.8657143265,2878317.945714321],[7615100.014285758,2875027.488571465],[7620591.620000042,2864547.3542857505],[7613062.254285753,2862065.100000035],[7617790.285714328,2855125.871428609],[7619782.225714326,2849429.865714323],[7617922.345714323,2848218.988571465],[7610995.162857182,2849198.2771428935],[7609629.051428616,2847076.9742857516],[7613792.062857181,2842547.482857179],[7615039.871428609,2836928.2314286083],[7620460.408571467,2833982.7371428944],[7623308.997142896,2830330.0400000364],[7619082.06000004,2824769.4371428937],[7619444.505714327,2820322.1885714643],[7617128.171428613,2812838.177142892],[7611604.077142902,2805884.751428608],[7616199.134285755,2804818.1885714643],[7623858.6428571865,2805350.6685714647],[7622731.1657143235,2800961.865714323],[7614732.645714328,2801757.6942857504],[7612574.145714328,2799891.7114286087],[7611860.054285757,2790342.291428607],[7615906.160000041,2790894.7228571773],[7618716.351428613,2783660.571428608],[7614432.4342857525,2782894.588571463],[7603639.554285757,2789864.5028571784],[7595485.122857183,2792392.108571466],[7592650.154285759,2786309.328571465],[7593860.174285755,2776308.6114286073],[7591664.382857181,2769482.4542857483],[7591857.345714323,2763668.902857177],[7593595.785714328,2758497.020000037],[7592448.014285758,2755422.8085714653],[7596294.982857183,2751732.9000000358],[7594075.342857182,2749236.177142892],[7589573.120000042,2749525.220000036],[7588629.562857181,2742124.7057143226],[7584821.100000039,2739853.491428606],[7581795.268571466,2745170.9285714626],[7578869.005714327,2741683.8000000343],[7578129.1428571865,2730413.557142891],[7571726.345714323,2725396.748571463],[7571692.425714329,2722474.8828571774],[7566681.768571466,2718624.9371428937],[7565364.377142899,2711013.5771428943],[7561127.628571473,2712361.840000037],[7557288.514285758,2702767.2457143217],[7557119.737142898,2690855.10285718],[7553894.628571473,2691054.1571428925],[7552617.262857184,2696236.340000037],[7552465.8657143265,2705167.634285748],[7544587.197142899,2708475.597142894],[7543178.465714328,2718852.55428575],[7540320.245714329,2722919.2371428944],[7536906.685714327,2723601.1542857513],[7536842.182857186,2714332.0800000355],[7538040.531428613,2708399.87428575],[7533184.117142901,2710724.837142892],[7529147.828571469,2716220.260000035],[7529341.914285757,2723345.3457143195],[7525163.377142899,2724858.9314286076],[7523460.377142899,2729124.9685714655],[7520395.285714328,2728365.980000034],[7521779.83142861,2723387.757142894],[7509635.414285757,2719779.3942857496],[7505360.594285756,2725026.257142894],[7501836.991428614,2724958.680000037],[7499305.094285756,2733572.8114286065],[7494244.585714325,2738764.294285748],[7494938.391428612,2742033.097142894],[7490639.602857187,2746062.6600000374],[7484521.325714327,2745659.44285718],[7476468.534285754,2750309.6142857485],[7470937.122857183,2747330.3828571774],[7467658.191428609,2748732.5400000364],[7462330.305714324,2742550.3942857496],[7457596.660000041,2740988.597142894],[7448055.302857183,2739876.0742857493],[7443299.074285753,2738039.0457143225],[7441430.6571429,2734603.8885714635],[7436348.300000042,2731959.940000035],[7437007.5885714665,2727502.0742857493],[7434157.460000038,2720461.87428575],[7428403.185714327,2716536.4685714655],[7428989.280000038,2708400.7342857495],[7425668.225714326,2705678.9714286067],[7426090.5657143295,2699704.917142894],[7424749.4428571835,2695328.6542857513],[7420809.148571469,2696861.5400000364],[7419429.92857147,2707816.742857177],[7416727.208571471,2703786.94285718],[7413731.38571433,2704960.8828571774],[7412968.062857181,2711877.862857178],[7410539.114285752,2710923.3114286065],[7408213.462857187,2705626.402857177],[7404192.185714327,2708136.457142893],[7404660.4428571835,2713166.5028571784],[7407884.171428613,2714015.794285748],[7411477.534285754,2718382.1457143202],[7416765.182857186,2720031.7742857486],[7410849.568571471,2732288.9371428937],[7415122.514285758,2736975.217142891],[7417647.062857181,2731522.294285748],[7421006.908571467,2729669.600000035],[7420120.15142861,2725533.2400000356],[7424679.9428571835,2718958.742857177],[7430266.685714327,2722369.7742857486],[7429740.88000004,2728052.562857177],[7432411.268571466,2734249.5857143216],[7429051.725714326,2738606.3000000343],[7426352.42285718,2745449.520000037],[7430194.845714323,2754948.837142892],[7427581.74857147,2757752.917142894],[7418952.5657143295,2756337.1085714623],[7418555.785714328,2764758.862857178],[7422807.702857181,2764286.917142894],[7430301.154285759,2770224.131428607],[7427895.360000044,2778817.028571464],[7423860.985714324,2777405.9685714655],[7420720.768571466,2780179.9600000344],[7414633.902857184,2780210.7285714634],[7408572.857142895,2773068.517142892],[7403976.005714327,2770118.291428607],[7400852.974285752,2773606.3142857514],[7405543.857142895,2777123.5914286077],[7400132.960000038,2786803.7771428935],[7393833.645714328,2789795.588571463],[7396537.645714328,2799862.6514286064],[7400498.234285757,2802092.334285751],[7401646.268571466,2807304.1257143207],[7400154.522857182,2811326.4600000344],[7394989.5657143295,2810195.417142894],[7392129.545714326,2812255.754285749],[7395088.168571472,2816602.340000037],[7390684.92285718,2821254.8085714653],[7388456.437142901,2830458.7028571777],[7380766.202857181,2829648.402857177],[7378582.908571467,2836844.642857179],[7373687.951428615,2840743.408571463],[7370188.33142861,2840512.451428607],[7369105.722857185,2844689.831428606],[7379626.017142899,2849513.642857179],[7376133.671428613,2856334.8857143223],[7377300.15142861,2859362.1200000346],[7375780.6428571865,2864100.6885714643],[7367012.182857186,2870988.8228571787],[7363394.480000041,2871165.174285751],[7365927.785714328,2877018.528571464],[7362125.440000042,2881735.488571465],[7360603.228571467,2887129.988571465],[7355818.405714326,2888774.594285749],[7354025.991428614,2894658.988571465],[7357999.245714329,2895784.7114286087],[7359744.825714327,2902069.380000036],[7354937.771428615,2906532.4971428923],[7352470.445714325,2911481.0000000373],[7355840.70000004,2914185.32571432],[7357373.445714325,2918041.525714323],[7362931.077142894,2925248.597142894],[7360543.860000044,2939498.440000035],[7355223.208571471,2942723.3514286056],[7348276.614285752,2952853.7028571777],[7342558.60857147,2952060.297142893],[7342600.5885714665,2941051.8771428913],[7343556.637142897,2938125.251428608],[7347782.685714327,2934793.105714321],[7348320.914285757,2930560.4714286067],[7339202.451428615,2928054.4371428937],[7339809.4428571835,2923977.60285718],[7337808.7114286125,2918569.568571463],[7332628.465714328,2921393.071428608],[7329097.240000039,2919790.0114286058],[7324260.268571466,2928053.2114286087],[7323408.188571468,2931626.5085714646],[7318529.045714326,2934972.8228571787],[7318679.70000004,2942008.940000035],[7316712.082857184,2943832.0457143225],[7312083.514285758,2940035.3514286056],[7306980.7200000435,2940490.174285751],[7305488.340000041,2936823.21428575],[7299577.202857181,2935564.754285749],[7299419.357142895,2929682.3971428946],[7296352.8657143265,2928204.605714321],[7292474.311428614,2931355.417142894],[7287036.517142899,2932915.071428608],[7277574.494285755,2928456.5857143216],[7275914.825714327,2932667.4200000353],[7270034.640000038,2932930.291428607],[7264758.402857184,2930963.71428575],[7260240.860000044,2932729.302857179],[7255919.320000038,2930205.0457143225],[7248757.525714323,2929837.251428608],[7247865.180000037,2934360.680000037],[7238684.722857185,2931165.868571464],[7239740.197142899,2935698.3885714635],[7231736.540000044,2936633.6342857517],[7230080.900000043,2944094.217142891],[7225871.951428615,2942452.4742857516],[7224461.957142897,2945046.0514286086],[7231995.840000041,2947559.1285714656],[7230102.345714323,2950296.685714323],[7219132.517142899,2951199.948571466],[7224275.305714324,2956125.682857178],[7219933.802857183,2957379.988571465],[7220095.802857183,2962676.44285718],[7227801.420000039,2966418.5428571776],[7230925.105714329,2970376.531428609],[7228547.400000043,2973710.6514286064],[7213016.577142894,2977752.3171428926],[7208116.000000037,2975525.9342857487],[7209319.10857147,2972289.76285718],[7208312.751428612,2964854.294285752],[7205115.7885714695,2967797.294285752],[7205237.920000039,2973341.0000000373],[7202482.734285757,2977608.8428571783],[7197503.388571471,2980283.2828571796],[7194358.302857183,2977434.6914286055],[7190603.808571473,2977699.8971428946],[7193210.2200000435,2983188.21428575],[7187354.568571471,2990020.8428571783],[7177887.862857185,2989488.3514286056],[7166067.397142895,2993689.5000000373],[7163729.111428611,3001580.217142895],[7160152.540000044,3008297.482857179],[7152578.685714327,3009461.845714323],[7148107.494285755,3004125.5400000364],[7144557.100000039,3008611.8114286065],[7138474.60285718,3009604.522857178],[7127584.177142896,3016017.568571463],[7125901.300000042,3020651.0514286086],[7119637.268571466,3020297.071428608],[7114913.634285755,3023934.088571463],[7103333.0114286095,3025201.871428609],[7097783.440000042,3030871.017142892],[7090770.557142898,3026415.940000035],[7088134.311428614,3023023.642857179],[7084891.508571468,3014070.4600000344],[7074033.025714323,3005392.6142857485],[7074164.094285756,3001836.8514286056],[7069230.6657143235,2996161.9000000358],[7064238.100000039,2994587.831428606],[7059233.300000042,2995019.797142893],[7054481.271428615,2993247.648571465],[7053754.080000043,2987879.940000035],[7059380.980000041,2983535.594285749],[7058338.494285755,2981581.562857177],[7044370.74857147,2990236.8514286056],[7036087.1657143235,2989779.1885714643],[7032671.197142899,2990757.588571463],[7025665.131428614,2990136.82571432],[7021588.345714323,2991256.9314286076],[7016806.345714323,2988491.0428571776],[7014719.97142861,2982300.2714286074],[7010234.754285753,2978527.560000036],[7008991.0114286095,2984615.185714323],[7000970.965714328,2984202.600000035],[6991364.825714327,2987340.4285714626],[6987559.851428613,2986662.9742857516],[6978818.817142896,2987669.6114286073],[6973553.7885714695,2989606.2228571773],[6962929.751428612,2990618.597142894],[6954974.1657143235,2990010.605714321],[6954261.405714326,2992084.21428575],[6945681.854285754,2994904.1142857485],[6939113.725714326,2995022.682857178],[6933985.688571468,2993076.831428606],[6919232.800000042,2991452.3085714653],[6913857.894285753,2993840.8828571774],[6902753.760000043,2982739.1971428916],[6901968.202857181,2978705.982857179],[6898051.328571469,2974073.2428571805],[6892579.120000042,2971198.217142895],[6890272.794285752,2964831.05428575],[6886445.268571466,2963330.7114286087],[6884544.674285755,2953252.0742857493],[6886963.654285751,2946734.05428575],[6886330.177142896,2944038.9742857516],[6889033.528571472,2936831.1142857485],[6892309.905714326,2923760.9257143214],[6893956.534285754,2923428.4314286076],[6897557.1428571865,2916609.862857178],[6897378.751428612,2912971.2400000356],[6902654.768571466,2903723.2114286087],[6904634.8657143265,2897238.8514286056],[6909876.614285752,2893022.6228571795],[6917299.8657143265,2895281.828571465],[6922454.774285756,2886400.217142891],[6926049.980000041,2886620.457142893],[6927764.42285718,2883561.3200000376],[6927342.394285753,2878697.2057143226],[6932236.237142898,2876542.605714321],[6930915.574285753,2873332.742857177],[6921542.7114286125,2869423.5428571776],[6925824.274285756,2863318.3057143204],[6927816.194285758,2852991.685714323],[6929716.054285757,2850931.6342857517],[6930639.948571466,2843697.365714323],[6928250.054285757,2838153.3228571787],[6930315.280000038,2827892.182857178],[6926440.7971429005,2825134.6257143207],[6921813.702857181,2813914.8542857505],[6919274.9428571835,2810875.185714323],[6916147.154285751,2803706.4971428923],[6916045.171428613,2799282.1571428925],[6918355.182857186,2796707.2828571796],[6924868.42285718,2798602.862857178],[6935760.697142899,2797487.1600000374],[6943029.637142897,2800759.1942857504],[6947164.302857183,2800000.6685714647],[6945121.451428615,2791260.6628571786],[6939345.951428615,2786336.088571463],[6942129.760000043,2781125.685714323],[6946614.848571472,2779493.8514286056],[6950315.842857182,2776031.408571463],[6954408.828571469,2779179.682857178],[6956042.06000004,2772848.5771428943],[6951159.634285755,2767009.911428608],[6951694.982857183,2763896.7742857486],[6948706.38000004,2759287.3542857505],[6952974.70000004,2756568.868571464],[6955771.202857181,2757647.482857179],[6963539.791428611,2750278.994285751],[6967927.731428608,2741721.5485714637],[6965343.908571467,2738356.6942857504],[6967083.920000039,2733216.785714321],[6964579.385714322,2729368.445714321],[6967814.917142898,2724466.171428606],[6973684.068571471,2724487.1971428916],[6974523.42857147,2726626.4600000344],[6984298.985714324,2722518.1085714623],[6979739.528571472,2716000.717142891],[6981565.188571468,2709064.405714322],[6985165.474285752,2705793.1542857513],[6985328.834285751,2700252.3914286084],[6979823.377142899,2697941.677142892],[6978730.2200000435,2689517.285714321],[6981424.228571467,2682565.6914286055],[6972973.697142899,2684733.948571466],[6963311.080000043,2683273.9742857516],[6968342.1428571865,2677261.948571466],[6970603.000000037,2671699.868571464],[6970503.017142899,2667986.294285748],[6965703.982857183,2666235.477142893],[6963517.354285754,2663595.945714321],[6967007.000000037,2655643.4628571793],[6972816.868571468,2656675.631428607],[6976674.214285754,2653581.9342857487],[6972578.88000004,2649492.637142893],[6970634.574285753,2640944.0028571784],[6963925.462857187,2636131.5400000364],[6957915.308571465,2628478.2000000365],[6959547.862857185,2623758.0857143216],[6956371.20000004,2622726.254285749],[6960621.840000041,2617638.7742857486],[6955627.965714328,2615144.6600000337],[6955775.548571467,2611395.840000037],[6951138.622857183,2610638.251428608],[6953814.742857181,2606025.8857143223],[6951845.348571472,2594714.131428607],[6940126.10857147,2591525.3428571783],[6944961.5200000405,2583717.7685714625],[6948515.0885714665,2571883.4314286076],[6945741.8657143265,2564412.9257143214],[6951581.10285718,2562791.4228571765],[6956714.628571466,2555425.7028571777],[6959594.354285754,2556831.6085714623],[6967198.3657143265,2555385.417142894],[6972876.948571466,2550119.408571463],[6979929.725714326,2547768.2657143213],[6983065.542857185,2541351.071428608],[6991960.982857183,2539841.21428575],[6999192.9342857525,2536636.217142891],[7006441.937142901,2535482.865714323],[7012696.985714324,2532527.2714286074],[7019460.494285755,2527862.560000036],[7027156.205714323,2521310.6600000337],[7033836.017142899,2518014.7400000356],[7047050.600000039,2504846.062857177],[7065791.742857181,2483632.482857179],[7066158.068571471,2478573.3057143204],[7074535.47142861,2467368.1971428916],[7075434.902857184,2464714.6885714643],[7084473.517142899,2454167.8228571787],[7091728.242857181,2438854.0057143196],[7094154.240000039,2435951.025714319],[7095021.6657143235,2430780.0457143225],[7097879.751428612,2426832.5114286058],[7098248.5657143295,2420483.6514286064],[7100806.817142896,2410028.0000000335],[7105896.382857181,2398318.174285751],[7108681.891428612,2387516.908571463],[7111681.805714324,2369520.3914286084],[7113902.177142896,2361207.980000034],[7116255.368571468,2359955.5857143216],[7116421.494285755,2353952.0800000355],[7118629.42285718,2342868.908571463],[7115984.760000043,2336076.905714322],[7115245.188571468,2330052.0057143196],[7117233.820000038,2322725.1942857504],[7115681.245714329,2310851.242857177],[7111565.254285753,2307459.8085714653],[7111490.025714323,2299455.8057143204],[7108753.8657143265,2296636.1200000346],[7104359.740000039,2283399.4371428937],[7100520.057142898,2276128.6885714643],[7102070.522857182,2273622.294285748],[7100750.9342857525,2266860.0742857493],[7092145.491428614,2251303.951428607],[7085271.171428613,2241130.105714321],[7080079.708571471,2230810.2285714634],[7076737.614285752,2229550.260000035],[7070184.834285751,2215886.3600000367],[7063740.965714328,2208736.994285751],[7060601.100000039,2206644.060000036],[7050894.225714326,2196609.871428605],[7043323.048571467,2184547.051428605],[7030472.405714326,2175793.225714322],[7026530.780000038,2171064.5800000355],[7017785.237142898,2163917.551428605],[7015056.217142895,2163537.4714286067],[7009175.842857182,2158618.071428608],[7008475.648571469,2155057.2228571773],[6991765.197142899,2145488.4657143205],[6985960.411428608,2140883.71428575],[6973886.437142901,2134865.957142893],[6965551.057142898,2125112.568571463],[6969684.92285718,2123281.797142893],[6973404.048571467,2124472.102857176],[6979592.4771429,2118439.051428605],[6976064.508571468,2116109.951428607],[6981647.925714329,2112467.602857176],[6984150.954285756,2106943.640000034],[6985058.900000043,2097944.017142892],[6992900.468571469,2087892.6971428916],[7001727.940000042,2084598.020000033],[6998323.371428609,2081908.402857177],[7002066.757142894,2078879.3942857496],[7014171.480000041,2080037.7457143217],[7013936.882857181,2077452.1628571786],[7018104.20000004,2073903.6514286064],[7014722.262857184,2072058.951428607],[7016735.277142897,2067359.1171428934],[7021017.894285753,2067266.1200000346],[7021890.291428611,2058114.060000036],[7023692.1428571865,2053091.2428571768],[7021960.062857181,2048278.6914286055],[7023803.954285756,2046423.6457143202],[7024848.077142894,2037647.5857143216],[7026839.611428611,2034888.1800000332],[7025600.854285754,2030882.3085714616],[7029154.994285755,2029416.520000033],[7029703.062857181,2025180.3971428908],[7040430.597142898,2016966.1942857504],[7036841.257142894,2014915.4485714622],[7032042.522857182,2015891.9314286076],[7026747.008571468,2008396.482857179],[7026792.517142899,2008362.5028571784],[7027683.417142898,2007896.7228571773],[7027798.411428615,2007848.4285714626],[7028813.377142899,2007278.637142893],[7028832.822857186,2007063.09714289],[7034687.085714325,2001033.6828571782],[7038207.271428615,2002636.288571462],[7041392.762857184,1998810.791428607],[7039916.614285752,1994498.2457143217],[7043211.38571433,1990797.517142892],[7042066.480000041,1987903.3828571774],[7046620.822857186,1986071.9000000358],[7047818.348571472,1981950.9314286076],[7046382.134285755,1967976.220000036],[7046239.637142897,1967593.9600000344],[7049935.517142899,1963442.2314286046],[7046756.240000039,1958214.4371428937],[7051653.6571429,1956152.782857176],[7057292.24857147,1956180.442857176],[7057650.854285754,1955615.8571428917],[7056217.851428613,1946276.0457143188],[7061275.574285753,1943566.705714319],[7066657.722857185,1942746.6942857504],[7062008.74857147,1935124.3714286052],[7061956.482857183,1931160.137142893],[7065882.525714323,1930231.6800000332],[7071467.3371429,1924444.6600000337],[7074198.268571466,1916719.8057143204],[7071588.540000044,1911834.3942857496],[7075643.260000043,1909129.445714321],[7077518.9771429,1911697.1971428916],[7081547.008571468,1909385.0485714637],[7085263.525714323,1910522.4171428904],[7090674.937142901,1904467.6114286073],[7088806.540000044,1900646.982857179],[7093244.145714328,1894559.0771428905],[7093573.777142897,1889771.0342857502],[7090770.168571472,1886192.754285749],[7094903.348571472,1881768.860000033],[7093721.814285755,1865581.408571463],[7091401.668571472,1860700.7314286046],[7086521.048571467,1854919.0457143188],[7087485.5114286095,1849665.177142892],[7079220.057142898,1844477.8885714635],[7077787.414285757,1841372.674285747],[7082446.022857182,1836599.48571432],[7081444.377142899,1830863.8514286056],[7077009.908571467,1827287.8714286052],[7074602.320000038,1827782.0257143192],[7070900.0200000405,1822729.1971428916],[7075487.431428611,1817872.4200000353],[7078600.054285757,1816853.9142857492],[7079604.517142899,1813101.9000000358],[7084248.808571465,1811612.402857177],[7087654.054285757,1808101.4628571756],[7091124.057142898,1801456.5371428914],[7090733.068571471,1799130.9657143205],[7095591.348571472,1796194.1685714647],[7089072.145714328,1783292.5400000364],[7091909.24857147,1779569.3171428926],[7089179.694285758,1771278.6685714647],[7082852.985714324,1786123.21428575],[7081738.10285718,1790884.8914286047],[7072344.197142899,1797251.1800000332],[7067436.920000039,1795254.3971428908],[7061899.6428571865,1796603.7000000328],[7061114.371428609,1807502.5857143216],[7057703.468571469,1806370.177142892],[7054232.105714329,1808235.37428575],[7044819.900000043,1795283.134285748],[7041850.237142898,1793230.87428575],[7044687.562857181,1784844.9914286062],[7045487.445714325,1783804.8514286056],[7054951.120000042,1734937.177142892],[7098388.040000044,1513956.248571463],[7129536.2971429005,1355927.4600000344],[7127613.808571465,1353801.674285747],[7126257.017142899,1345307.368571464],[7127317.70000004,1342034.7171428911],[7142398.305714324,1326174.8571428917],[7144430.985714324,1309556.4057143182],[7153690.342857182,1300754.5085714608],[7156090.848571472,1295441.5485714637],[7167541.6428571865,1283562.7942857482],[7170978.497142896,1283339.445714321],[7179814.708571471,1269456.668571461],[7187182.1428571865,1263921.9171428904],[7190865.857142895,1255737.5828571767],[7200215.88571433,1247693.98571432],[7214624.480000041,1241622.365714319],[7215473.225714326,1237145.748571463],[7220023.685714327,1235332.6857143193],[7226011.600000039,1236667.562857177],[7232863.582857184,1235597.245714318],[7242547.980000041,1237074.1942857467],[7249467.56000004,1234136.8971428908],[7252713.785714328,1237230.9171428904],[7262242.668571472,1239400.9885714613],[7270063.431428611,1237413.0542857498],[7274131.70000004,1238779.7314286046],[7279339.731428616,1237349.520000033],[7297801.891428612,1236751.2628571764],[7299152.740000039,1238852.745714318],[7308430.8371429,1236435.3628571779],[7334353.062857181,1225023.9485714622],[7335721.625714324,1218447.7942857482],[7339678.080000043,1216093.8057143204],[7344646.60857147,1210703.745714318],[7353710.757142901,1209568.7428571768],[7356497.625714324,1207334.7771428898],[7362402.494285755,1205900.902857177],[7367378.70571433,1209822.8828571774],[7364020.348571472,1218583.8171428926],[7366369.148571469,1219828.71428575],[7375954.317142896,1219033.0057143196],[7378545.014285758,1212664.0828571767],[7378028.354285754,1209559.3342857473],[7380304.374285758,1204106.43714289],[7385703.83142861,1203944.1057143211],[7387918.742857181,1200562.2657143213],[7386535.388571471,1197728.3914286047],[7390793.040000044,1194160.8628571779],[7393377.660000041,1187236.6314286068],[7398416.660000041,1185153.0314286053],[7412607.825714327,1183986.2400000356],[7419087.8657143265,1181527.5028571784],[7427760.000000037,1185031.8742857464],[7427576.754285753,1189547.671428606],[7429771.274285756,1191384.0342857465],[7438455.254285753,1192990.4057143182],[7447303.851428613,1191257.2200000323],[7456563.902857184,1184539.100000035],[7461336.000000037,1182775.0000000335],[7464780.500000037,1183936.7514286041],[7466948.320000038,1188468.8457143195],[7470592.70000004,1191074.1428571753],[7471251.411428615,1195034.705714319],[7479071.771428615,1198905.0400000326],[7487729.905714326,1206581.0600000322],[7491809.002857186,1208017.9742857479],[7496845.3657143265,1211922.3542857468],[7501394.485714324,1217728.0857143179],[7511470.265714325,1219629.5085714608],[7520037.917142898,1225706.6485714614],[7522581.051428616,1230210.4628571756],[7539328.0657143295,1233041.8457143195],[7545972.680000044,1236102.282857176],[7555149.114285752,1233517.0828571767],[7559965.862857185,1234736.705714319],[7567509.757142901,1233744.288571462],[7575221.005714327,1230720.3628571779],[7584315.20000004,1233957.674285747],[7591079.677142896,1228529.6057143211],[7596073.145714328,1229102.7800000347],[7606139.0200000405,1240500.677142892],[7605624.411428615,1243934.2228571773],[7608342.848571472,1247269.59714289],[7613826.162857182,1260569.5000000335],[7616515.582857184,1262803.0114286058],[7623544.768571466,1264509.9400000349],[7626281.437142901,1266517.637142893],[7628319.382857181,1267058.1942857467],[7632129.277142897,1269518.7628571764],[7636732.465714328,1283372.3000000343],[7641270.177142896,1290729.5085714608],[7644419.782857187,1305771.4485714622],[7642662.234285757,1315395.0000000335],[7643449.485714324,1319192.0771428905],[7648382.980000041,1325983.7742857486],[7653581.982857183,1329625.7571428902],[7652859.302857183,1333426.3828571774],[7658083.960000038,1339133.2085714638],[7663953.92857147,1343407.1857143193],[7669014.900000043,1348836.3200000338],[7674210.322857186,1348779.2342857495],[7679891.374285758,1353692.8200000338],[7685266.468571469,1365756.3228571787],[7690546.4771429,1370180.2428571768],[7693118.411428615,1374061.5600000322],[7698099.911428615,1377540.3942857496],[7698390.057142898,1388010.6542857476],[7702707.308571473,1393288.4771428928],[7709560.222857185,1396310.8914286047],[7716245.554285757,1406383.480000034],[7717147.285714328,1410152.748571463],[7720874.031428613,1412551.451428607],[7725661.308571473,1411461.368571464],[7732787.082857184,1413561.59714289],[7737799.528571472,1418799.8400000334],[7755340.305714324,1430370.4628571756],[7759234.9428571835,1431857.3114286065],[7762067.505714327,1435843.942857176],[7765240.191428609,1450080.8714286052],[7769119.725714326,1455552.368571464],[7774691.648571469,1468337.3114286065],[7778759.97142861,1473130.6257143207],[7783815.594285756,1475939.3828571774],[7788195.70571433,1484377.2571428902],[7792179.397142902,1503105.4142857492],[7791916.637142897,1511995.6828571782],[7793710.697142899,1518266.291428607],[7792104.008571468,1522489.3857143186],[7795451.685714327,1524552.9571428895],[7801617.528571472,1531097.9971428923],[7808824.348571472,1536589.2285714634],[7809679.397142902,1541156.8828571774],[7807872.334285758,1547128.1085714623],[7810520.491428614,1553162.0514286049],[7810385.114285752,1556459.3000000343],[7818422.028571472,1567081.8057143204],[7818469.422857188,1571647.0028571784],[7821591.9771429,1574662.2457143217],[7820906.480000041,1584947.677142892],[7823313.808571473,1592953.177142892],[7822842.577142902,1602954.8228571787],[7820849.440000042,1609116.8028571755],[7822948.688571468,1613919.982857179],[7821061.614285752,1616591.6171428896],[7823956.465714328,1619866.705714319],[7828118.508571468,1631271.2171428911],[7835129.714285754,1642564.1057143211],[7834613.517142899,1648647.2085714638],[7837997.985714324,1657085.3771428913],[7838460.122857183,1662566.3714286052],[7836907.185714327,1668254.6542857476],[7838145.914285757,1676067.4771428928],[7844075.425714329,1677120.82571432],[7845719.645714328,1686448.754285749],[7843569.082857184,1692223.0428571776],[7842749.000000045,1701514.7514286041],[7847775.762857184,1703190.451428607],[7848779.7885714695,1709201.445714321],[7853947.008571468,1713673.1685714647],[7856340.800000042,1720855.8885714635],[7861800.654285759,1724385.6828571782],[7864681.5885714665,1730065.1800000332],[7862106.242857181,1736471.7628571764],[7862694.991428614,1741060.7342857495],[7866947.0657143295,1746527.4885714613],[7872586.768571466,1745011.5457143188],[7876767.257142901,1747068.2314286046],[7881204.780000038,1754481.2571428902],[7888549.271428615,1757857.8628571779],[7887251.737142898,1763623.748571463],[7881933.828571469,1762964.8485714644],[7880929.262857184,1765412.1685714647],[7887624.148571469,1769971.0028571784],[7886031.271428615,1777481.562857177],[7889655.557142898,1776698.8057143204],[7891129.660000041,1780689.022857178],[7897423.862857185,1782915.022857178],[7900592.605714329,1785677.0428571776],[7906700.411428615,1785455.402857177],[7908959.457142897,1789750.2371428907],[7915569.048571467,1792658.368571464],[7919905.194285758,1796919.6057143211],[7932736.0885714665,1801648.8457143195],[7935069.771428615,1803689.7314286046],[7936328.551428616,1811567.1914286055],[7935500.965714328,1814848.0257143192],[7938098.000000045,1820713.43714289],[7932678.877142899,1834780.788571462],[7934123.2114286125,1844424.865714319],[7929708.480000041,1855367.565714322],[7931768.754285753,1864757.4342857487],[7936497.234285757,1865995.6914286055],[7934999.342857182,1878702.0142857507],[7935701.648571469,1884459.1885714643],[7941053.080000043,1889935.062857177],[7946737.688571468,1893801.868571464],[7946407.0200000405,1902109.4400000349],[7951005.494285755,1907784.488571465],[7956310.580000043,1912468.480000034],[7952420.674285755,1919248.1171428934],[7955588.785714328,1925326.3771428913],[7958361.33142861,1926032.6828571782],[7964774.505714327,1919360.288571462],[7970716.42857147,1924805.060000036],[7978905.131428614,1925584.594285749],[7980320.071428612,1928997.1542857476],[7984474.522857182,1930352.98571432],[7985564.325714327,1938430.9542857483],[7990134.154285759,1941844.6885714643],[7996613.468571469,1940961.908571463],[8013414.931428611,1950438.5885714628],[8018514.828571469,1954980.8571428917],[8025952.585714325,1959868.6942857504],[8033010.162857182,1962804.2628571764],[8037454.845714331,1962751.8028571792],[8048162.74857147,1967002.2685714625],[8053156.674285755,1967082.7742857486],[8069360.028571472,1976411.2771428935],[8079084.354285754,1981421.5771428905],[8082951.691428617,1987874.488571465]]]]},"properties":{"PRUID":"24","DGUID":"2021A000224","PRNAME":"Quebec / Québec","PRENAME":"Quebec","PRFNAME":"Québec","PREABBR":"Que.","PRFABBR":"Qc","LANDAREA":1298599.7477}},
{"type":"Feature","geometry":{"type":"MultiPolygon","coordinates":[[[[6443197.88000004,1370880.9000000358],[6438429.580000043,1367206.8571428917],[6440765.042857185,1364936.782857176],[6443197.88000004,1370880.9000000358]]],[[[5997692.762857184,1488947.3028571755],[5993917.92857147,1487718.0400000326],[5993528.328571469,1484728.668571461],[5996523.228571467,1482082.0342857502],[5998888.388571471,1486136.022857178],[5997692.762857184,1488947.3028571755]]],[[[6558884.302857183,1406786.0057143196],[6554590.760000043,1402490.7171428911],[6558710.557142898,1400441.9314286038],[6561935.122857183,1401973.4228571765],[6558884.302857183,1406786.0057143196]]],[[[5962378.571428612,1487361.9742857479],[5963242.702857181,1491464.0742857493],[5966431.451428607,1495313.32571432],[5962957.325714327,1500543.2342857495],[5962378.571428612,1487361.9742857479]]],[[[6032013.462857179,1484111.3142857477],[6035375.2114286125,1478106.6542857476],[6043377.005714327,1479688.782857176],[6032013.462857179,1484111.3142857477]]],[[[7462916.120000042,1058108.8885714635],[7456056.725714326,1054780.9914286062],[7457406.171428613,1050164.400000032],[7463261.574285753,1056233.0371428914],[7462916.120000042,1058108.8885714635]]],[[[7130105.045714326,1052663.7514286041],[7130535.182857186,1046979.7657143176],[7135409.277142897,1045121.4485714622],[7137798.531428613,1047278.1571428925],[7135343.402857184,1052212.2600000352],[7130105.045714326,1052663.7514286041]]],[[[6989845.100000039,677008.9257143177],[6986419.757142894,674636.5942857489],[6987286.948571466,666523.600000035],[6992764.348571472,667989.4085714631],[6989845.100000039,677008.9257143177]]],[[[6000788.65142861,1542606.8400000334],[6001820.340000041,1539850.1885714643],[5998718.091428608,1535320.754285749],[6001579.571428612,1534817.8485714644],[6005892.268571466,1529941.4200000353],[6007821.162857182,1535753.8542857468],[6004392.320000038,1537592.365714319],[6000788.65142861,1542606.8400000334]]],[[[6408138.514285751,1352609.1657143198],[6404429.877142899,1351932.6400000341],[6400585.397142895,1347974.748571463],[6404916.931428611,1345206.245714318],[6410697.411428608,1348894.368571464],[6408138.514285751,1352609.1657143198]]],[[[7036192.040000044,1163965.3057143204],[7030279.502857186,1161982.677142892],[7019917.708571471,1160268.8857143186],[7022486.465714328,1157744.3485714607],[7027369.591428615,1156952.5428571776],[7033711.025714323,1158782.7514286041],[7036192.040000044,1163965.3057143204]]],[[[5992965.868571468,1480926.7857143208],[5989539.774285756,1478227.748571463],[5987825.5114286095,1470461.3057143204],[5994009.20000004,1473798.2400000356],[5994878.431428611,1477698.1885714643],[5992965.868571468,1480926.7857143208]]],[[[7002389.97142861,1104757.3085714616],[6996760.954285756,1102460.2514286041],[6993545.171428613,1099509.2371428907],[6993600.420000039,1095718.865714319],[6997186.70000004,1094145.9257143177],[7000950.574285753,1098015.2171428911],[7002389.97142861,1104757.3085714616]]],[[[6002105.668571465,1445629.9714286067],[5999369.174285755,1444790.745714318],[5997803.580000035,1439620.2171428911],[6001037.548571467,1439169.2285714634],[6002928.545714326,1434505.2942857482],[6007499.468571469,1441118.2400000356],[6002105.668571465,1445629.9714286067]]],[[[7431463.022857182,1037108.7200000323],[7419919.051428609,1028226.6542857476],[7423598.305714324,1025342.0800000355],[7428680.0885714665,1027591.2257143185],[7431450.322857186,1033482.8371428922],[7431463.022857182,1037108.7200000323]]],[[[6505797.6571429,1421514.59714289],[6502553.820000038,1417694.3000000343],[6506534.900000043,1409839.1457143202],[6514099.342857182,1411890.4257143214],[6505797.6571429,1421514.59714289]]],[[[7133823.542857185,1106237.2685714625],[7131652.391428612,1102179.7200000323],[7125012.634285755,1102764.8085714616],[7123160.354285754,1096850.7657143213],[7126078.960000038,1093261.0714286044],[7133590.888571471,1099055.9600000344],[7136303.191428609,1103586.9914286062],[7133823.542857185,1106237.2685714625]]],[[[6983869.708571471,1162537.3800000325],[6973842.960000038,1158755.0000000335],[6974653.808571465,1153847.8771428913],[6975850.1428571865,1154567.4257143177],[6976978.354285754,1153288.2742857486],[6977178.168571472,1152285.3285714611],[6978642.137142897,1152263.2714286037],[6978892.371428609,1153181.2257143185],[6982051.377142899,1154791.014285747],[6985975.342857182,1153202.71428575],[6989110.551428609,1155483.6400000341],[6983869.708571471,1162537.3800000325]]],[[[5997689.840000041,1456671.0371428914],[5989909.585714325,1452490.0400000326],[5992931.414285757,1442787.288571462],[5995127.242857181,1446032.062857177],[6000872.682857186,1446960.9314286038],[6006400.580000035,1453191.017142892],[6003988.594285756,1455928.6485714614],[5998327.688571468,1453163.0028571784],[5997689.840000041,1456671.0371428914]]],[[[7466433.231428616,1051263.4200000353],[7457336.274285756,1046937.2057143189],[7454503.348571472,1048070.2342857495],[7447264.034285754,1043179.2400000319],[7442861.274285756,1037047.8571428917],[7443158.42285718,1033972.7628571764],[7448003.505714327,1034907.900000032],[7450105.008571468,1031548.5657143183],[7454070.937142901,1035908.3514286056],[7453014.768571466,1043050.43714289],[7456295.882857181,1045156.4200000353],[7462549.765714325,1046485.8342857473],[7466433.231428616,1051263.4200000353]]],[[[6865806.205714323,1137192.5457143188],[6861694.517142899,1135871.3714286052],[6857196.951428615,1126096.6514286064],[6867826.605714329,1121190.7085714638],[6871669.568571471,1124294.2400000356],[6874310.2200000435,1128772.0800000355],[6873313.577142894,1134247.7371428907],[6868560.545714326,1133848.43714289],[6865806.205714323,1137192.5457143188]]],[[[6660259.70000004,1317165.2800000347],[6652189.640000038,1315629.9657143205],[6645321.814285755,1309891.6400000341],[6645587.120000042,1306724.520000033],[6652688.4428571835,1306773.4771428928],[6657865.134285755,1308172.0657143183],[6664968.10857147,1307748.331428606],[6671070.974285752,1310839.8200000338],[6668530.462857179,1314833.8057143204],[6664182.054285757,1314870.3542857468],[6660259.70000004,1317165.2800000347]]],[[[6489246.074285753,1422149.4885714613],[6484845.205714323,1421579.1228571758],[6478920.274285756,1417470.1600000337],[6478289.128571466,1408453.6085714623],[6481714.845714323,1402779.022857178],[6483949.217142895,1406838.6800000332],[6491690.002857186,1411710.3114286065],[6497830.791428611,1409447.1885714643],[6501939.417142898,1413756.0314286053],[6501911.968571469,1420252.3457143195],[6498460.0200000405,1421529.4314286038],[6489246.074285753,1422149.4885714613]]],[[[5961886.888571471,1479301.7342857495],[5962104.808571465,1477671.6628571786],[5963529.4342857525,1476381.1057143211],[5971691.082857184,1474941.1628571786],[5979421.760000043,1478232.3085714616],[5977824.014285751,1483863.6657143198],[5984171.9342857525,1484621.831428606],[5984787.128571466,1490732.4314286038],[5996490.05428575,1494021.942857176],[5996312.87428575,1497546.93714289],[6001007.962857179,1499757.2800000347],[5997293.537142895,1504265.0085714646],[5993388.002857178,1503530.3342857473],[5991648.737142898,1497943.0457143188],[5988912.340000041,1500092.8571428917],[5983442.411428608,1497599.3285714611],[5984850.117142893,1493367.9057143182],[5977832.2114286125,1492700.7457143217],[5973798.0200000405,1488025.288571462],[5965315.888571471,1484157.7314286046],[5962257.617142893,1485359.5085714646],[5961891.297142893,1479378.3628571779],[5961888.402857184,1479328.0685714632],[5961886.888571471,1479301.7342857495]]],[[[6815298.6571429,1167472.2257143185],[6807740.74857147,1163220.43714289],[6802443.5114286095,1165546.2342857495],[6804172.351428613,1157190.7742857486],[6807385.611428611,1152276.7257143185],[6813379.454285756,1149062.291428607],[6818663.691428609,1139621.6085714623],[6822833.5114286095,1141935.5885714628],[6822261.025714323,1145475.2171428911],[6828921.3657143265,1152487.2085714638],[6824245.334285751,1162589.8057143204],[6820130.231428608,1161742.3028571755],[6815298.6571429,1167472.2257143185]]],[[[7398290.925714329,1026987.2342857495],[7385914.874285758,1019606.2057143189],[7379760.465714328,1013666.1942857467],[7378092.680000044,1018567.4171428904],[7365624.56000004,1011596.2400000319],[7359056.920000039,1002017.5542857461],[7362519.765714325,999310.0800000355],[7362469.974285752,996406.9085714631],[7370913.580000043,991665.4514286034],[7377723.60857147,994402.9542857483],[7383729.760000043,998476.5628571771],[7389475.074285753,997914.7342857495],[7395119.268571466,989163.6028571762],[7399817.585714325,988300.5000000335],[7407120.857142895,995846.6285714619],[7410192.377142899,996757.1057143211],[7415080.017142899,1001533.211428605],[7405979.137142897,1002660.7285714634],[7410385.951428615,1011639.9542857483],[7415105.685714327,1014725.5114286058],[7411413.325714327,1016918.9200000353],[7405242.037142895,1012304.2028571777],[7400160.697142899,1012566.0542857461],[7398290.925714329,1026987.2342857495]]],[[[6976156.351428613,1152645.442857176],[6967191.617142901,1147922.9142857492],[6959904.794285752,1136906.8714286052],[6954012.405714326,1143955.6228571758],[6949701.145714328,1141890.6114286035],[6949241.991428614,1148427.017142892],[6942222.854285754,1145901.668571461],[6933569.040000044,1141370.2400000356],[6932195.502857186,1136655.3057143204],[6927538.082857184,1135261.0028571784],[6927419.648571469,1141461.9285714626],[6917575.245714329,1140323.5400000326],[6915676.882857181,1137420.1857143193],[6917855.737142898,1133691.0257143192],[6926613.882857181,1133181.8200000338],[6935098.997142896,1129275.9971428923],[6934384.257142894,1125763.094285749],[6923747.7885714695,1126469.8000000343],[6920968.494285755,1130341.254285749],[6915410.280000038,1125746.0114286058],[6913438.377142899,1129640.5742857493],[6907499.65142861,1133047.205714319],[6909229.334285751,1142023.628571462],[6906114.448571466,1142216.2971428894],[6903493.202857181,1138641.600000035],[6898541.262857184,1135712.7800000347],[6889522.505714327,1136463.6628571749],[6888357.094285756,1131283.7942857482],[6885552.457142897,1131872.7800000347],[6883271.60857147,1135967.0400000326],[6879672.894285753,1135067.6228571758],[6877156.960000038,1129119.0714286044],[6878347.814285755,1125380.402857177],[6887108.571428612,1126141.668571461],[6890958.8371429,1122886.171428606],[6895354.662857182,1123991.1400000341],[6899805.957142897,1121415.368571464],[6906583.154285751,1120093.9942857474],[6909786.4342857525,1121923.128571462],[6915928.2114286125,1119557.671428606],[6922024.262857184,1121361.211428605],[6924510.351428613,1119032.7000000328],[6933424.314285755,1119451.2571428902],[6938235.254285753,1115022.9657143205],[6949995.6571429,1114956.174285747],[6951749.005714327,1112689.43714289],[6961976.685714327,1109307.634285748],[6967614.482857183,1106426.745714318],[6969940.817142896,1107504.8885714635],[6972850.240000039,1102796.8628571779],[6977926.894285753,1104068.82571432],[6977204.605714329,1106799.3000000343],[6982914.057142898,1110675.7514286041],[6988524.425714329,1120324.7771428898],[6993101.140000038,1117996.0371428914],[6987242.6571429,1110650.791428607],[6982597.631428614,1108812.522857178],[6979388.785714328,1103801.3628571779],[6984683.15142861,1103387.0457143188],[6991537.4428571835,1101229.2971428894],[6995505.694285758,1104932.754285749],[6997017.048571467,1110066.1028571762],[6999964.791428611,1113297.748571463],[7000250.814285755,1117206.7228571773],[7003849.697142899,1122860.7971428894],[7007390.551428609,1133916.7400000356],[7003560.317142896,1134557.7257143185],[6997557.960000038,1133247.368571464],[7000595.517142899,1142998.368571464],[6998155.634285755,1146969.1085714623],[6994903.10285718,1141867.671428606],[6991297.7200000435,1131758.9714286067],[6986590.10857147,1132866.4342857487],[6987717.7114286125,1140409.6800000332],[6982757.300000042,1142387.8514286056],[6980473.145714328,1145429.788571462],[6978891.174285755,1151843.0742857493],[6977048.340000041,1152075.2657143213],[6976156.351428613,1152645.442857176]]],[[[7159954.965714328,1045383.3914286047],[7160534.125714324,1049569.8800000325],[7153122.691428609,1055064.1857143193],[7140648.0657143295,1046104.9714286067],[7141650.591428615,1039384.177142892],[7149697.302857183,1037798.945714321],[7155037.277142897,1032558.7057143189],[7154581.185714327,1023842.0171428919],[7155447.131428614,1017338.9057143182],[7150982.2114286125,1009858.100000035],[7148016.445714325,1008405.7685714625],[7140909.780000038,1011347.3628571779],[7138496.7200000435,1010624.9200000353],[7132942.860000044,1012756.0400000326],[7123782.377142899,1011961.8400000334],[7114029.171428613,1016457.1028571762],[7107733.791428611,1017074.0428571776],[7104258.897142895,1020040.3057143204],[7101918.4342857525,1028295.8714286052],[7100155.062857181,1028734.2400000319],[7090861.548571467,1025945.2371428907],[7087496.4885714725,1022582.591428604],[7084574.031428613,1014884.745714318],[7079528.5885714665,1012050.6285714619],[7080282.582857184,1023381.868571464],[7081461.668571472,1027049.6828571782],[7078954.6657143235,1033200.4314286038],[7072375.017142899,1033738.902857177],[7065510.285714328,1029426.7085714638],[7069414.614285752,1040478.32571432],[7067679.234285757,1045446.1942857467],[7071441.731428608,1049478.2857143208],[7065367.4885714725,1050692.6171428896],[7061557.891428612,1044777.6485714614],[7058482.762857184,1048868.171428606],[7051328.994285755,1047633.0057143196],[7045169.731428608,1053678.0057143196],[7045316.354285754,1059887.6514286064],[7043042.620000042,1063531.5371428914],[7038602.871428609,1065769.4342857487],[7038113.585714325,1071676.6657143198],[7040813.074285753,1076395.3542857468],[7038872.3371429,1078382.4200000353],[7026672.168571472,1074357.3571428917],[7020685.140000038,1075327.4142857492],[7012316.131428614,1074232.5885714628],[7006232.925714329,1070582.9571428895],[7008396.97142861,1067652.6371428892],[7015062.851428613,1067911.711428605],[7020605.408571467,1061309.4171428904],[7024409.437142901,1059718.1800000332],[7029678.5114286095,1053936.8457143195],[7031538.828571469,1049208.1257143207],[7039969.6571429,1046040.8485714607],[7039524.857142895,1039898.022857178],[7050260.328571469,1023360.1514286064],[7049526.911428615,1015046.4114286043],[7052591.737142898,1012066.6714286059],[7051977.145714328,1003874.7342857495],[7046315.274285756,992669.1200000346],[7045651.382857181,986068.2771428898],[7040382.640000038,983355.745714318],[7037086.997142896,977340.0200000331],[7031863.925714329,970810.9085714631],[7033660.362857185,967191.6085714623],[7033008.5200000405,958959.591428604],[7030343.420000039,951261.6085714623],[7024256.817142896,941059.3742857464],[7026804.2200000435,936543.522857178],[7029695.694285758,925644.5171428919],[7030323.485714324,918506.2400000319],[7032492.148571469,909287.6171428896],[7033283.5885714665,899408.2742857486],[7035913.231428608,891528.8542857468],[7038146.760000043,881046.1314286031],[7038334.260000043,874521.6628571749],[7040256.274285756,866020.4171428904],[7038621.234285757,858288.1114286035],[7034502.717142895,852075.6914286055],[7026261.500000037,844359.0885714628],[7018004.448571466,839596.8085714616],[7018615.082857184,836511.745714318],[7013475.4885714725,828630.7914286032],[7009497.262857184,825938.6914286055],[7006808.8657143265,820579.5714286044],[7002740.251428612,818246.4057143182],[6991310.531428613,814071.0342857465],[6988515.891428612,811829.6285714619],[6989952.822857186,808491.6457143202],[6987100.322857186,801116.8628571779],[6987159.354285754,789146.6142857485],[6989071.182857186,784836.4885714613],[6987147.325714327,772524.8400000334],[6986940.760000043,766239.0028571747],[6982765.974285752,760128.2914286032],[6984637.854285754,755105.2714286037],[6997045.728571467,755069.0857143179],[6999656.968571469,744244.5771428905],[6999235.42285718,738207.5885714628],[6995798.131428614,733085.93714289],[6988875.000000037,732917.3571428917],[6984075.785714328,730690.9314286038],[6974882.154285751,728684.4914286062],[6969209.702857181,728944.8685714602],[6956412.728571467,731358.754285749],[6946542.948571466,726914.3514286056],[6943318.631428614,719645.177142892],[6944804.42857147,712946.7142857462],[6944448.091428615,706068.6914286055],[6946505.974285752,695829.9857143201],[6955809.125714324,693891.9285714626],[6963164.802857183,690450.9228571765],[6972096.7971429005,693735.1228571758],[6977922.42857147,697830.288571462],[6983054.905714326,699732.7657143176],[6988621.734285757,700073.9428571761],[6993426.1571429,697193.9200000316],[6996604.408571467,693504.2971428894],[6998972.460000038,696180.6885714605],[6999617.328571469,702524.4942857474],[7004477.622857183,711475.5000000335],[7007740.574285753,714603.5942857489],[7020868.594285756,724010.4742857479],[7028843.174285755,731061.1085714623],[7036228.562857181,734263.600000035],[7041711.194285758,734947.0371428914],[7041716.805714324,737940.9285714626],[7048325.328571469,744037.6428571753],[7050592.5200000405,751277.3542857468],[7063790.525714323,765697.9428571761],[7067281.645714328,771054.7228571773],[7076351.580000043,779610.0885714628],[7080797.202857181,781225.4314286038],[7083873.294285752,785584.7685714625],[7092100.780000038,789618.2428571768],[7112300.580000043,792144.7971428894],[7116299.4771429,793475.711428605],[7126029.742857181,794106.8714286052],[7133360.568571471,793262.8200000338],[7144879.614285752,789484.3771428913],[7154621.680000037,790035.5200000331],[7160987.06000004,792269.245714318],[7159012.228571467,795436.9942857474],[7160702.742857181,799459.100000035],[7168026.140000038,806335.1200000346],[7174722.545714326,817850.3485714607],[7193141.991428614,823400.0857143179],[7199181.348571472,826879.2657143176],[7205262.680000037,828448.7171428911],[7216034.197142899,834955.7800000347],[7221888.437142901,833096.1885714605],[7225236.765714325,836240.1828571782],[7234621.388571471,836215.7657143176],[7237692.528571472,840875.014285747],[7242715.662857182,840194.5514286049],[7249176.951428615,843406.1142857485],[7257655.037142895,843992.0171428919],[7260817.74857147,845436.1914286055],[7266394.20000004,844369.091428604],[7271151.320000038,847471.6228571758],[7277487.402857184,849438.1657143198],[7280350.397142895,853876.5542857461],[7277463.614285752,857308.9942857474],[7274500.0885714665,857058.3828571774],[7268746.7200000435,860451.5000000335],[7267130.531428613,868124.9314286038],[7262608.228571467,869116.177142892],[7263980.97142861,876850.8428571746],[7262187.300000042,880346.1657143198],[7260299.845714323,889134.1114286035],[7253711.048571467,888358.6485714614],[7240731.60857147,877370.9428571761],[7232569.377142899,877399.3085714616],[7226451.33142861,875734.7714286037],[7218603.628571466,875407.7257143185],[7203912.691428609,877482.245714318],[7198167.757142894,884594.7600000352],[7203691.822857186,892341.4628571756],[7205730.725714326,899218.9485714622],[7210137.725714326,907632.3000000343],[7209956.085714325,912224.1457143202],[7213774.777142897,918967.6571428925],[7216548.768571466,920296.5971428901],[7219332.234285757,925787.2057143189],[7228098.780000038,927076.8828571774],[7232804.948571466,932380.6914286055],[7238474.531428613,942304.945714321],[7241058.3657143265,944246.1800000332],[7244814.182857186,951157.3285714611],[7247487.817142896,951199.5600000322],[7257035.591428615,958240.5628571771],[7259263.051428609,958041.6314286068],[7265560.962857187,961998.2228571773],[7274169.262857184,963678.9314286038],[7281015.874285758,968706.445714321],[7291965.617142901,970802.0028571747],[7299948.188571468,976391.057142891],[7308683.317142896,980981.8114286065],[7319914.737142898,983899.7714286037],[7334065.120000042,988549.6142857485],[7342665.771428615,994384.8457143195],[7347773.9342857525,996330.100000035],[7359626.811428614,1004725.3028571755],[7359677.514285758,1008979.7400000319],[7367270.260000043,1013619.3000000343],[7376979.751428612,1021344.5600000322],[7380518.968571469,1020529.5314286053],[7383072.614285752,1024115.134285748],[7388720.514285758,1022835.600000035],[7396541.714285754,1026933.8400000334],[7400334.068571471,1027845.1942857467],[7399863.037142895,1019457.4885714613],[7403884.262857184,1015315.400000032],[7408802.057142898,1016670.2342857495],[7411035.15142861,1022024.477142889],[7424479.622857183,1036739.8400000334],[7431444.848571472,1040594.8742857464],[7437655.5657143295,1040677.4657143205],[7447184.071428612,1046161.1457143202],[7454693.737142898,1054391.1485714614],[7461194.0885714665,1059282.057142891],[7464255.877142899,1059871.3285714611],[7470239.782857187,1064913.900000032],[7475666.034285754,1067042.0685714632],[7482540.005714327,1072170.4914286062],[7484444.888571471,1077811.9228571765],[7492410.9342857525,1094002.4714286067],[7502242.431428611,1109556.6457143202],[7504307.911428615,1114765.057142891],[7517923.702857181,1133716.091428604],[7517967.834285758,1135414.2600000352],[7527258.92857147,1144396.1800000332],[7528905.625714324,1147705.782857176],[7537816.554285757,1154861.8085714616],[7538036.2200000435,1157137.168571461],[7545000.340000041,1164220.1171428896],[7552454.825714327,1166279.4314286038],[7553252.637142897,1164325.8714286052],[7559982.70000004,1167017.4142857492],[7570365.037142895,1175319.4400000349],[7571560.148571469,1180849.0371428914],[7574640.742857181,1187428.4400000349],[7579170.262857184,1190207.0114286058],[7581710.594285756,1195326.6571428925],[7568868.931428611,1203130.5771428905],[7567801.9885714725,1233424.020000033],[7567509.757142901,1233744.288571462],[7559965.862857185,1234736.705714319],[7555149.114285752,1233517.0828571767],[7545972.680000044,1236102.282857176],[7539328.0657143295,1233041.8457143195],[7522581.051428616,1230210.4628571756],[7520037.917142898,1225706.6485714614],[7511470.265714325,1219629.5085714608],[7501394.485714324,1217728.0857143179],[7496845.3657143265,1211922.3542857468],[7491809.002857186,1208017.9742857479],[7487729.905714326,1206581.0600000322],[7479071.771428615,1198905.0400000326],[7471251.411428615,1195034.705714319],[7470592.70000004,1191074.1428571753],[7466948.320000038,1188468.8457143195],[7464780.500000037,1183936.7514286041],[7461336.000000037,1182775.0000000335],[7456563.902857184,1184539.100000035],[7447303.851428613,1191257.2200000323],[7438455.254285753,1192990.4057143182],[7429771.274285756,1191384.0342857465],[7427576.754285753,1189547.671428606],[7427760.000000037,1185031.8742857464],[7419087.8657143265,1181527.5028571784],[7412607.825714327,1183986.2400000356],[7398416.660000041,1185153.0314286053],[7393377.660000041,1187236.6314286068],[7390793.040000044,1194160.8628571779],[7386535.388571471,1197728.3914286047],[7387918.742857181,1200562.2657143213],[7385703.83142861,1203944.1057143211],[7380304.374285758,1204106.43714289],[7378028.354285754,1209559.3342857473],[7378545.014285758,1212664.0828571767],[7375954.317142896,1219033.0057143196],[7366369.148571469,1219828.71428575],[7364020.348571472,1218583.8171428926],[7367378.70571433,1209822.8828571774],[7362402.494285755,1205900.902857177],[7356497.625714324,1207334.7771428898],[7353710.757142901,1209568.7428571768],[7344646.60857147,1210703.745714318],[7339678.080000043,1216093.8057143204],[7335721.625714324,1218447.7942857482],[7334353.062857181,1225023.9485714622],[7308430.8371429,1236435.3628571779],[7299152.740000039,1238852.745714318],[7297801.891428612,1236751.2628571764],[7279339.731428616,1237349.520000033],[7274131.70000004,1238779.7314286046],[7270063.431428611,1237413.0542857498],[7262242.668571472,1239400.9885714613],[7252713.785714328,1237230.9171428904],[7249467.56000004,1234136.8971428908],[7242547.980000041,1237074.1942857467],[7232863.582857184,1235597.245714318],[7226011.600000039,1236667.562857177],[7220023.685714327,1235332.6857143193],[7215473.225714326,1237145.748571463],[7214624.480000041,1241622.365714319],[7200215.88571433,1247693.98571432],[7190865.857142895,1255737.5828571767],[7187182.1428571865,1263921.9171428904],[7179814.708571471,1269456.668571461],[7170978.497142896,1283339.445714321],[7167541.6428571865,1283562.7942857482],[7156090.848571472,1295441.5485714637],[7153690.342857182,1300754.5085714608],[7144430.985714324,1309556.4057143182],[7142398.305714324,1326174.8571428917],[7127317.70000004,1342034.7171428911],[7126257.017142899,1345307.368571464],[7127613.808571465,1353801.674285747],[7129536.2971429005,1355927.4600000344],[7098388.040000044,1513956.248571463],[7054951.120000042,1734937.177142892],[7045487.445714325,1783804.8514286056],[7044687.562857181,1784844.9914286062],[7038280.662857182,1776370.1914286055],[7035429.974285752,1775654.7000000328],[7036322.388571471,1769447.2171428911],[7032708.882857181,1766540.634285748],[7037396.3657143265,1762535.9571428932],[7033200.180000037,1747607.4742857479],[7028368.128571466,1747299.0285714641],[7023386.754285753,1749363.82571432],[7018769.731428608,1753721.4628571756],[7013390.131428614,1754755.6228571758],[7008500.88000004,1757632.868571464],[7003949.254285753,1757001.2228571773],[6994343.071428612,1757762.174285747],[6986090.874285758,1760134.402857177],[6983986.33142861,1770837.014285747],[6981571.022857182,1775540.6600000337],[6976307.820000038,1780519.8628571779],[6968386.2885714695,1797620.6857143193],[6958712.794285752,1807982.5857143216],[6944839.080000043,1813833.8457143195],[6941901.080000043,1816505.7571428902],[6936666.174285755,1824313.0057143196],[6932303.277142897,1825458.2342857495],[6927442.245714329,1828968.860000033],[6923690.531428613,1826548.6685714647],[6910246.585714325,1830678.677142892],[6899139.397142895,1842158.5428571776],[6898664.122857183,1846835.6085714623],[6892037.47142861,1849657.3285714649],[6894809.2114286125,1853187.1400000341],[6891933.4885714725,1857142.5428571776],[6892109.002857186,1863830.0114286058],[6888946.291428611,1867711.4542857483],[6883035.634285755,1870422.797142893],[6873584.694285758,1880871.8542857505],[6865947.154285751,1885212.1942857504],[6861240.554285757,1890128.9257143214],[6858312.154285751,1897808.43714289],[6845457.268571466,1908464.360000033],[6836595.1428571865,1910974.7942857482],[6832400.4428571835,1919633.8457143195],[6830631.825714327,1929412.8000000343],[6831326.760000043,1938431.517142892],[6833074.897142895,1942716.6485714614],[6839016.171428613,1949013.7257143222],[6838442.917142898,1953490.3771428913],[6832586.505714327,1969365.0142857507],[6828278.840000041,1979042.8714286052],[6826864.92285718,1990188.0142857507],[6829996.522857182,2004135.7285714634],[6828831.388571471,2009786.9657143205],[6820922.0885714665,2027237.594285749],[6816548.368571468,2034093.2857143208],[6809721.0885714665,2040124.782857176],[6804756.388571471,2046569.0714286044],[6801816.740000039,2055482.6400000341],[6801239.302857183,2063022.2228571773],[6803827.765714325,2080371.8057143204],[6804976.071428612,2081243.3171428926],[6804746.808571465,2097652.5114286058],[6808092.911428608,2114732.4657143205],[6804204.237142898,2126532.2685714625],[6802096.460000038,2129046.1085714623],[6800681.182857186,2135208.2685714625],[6799293.500000037,2140529.060000036],[6799500.214285754,2147158.914285749],[6794612.92857147,2145506.5771428905],[6796945.185714327,2140600.7742857486],[6790053.457142897,2142441.371428605],[6789444.402857184,2145542.1171428934],[6770040.917142898,2148508.177142892],[6768275.122857183,2144940.8057143204],[6764461.2200000435,2144244.760000035],[6759884.245714329,2146591.982857179],[6756521.840000041,2151967.071428608],[6753088.054285757,2153233.7000000365],[6742407.454285756,2148346.7028571777],[6738035.33142861,2149528.4171428904],[6730978.2200000435,2147141.028571464],[6725670.0114286095,2149054.7342857495],[6721722.300000042,2148183.0742857493],[6716682.217142895,2150580.1571428925],[6710908.5200000405,2151662.7742857486],[6707668.617142901,2147743.562857177],[6695884.162857182,2153061.3000000343],[6690240.482857183,2151602.4342857487],[6684394.937142894,2146800.451428607],[6678147.70000004,2148716.397142891],[6665000.5114286095,2145929.402857177],[6657782.074285753,2141630.634285748],[6640240.734285757,2139984.408571463],[6638066.571428612,2141353.597142894],[6637111.197142899,2141247.5400000364],[6628696.997142896,2143584.2028571777],[6621273.160000041,2140663.2228571773],[6618202.988571465,2148188.5371428914],[6613842.402857184,2148954.1857143193],[6611677.991428614,2151984.442857176],[6603946.028571472,2152500.797142893],[6598575.402857184,2155564.9657143205],[6588849.080000043,2164266.4714286067],[6584111.794285752,2169495.0828571767],[6578497.3371429,2172832.602857176],[6575786.42857147,2172596.8000000343],[6563178.4342857525,2178817.182857178],[6544154.817142896,2182299.1571428925],[6537168.885714322,2187752.7742857486],[6520117.145714328,2193336.1971428916],[6503649.142857179,2201377.865714319],[6496203.480000041,2200979.020000037],[6487226.780000038,2202566.9685714617],[6484472.345714323,2201955.8600000367],[6468304.734285757,2209774.4657143205],[6467779.42857147,2213436.7742857486],[6461107.822857186,2216005.408571463],[6457268.057142898,2219678.940000035],[6452097.045714326,2228152.8485714644],[6451948.877142899,2230529.0342857502],[6447726.348571472,2235902.4685714617],[6443855.251428612,2243834.711428605],[6437991.92285718,2248927.6114286073],[6434108.791428611,2257570.3057143204],[6424968.385714322,2260894.4257143214],[6422324.897142895,2260685.3514286056],[6411099.137142897,2266511.1857143193],[6405352.885714322,2270709.2342857495],[6401231.7885714695,2275723.248571463],[6398062.1571429,2275991.6457143202],[6391354.24857147,2280138.988571465],[6389836.982857183,2284801.3542857505],[6382223.3657143265,2290500.174285751],[6381805.565714322,2294474.571428608],[6378021.725714326,2296865.791428607],[6372042.145714328,2295466.5428571776],[6304248.991428614,2214864.2800000347],[6265508.425714329,2168953.220000036],[6213681.917142898,2107119.6457143202],[6191609.322857179,2079531.7514286079],[6179657.905714326,2065250.9542857483],[6149539.391428612,2030365.8057143204],[6114839.794285752,1989514.368571464],[6105595.734285757,1978212.2628571764],[6085546.78285718,1954671.980000034],[6063492.97142861,1933796.98571432],[6042937.031428613,1915623.9228571765],[5981543.771428607,1858956.5514286049],[5964427.825714327,1527598.7000000328],[5963315.085714325,1506868.5657143183],[5969231.38000004,1504196.7600000352],[5973234.334285751,1505773.2714286074],[5976755.668571465,1502525.8228571787],[5973852.697142899,1499468.3771428913],[5976062.100000039,1497063.5342857502],[5982373.368571468,1497247.908571463],[5985994.100000039,1501724.7771428898],[5986735.582857184,1505802.2800000347],[5982103.122857183,1505897.668571461],[5987084.231428608,1511565.3114286065],[5993117.825714327,1513060.3114286065],[6002520.28285718,1511434.9714286067],[5998244.674285755,1506228.2685714625],[6003957.668571465,1506023.1485714614],[6006606.70000004,1510989.3485714644],[6005757.5885714665,1516537.0742857493],[6011007.594285756,1517998.4600000344],[6012686.454285756,1513275.520000033],[6017536.525714323,1513321.0285714641],[6024284.4428571835,1506428.171428606],[6023364.1571429,1502098.9600000344],[6019151.3371429,1497395.3857143186],[6022231.631428614,1492776.8228571787],[6021696.202857181,1489638.8457143195],[6028216.257142894,1489232.4971428923],[6028908.525714323,1485794.7771428898],[6036934.9428571835,1482688.2800000347],[6042122.937142894,1482506.09714289],[6044648.508571468,1479684.9057143182],[6052790.117142893,1479169.0400000326],[6052253.10857147,1476449.6628571786],[6046702.254285753,1477317.7457143217],[6039673.448571466,1462737.3885714635],[6028428.920000039,1469032.1142857485],[6030508.717142895,1473801.7942857482],[6026513.448571466,1476574.5885714628],[6025501.002857178,1482935.7314286046],[6022943.2885714695,1487260.9057143182],[6001314.634285755,1484326.3885714635],[5998412.228571467,1484916.0542857498],[5996668.920000039,1482075.8400000334],[5994666.425714321,1480271.017142892],[5998256.56000004,1474492.1542857476],[6000787.531428613,1467598.480000034],[6008096.485714324,1462232.0400000326],[6011158.20000004,1458476.8085714616],[6015611.105714329,1462343.748571463],[6020779.9428571835,1464624.7657143213],[6025667.897142895,1459327.4685714617],[6025729.228571467,1454492.6800000332],[6030941.474285752,1451487.3485714644],[6039447.705714323,1452181.557142891],[6041051.154285751,1447576.0457143188],[6036980.385714322,1446765.5800000355],[6031156.325714327,1442061.600000035],[6026900.237142898,1446107.9142857492],[6022065.042857185,1447769.628571462],[6021082.385714322,1442249.9485714622],[6009331.420000039,1429051.1514286064],[6001007.402857184,1428072.59714289],[5996711.131428614,1420297.9257143214],[5991837.625714324,1414123.7400000356],[5992603.002857178,1408783.6200000346],[5999682.908571467,1402008.0857143216],[6003419.591428608,1400060.514285747],[6010540.480000041,1399060.8571428917],[6011888.191428609,1400561.6885714643],[6020363.634285755,1400299.591428604],[6023622.260000043,1398654.1800000332],[6024678.031428613,1393799.8428571783],[6046301.565714322,1390880.5657143183],[6053764.540000036,1390295.8914286047],[6056909.120000042,1382955.5514286049],[6057538.400000036,1377410.9657143205],[6068106.377142899,1377206.5485714637],[6081400.225714326,1380003.4314286038],[6081619.382857181,1384665.8628571779],[6090365.7114286125,1389970.0000000335],[6086125.42285718,1395281.7257143185],[6090466.457142897,1398767.2400000356],[6091596.854285754,1405274.2714286037],[6087155.691428609,1411288.6514286064],[6086580.491428614,1420806.6914286055],[6095306.408571467,1418113.8714286052],[6096743.497142896,1409286.1200000346],[6103264.034285754,1405401.942857176],[6100375.402857184,1396825.2628571764],[6101693.034285754,1393948.9542857483],[6108872.982857183,1391884.522857178],[6114172.728571467,1394889.9057143182],[6119210.685714327,1392511.9628571756],[6127462.931428611,1392563.3114286065],[6125389.220000036,1385814.100000035],[6134250.834285751,1385587.3171428926],[6138127.014285751,1382298.134285748],[6146598.92285718,1379140.3857143186],[6144219.177142896,1370422.7428571768],[6155772.334285751,1369873.1228571758],[6153771.914285757,1365966.3771428913],[6156288.334285751,1364216.3457143195],[6155398.074285753,1356763.908571463],[6159460.854285754,1351339.6514286064],[6162378.080000043,1342727.134285748],[6168947.162857182,1345353.7171428911],[6165929.017142899,1353219.868571464],[6169320.340000041,1357544.445714321],[6175653.297142893,1357525.8285714611],[6184698.125714324,1360632.3028571755],[6188256.69428575,1357444.8542857468],[6189320.105714329,1349748.5342857465],[6195117.20000004,1344291.4114286043],[6199533.728571467,1344089.980000034],[6211170.577142894,1340042.2428571768],[6212670.951428615,1337161.4314286038],[6212431.611428611,1331548.557142891],[6214201.654285751,1329590.6514286064],[6220625.514285751,1329224.288571462],[6225374.877142899,1333861.3371428922],[6228023.385714322,1332441.6628571786],[6224265.582857184,1327395.628571462],[6229406.697142899,1327520.748571463],[6234099.797142893,1324283.4000000358],[6245954.411428608,1327350.1142857485],[6258499.028571472,1338340.2571428902],[6261964.045714326,1339550.0457143188],[6270291.717142895,1347234.5085714608],[6273003.354285754,1347997.9971428923],[6276638.171428613,1344981.7028571777],[6277066.4342857525,1339830.205714319],[6281260.625714324,1335160.402857177],[6282714.805714324,1329250.3171428926],[6293697.348571464,1331159.3085714616],[6303052.225714326,1329822.4314286038],[6309632.491428614,1331278.480000034],[6311586.785714328,1329243.5085714608],[6328812.945714325,1331898.2771428898],[6339396.791428611,1329172.1257143207],[6341762.845714323,1325016.557142891],[6340220.285714328,1322761.480000034],[6347456.500000037,1318525.1514286064],[6353245.345714323,1321747.442857176],[6360722.514285751,1322471.1800000332],[6362092.500000037,1321053.5742857493],[6370541.614285752,1321109.2657143213],[6378052.197142899,1324641.3371428922],[6381430.734285757,1329727.360000033],[6387064.242857181,1332378.7971428894],[6392646.33142861,1340962.6942857467],[6394163.431428611,1351240.7028571777],[6397677.19428575,1355314.4000000358],[6398036.92857147,1358686.4257143214],[6394839.42285718,1364300.1457143202],[6396704.800000042,1370457.442857176],[6402811.0114286095,1376064.514285747],[6407886.980000041,1376934.711428605],[6421497.537142895,1383611.128571462],[6425657.985714324,1386370.8057143204],[6430129.8657143265,1385256.0714286044],[6424989.265714325,1375656.6228571758],[6423876.56000004,1367473.365714319],[6420318.951428615,1363336.522857178],[6421429.671428613,1358126.9142857492],[6430107.9428571835,1361147.3142857477],[6433687.634285755,1365816.3171428926],[6435837.805714324,1375388.1114286073],[6438856.360000037,1380382.2714286037],[6438937.300000042,1390403.0114286058],[6439917.502857186,1393013.0457143188],[6444829.268571466,1394265.9942857474],[6444223.722857185,1399163.9342857487],[6446723.65142861,1403604.8714286052],[6444060.600000039,1406155.2400000356],[6444473.540000036,1410311.014285747],[6451419.537142895,1418877.865714319],[6459478.028571472,1415655.942857176],[6459520.614285752,1411974.2857143208],[6462275.034285754,1409289.8371428922],[6460001.308571465,1399858.6657143198],[6453006.962857179,1392926.2514286041],[6443123.648571469,1378732.7200000323],[6444677.351428613,1372602.3171428926],[6447300.542857185,1373019.705714319],[6450339.92857147,1382406.668571461],[6455042.5114286095,1385244.9142857492],[6458005.65142861,1384801.9771428928],[6461027.448571466,1388739.171428606],[6460025.894285753,1396679.831428606],[6467832.842857182,1389988.1885714643],[6473309.022857182,1396067.4114286043],[6477699.765714325,1405242.1028571762],[6477112.002857186,1413655.6314286068],[6467157.168571465,1418856.7257143185],[6465593.328571469,1422809.2600000352],[6466697.28285718,1428433.0742857493],[6463911.2885714695,1431150.8371428922],[6471678.734285757,1434450.7685714625],[6475158.045714326,1437134.8885714635],[6489387.634285755,1430321.6142857485],[6507448.60857147,1427761.6885714643],[6510533.128571466,1423260.6828571782],[6516956.6571429,1426177.365714319],[6516659.257142894,1421485.4400000349],[6527388.534285754,1421915.0685714632],[6528830.597142898,1419016.2742857486],[6536321.15142861,1417727.408571463],[6541006.245714329,1414270.6228571758],[6552529.420000039,1417120.9657143205],[6558168.131428614,1421038.1457143202],[6562054.257142894,1417663.1028571762],[6567256.860000037,1415360.6200000346],[6577507.965714328,1422092.177142892],[6585686.78285718,1420609.3628571779],[6586917.325714327,1415318.5685714632],[6591935.70000004,1415060.0400000326],[6594778.080000043,1419598.5314286053],[6599586.342857182,1420916.9971428923],[6602969.362857185,1416972.174285747],[6603844.311428614,1412994.3485714644],[6608259.000000037,1403895.2628571764],[6610507.505714327,1402507.945714321],[6616931.577142894,1388335.6971428916],[6618042.137142897,1381804.7514286041],[6625735.462857179,1366937.1800000332],[6626047.522857182,1363701.0485714637],[6631014.10857147,1355088.4542857483],[6643529.440000042,1340767.0400000326],[6654280.502857186,1333725.557142891],[6663373.1657143235,1331805.951428607],[6674915.302857183,1332023.2857143208],[6685869.9771429,1333787.168571461],[6690158.768571466,1337624.4942857474],[6714794.100000039,1341348.7571428902],[6724515.354285754,1341750.0000000335],[6726663.448571466,1337194.0028571784],[6723854.1428571865,1334036.8200000338],[6720105.702857181,1325839.9000000358],[6722239.668571472,1320884.3285714611],[6718352.171428613,1315703.591428604],[6718927.354285754,1308340.365714319],[6715368.794285752,1301581.3942857496],[6722721.374285758,1296325.2228571773],[6721993.225714326,1294420.9057143182],[6733180.982857183,1288652.557142891],[6734881.557142898,1288771.3800000325],[6743117.742857181,1281194.1085714623],[6743212.917142898,1278014.1428571753],[6748079.362857185,1276930.8800000325],[6753298.120000042,1269191.0685714632],[6749433.811428614,1264185.628571462],[6744439.20000004,1251444.5857143179],[6746222.465714328,1247640.0057143196],[6741831.851428613,1241352.017142892],[6742737.957142897,1233107.0028571784],[6747666.808571465,1231142.0514286049],[6752150.594285756,1232031.5314286053],[6753256.805714324,1227542.6028571762],[6758352.225714326,1231607.782857176],[6763477.640000038,1229514.1457143202],[6766287.802857183,1231818.442857176],[6775318.645714328,1227695.7685714625],[6776373.960000038,1225018.6942857467],[6772654.708571471,1218586.1514286064],[6769918.474285752,1221610.48571432],[6762903.202857181,1219132.4228571765],[6763181.305714324,1214454.0885714628],[6761221.70000004,1208555.1457143202],[6762093.580000043,1203784.900000032],[6765792.682857186,1204312.8342857473],[6766420.722857185,1210186.400000032],[6772169.005714327,1209597.291428607],[6773690.9771429,1204496.865714319],[6761838.9428571835,1190416.2800000347],[6761789.231428608,1187097.480000034],[6767563.92857147,1182443.0342857465],[6771480.991428614,1181709.365714319],[6779321.851428613,1185762.205714319],[6786850.362857185,1184163.6057143211],[6790980.437142894,1189741.634285748],[6794547.468571469,1191064.5285714641],[6802814.385714322,1185693.062857177],[6801671.4771429,1176621.282857176],[6800324.314285755,1174326.09714289],[6806494.388571471,1166706.0885714628],[6820326.640000038,1169152.3914286047],[6820949.522857182,1166524.9714286067],[6827836.185714327,1167029.8742857464],[6836360.834285751,1165141.9400000349],[6841529.385714322,1167245.5114286058],[6845351.597142898,1164923.6800000332],[6860401.5200000405,1163780.4628571756],[6863898.091428615,1162611.2000000328],[6878037.300000042,1162032.8885714635],[6882117.7971429005,1162581.7600000352],[6886817.120000042,1161027.6028571762],[6896899.834285751,1163173.7742857486],[6903421.751428612,1163186.7800000347],[6905899.6428571865,1165155.8200000338],[6914975.568571471,1166209.6057143211],[6915735.5657143295,1162945.1628571749],[6925106.1571429,1165185.1314286068],[6931275.845714323,1169997.100000035],[6933643.877142899,1168539.1485714614],[6942190.745714329,1170202.4828571752],[6941186.031428613,1166406.0828571767],[6945506.74857147,1164964.98571432],[6947798.897142895,1166656.8000000343],[6956053.482857183,1163844.1657143198],[6963784.408571467,1164763.942857176],[6971438.148571469,1163746.4485714622],[6978977.440000042,1166069.2085714638],[6985621.685714327,1166892.6314286068],[6985888.768571466,1162625.668571461],[6989756.660000041,1157237.6971428916],[6991131.014285758,1163714.4514286034],[6995580.522857182,1164794.6542857476],[6995111.800000042,1170216.865714319],[7003240.808571465,1168684.8342857473],[7004790.534285754,1164265.3057143204],[6998708.862857185,1160732.8628571779],[7011416.402857184,1156330.5028571784],[7016177.625714324,1159846.3342857473],[7030388.925714329,1162153.6085714623],[7036267.402857184,1164142.7514286041],[7035509.894285753,1159357.402857177],[7039743.031428613,1158296.4114286043],[7051860.991428614,1161140.902857177],[7055739.548571467,1158959.8885714635],[7057657.254285753,1161169.3028571755],[7062823.320000038,1159404.168571461],[7063983.354285754,1162333.6571428925],[7070140.848571472,1160270.5885714628],[7071693.680000037,1153778.628571462],[7073885.7971429005,1150134.3542857468],[7079183.0200000405,1147804.6142857485],[7081408.140000038,1141543.2714286037],[7085258.674285755,1137280.4314286038],[7091061.06000004,1134793.5000000335],[7093892.06000004,1130544.1171428896],[7092537.900000043,1128245.8628571779],[7095506.991428614,1123905.0000000335],[7101603.460000038,1127306.754285749],[7104276.502857186,1126922.1514286064],[7106252.271428615,1113800.7771428898],[7112906.094285756,1111687.677142892],[7115646.582857184,1104227.0114286058],[7120188.42285718,1105531.1857143193],[7122143.617142901,1109819.9171428904],[7129162.051428609,1112958.128571462],[7131972.114285752,1112707.9171428904],[7137005.425714329,1105450.0542857498],[7137013.794285752,1100842.1200000346],[7132070.040000044,1095609.2514286041],[7139285.014285758,1088305.2685714625],[7144539.637142897,1086263.7142857462],[7142818.160000041,1081503.3742857464],[7139045.542857185,1077176.4485714622],[7145148.4428571835,1072151.1371428892],[7153334.70000004,1069616.7628571764],[7154364.300000042,1062738.6657143198],[7158502.348571472,1066108.7685714625],[7161761.062857181,1064017.062857177],[7163005.251428612,1057265.8457143195],[7173740.737142898,1046117.9971428923],[7169115.774285756,1044015.480000034],[7166510.745714329,1046412.8200000338],[7159707.125714324,1045163.7742857486],[7159954.965714328,1045383.3914286047]],[[6010658.128571466,1518776.0742857493],[6005895.5200000405,1520662.0342857502],[6005999.214285754,1524958.7171428911],[6003225.0885714665,1526548.5828571767],[6001389.385714322,1534507.908571463],[5998383.488571465,1534607.211428605],[5999815.920000039,1542749.5742857493],[6001683.311428614,1542954.2285714634],[6003811.145714328,1541974.1828571782],[6005502.437142894,1537708.9714286067],[6009189.091428608,1536081.4114286043],[6007399.7885714695,1524740.0485714637],[6010361.465714328,1522342.520000033],[6010658.128571466,1518776.0742857493]]]]},"properties":{"PRUID":"35","DGUID":"2021A000235","PRNAME":"Ontario","PRENAME":"Ontario","PRFNAME":"Ontario","PREABBR":"Ont.","PRFABBR":"Ont.","LANDAREA":892411.7626}},
{"type":"Feature","geometry":{"type":"Polygon","coordinates":[[[6039436.260000043,2637017.4285714626],[6012518.528571464,2638376.9657143205],[5975973.065714322,2640560.488571465],[5935396.768571466,2643441.3171428926],[5894857.257142894,2646800.3828571774],[5867854.140000038,2649305.220000036],[5813911.142857179,2654951.291428607],[5786974.600000039,2658092.177142892],[5733179.740000039,2665008.677142892],[5679500.262857184,2672770.0371428914],[5652707.940000042,2676966.948571466],[5648044.168571465,2650487.100000035],[5603845.15142861,2374728.5771428905],[5602074.6657143235,2364598.028571464],[5591985.3657143265,2301934.2285714634],[5580248.3657143265,2227596.4228571765],[5582690.805714324,2227217.6885714643],[5576667.962857179,2189629.4171428904],[5579096.460000038,2189218.9228571765],[5573105.137142897,2151697.940000035],[5575513.237142898,2151260.102857176],[5569528.917142898,2113602.7800000347],[5571893.120000042,2113227.6942857504],[5565928.465714328,2075547.6600000337],[5568260.860000037,2075176.6742857508],[5562314.745714322,2037441.248571463],[5564802.545714326,2037049.5342857502],[5558840.9428571835,1998798.9142857492],[5561100.028571464,1998422.3571428917],[5555250.502857178,1961071.87428575],[5557514.348571464,1960715.3828571774],[5551606.440000042,1922845.9314286076],[5553509.145714328,1922549.5142857507],[5547622.077142894,1884655.0057143196],[5549858.925714321,1884309.5314286053],[5543979.000000037,1846382.0828571767],[5545894.762857184,1846086.8428571783],[5540007.662857182,1808077.100000035],[5542141.634285755,1807734.2257143185],[5536902.245714322,1773590.4742857479],[5537365.048571467,1773517.788571462],[5531446.754285753,1735039.520000033],[5533592.55428575,1734708.860000033],[5527694.485714324,1696147.128571462],[5529783.822857179,1695826.3114286065],[5523871.671428613,1657140.4142857492],[5526079.857142895,1656802.9971428923],[5520205.094285756,1618087.9257143214],[5522280.794285752,1617774.634285748],[5516522.042857185,1579860.442857176],[5518495.325714327,1578698.2285714634],[5512616.091428608,1539881.9742857479],[5514406.56000004,1539608.9485714622],[5508603.837142892,1500623.9885714613],[5510718.70000004,1500297.71428575],[5507779.222857185,1480694.1514286064],[5548678.06000004,1474793.100000035],[5588350.931428611,1469354.365714319],[5642795.062857181,1462463.1228571758],[5678636.611428611,1458282.8942857496],[5737367.325714327,1452067.177142892],[5783119.448571466,1447752.1971428916],[5840382.062857181,1442925.1942857467],[5869878.140000038,1440719.5857143216],[5914823.591428608,1437694.3714286052],[5953834.225714326,1435445.87428575],[5954980.654285751,1439400.831428606],[5950616.000000037,1441938.9971428923],[5950011.760000043,1447183.4771428928],[5954091.717142895,1453899.0685714632],[5960629.017142899,1454711.0514286049],[5961618.468571469,1474395.4400000349],[5961810.082857184,1477664.865714319],[5961603.78285718,1478873.205714319],[5961891.297142893,1479378.3628571779],[5962257.617142893,1485359.5085714646],[5962378.571428612,1487361.9742857479],[5962957.325714327,1500543.2342857495],[5963110.688571468,1502142.408571463],[5963164.460000038,1503621.3485714644],[5963315.085714325,1506868.5657143183],[5964427.825714327,1527598.7000000328],[5981543.771428607,1858956.5514286049],[6042937.031428613,1915623.9228571765],[6063492.97142861,1933796.98571432],[6085546.78285718,1954671.980000034],[6105595.734285757,1978212.2628571764],[6114839.794285752,1989514.368571464],[6149539.391428612,2030365.8057143204],[6179657.905714326,2065250.9542857483],[6191609.322857179,2079531.7514286079],[6213681.917142898,2107119.6457143202],[6265508.425714329,2168953.220000036],[6304248.991428614,2214864.2800000347],[6372042.145714328,2295466.5428571776],[6367795.83142861,2295535.7285714634],[6358093.974285752,2298011.4657143205],[6348860.15142861,2302385.4542857483],[6340829.791428611,2302149.597142894],[6329792.1657143235,2305759.48571432],[6314702.111428611,2309496.2228571773],[6313780.557142898,2309468.3228571787],[6310714.88000004,2311668.560000036],[6310707.780000038,2311910.448571462],[6310703.760000043,2312047.3171428926],[6310701.208571471,2312134.288571462],[6301153.280000038,2317230.6228571795],[6289371.685714327,2325408.6885714643],[6287257.360000037,2328012.9628571793],[6280096.188571468,2330115.140000034],[6272554.271428607,2334323.6171428934],[6267938.388571471,2333607.0485714637],[6259220.062857181,2337064.5428571776],[6250835.37428575,2336790.0800000355],[6242439.368571468,2334925.254285749],[6228943.800000042,2329722.488571465],[6216986.385714322,2323916.248571463],[6210857.294285752,2321831.528571464],[6199796.077142894,2316149.302857179],[6191097.005714327,2313336.242857177],[6184803.505714327,2313135.9000000358],[6176848.92857147,2309136.7457143217],[6179677.174285755,2315692.4285714626],[6170254.242857181,2314260.7028571777],[6163501.014285751,2311701.134285748],[6155471.728571467,2305699.225714322],[6151333.931428611,2306719.211428605],[6156765.300000042,2313456.9342857487],[6159862.094285756,2318961.1200000346],[6166311.397142895,2336577.9257143214],[6167200.357142895,2346790.5400000364],[6165287.425714321,2357927.2457143217],[6162810.034285754,2365717.680000037],[6160535.528571472,2367002.248571463],[6159480.674285755,2372331.648571465],[6155755.071428612,2379722.0742857493],[6150990.548571467,2392155.7657143213],[6148198.417142898,2403289.7657143213],[6145369.180000037,2418869.980000034],[6146248.734285757,2421519.880000036],[6136387.125714324,2447419.9000000358],[6133365.074285753,2454479.2800000347],[6132003.69428575,2461328.6200000346],[6129028.917142898,2468981.3857143223],[6127747.800000042,2479184.8457143195],[6127839.437142894,2490507.0771428943],[6124303.728571467,2500002.7000000365],[6116523.882857181,2500380.251428608],[6112683.257142894,2495892.9257143214],[6109888.368571468,2500309.905714322],[6100127.185714327,2503349.242857177],[6087149.754285753,2501405.917142894],[6077911.388571471,2501179.5485714637],[6065039.714285754,2504630.565714322],[6061428.542857185,2497222.4000000358],[6055532.691428609,2495603.754285749],[6052880.234285757,2499498.088571463],[6052683.305714324,2504622.0028571784],[6050302.960000038,2509303.8914286084],[6046371.808571465,2512687.5742857493],[6046548.297142893,2517088.8542857505],[6046509.191428609,2517114.1514286064],[6046392.5885714665,2518832.8600000367],[6042556.297142893,2521382.0000000335],[6039749.765714325,2528832.2371428907],[6037095.985714324,2530039.3857143223],[6036733.062857181,2530435.7342857495],[6036459.591428608,2537479.7457143217],[6036460.474285752,2537497.720000036],[6035932.917142898,2541540.6085714623],[6037764.765714325,2546427.32571432],[6036549.540000036,2551854.751428608],[6038983.728571467,2559495.1628571786],[6037212.122857183,2565740.9657143205],[6040274.848571464,2565680.0857143216],[6042502.540000036,2569660.220000036],[6037332.091428608,2599042.457142893],[6038664.362857185,2607524.148571465],[6041406.457142897,2614160.174285751],[6039462.397142895,2617435.880000036],[6039572.514285751,2624792.834285751],[6039193.065714322,2626988.180000037],[6039436.260000043,2637017.4285714626]]]},"properties":{"PRUID":"46","DGUID":"2021A000246","PRNAME":"Manitoba","PRENAME":"Manitoba","PRFNAME":"Manitoba","PREABBR":"Man.","PRFABBR":"Man.","LANDAREA":540310.1887}},
{"type":"Feature","geometry":{"type":"Polygon","coordinates":[[[5652707.940000042,2676966.948571466],[5612583.385714322,2683656.880000036],[5585878.708571464,2688379.4742857516],[5545893.362857178,2695856.597142894],[5492721.997142896,2706558.494285751],[5466201.048571467,2712222.588571463],[5413296.822857179,2724175.3142857514],[5373745.542857185,2733684.868571464],[5334309.142857179,2743660.1142857485],[5294993.10285718,2754099.6628571786],[5255802.8885714635,2765002.062857177],[5229748.674285755,2772526.7228571773],[5190164.968571469,2637532.1571428925],[5087063.605714325,2285678.5428571776],[5068801.660000037,2224627.7000000365],[4932495.800000038,1759498.5742857493],[4930487.908571467,1753420.902857177],[4920731.145714324,1719188.0742857493],[4890689.760000039,1616915.8800000325],[4961429.091428608,1596818.5114286058],[5001006.734285753,1586027.3971428908],[5066115.225714322,1569163.4314286076],[5118811.528571464,1556316.1971428916],[5157645.685714327,1547138.1542857476],[5221150.314285755,1533020.3400000334],[5259346.302857183,1524943.9200000353],[5288106.137142897,1519145.59714289],[5336144.280000038,1509795.6257143207],[5388744.188571468,1500161.2685714625],[5433597.394285753,1492406.3628571779],[5461183.082857184,1487886.6200000346],[5507779.222857185,1480694.1514286064],[5510718.70000004,1500297.71428575],[5508603.837142892,1500623.9885714613],[5514406.56000004,1539608.9485714622],[5512616.091428608,1539881.9742857479],[5518495.325714327,1578698.2285714634],[5516522.042857185,1579860.442857176],[5522280.794285752,1617774.634285748],[5520205.094285756,1618087.9257143214],[5526079.857142895,1656802.9971428923],[5523871.671428613,1657140.4142857492],[5529783.822857179,1695826.3114286065],[5527694.485714324,1696147.128571462],[5533592.55428575,1734708.860000033],[5531446.754285753,1735039.520000033],[5537365.048571467,1773517.788571462],[5536902.245714322,1773590.4742857479],[5542141.634285755,1807734.2257143185],[5540007.662857182,1808077.100000035],[5545894.762857184,1846086.8428571783],[5543979.000000037,1846382.0828571767],[5549858.925714321,1884309.5314286053],[5547622.077142894,1884655.0057143196],[5553509.145714328,1922549.5142857507],[5551606.440000042,1922845.9314286076],[5557514.348571464,1960715.3828571774],[5555250.502857178,1961071.87428575],[5561100.028571464,1998422.3571428917],[5558840.9428571835,1998798.9142857492],[5564802.545714326,2037049.5342857502],[5562314.745714322,2037441.248571463],[5568260.860000037,2075176.6742857508],[5565928.465714328,2075547.6600000337],[5571893.120000042,2113227.6942857504],[5569528.917142898,2113602.7800000347],[5575513.237142898,2151260.102857176],[5573105.137142897,2151697.940000035],[5579096.460000038,2189218.9228571765],[5576667.962857179,2189629.4171428904],[5582690.805714324,2227217.6885714643],[5580248.3657143265,2227596.4228571765],[5591985.3657143265,2301934.2285714634],[5602074.6657143235,2364598.028571464],[5603845.15142861,2374728.5771428905],[5648044.168571465,2650487.100000035],[5652707.940000042,2676966.948571466]]]},"properties":{"PRUID":"47","DGUID":"2021A000247","PRNAME":"Saskatchewan","PRENAME":"Saskatchewan","PRFNAME":"Saskatchewan","PREABBR":"Sask.","PRFABBR":"Sask.","LANDAREA":577060.4042}},
{"type":"Feature","geometry":{"type":"Polygon","coordinates":[[[4890689.760000039,1616915.8800000325],[4920731.145714324,1719188.0742857493],[4930487.908571467,1753420.902857177],[4932495.800000038,1759498.5742857493],[5068801.660000037,2224627.7000000365],[5087063.605714325,2285678.5428571776],[5190164.968571469,2637532.1571428925],[5229748.674285755,2772526.7228571773],[5190780.271428607,2784197.140000034],[5164878.954285756,2792232.337142892],[5113269.805714324,2808912.291428607],[5087565.1657143235,2817556.017142892],[5036363.688571468,2835448.3000000343],[4998150.640000038,2849394.55428575],[4947460.751428608,2868688.597142894],[4922231.1228571795,2878633.868571464],[4872010.288571466,2899117.837142892],[4822117.69428575,2920388.8000000343],[4784921.074285753,2936855.334285751],[4747921.2000000365,2953759.3085714653],[4723366.460000038,2965270.491428606],[4434855.397142895,2356081.171428606],[4436812.6657143235,2351474.7314286083],[4440156.742857181,2350335.257142894],[4435777.885714322,2344056.7714286074],[4442150.44285718,2340714.211428605],[4442763.420000039,2329148.020000037],[4439692.457142893,2328019.16571432],[4434145.297142893,2332361.6085714623],[4430503.834285751,2333296.251428608],[4430897.911428608,2326719.1457143202],[4427326.162857179,2324842.180000037],[4431902.642857179,2317858.7657143213],[4431554.854285751,2307060.7000000365],[4433939.702857181,2303411.6600000337],[4443042.982857179,2299442.4314286076],[4445919.154285751,2296555.217142891],[4449584.37428575,2296172.720000036],[4451288.531428609,2292005.148571465],[4449770.891428608,2286301.0114286058],[4451388.508571465,2272840.4371428937],[4457013.477142893,2271399.6171428934],[4457260.125714324,2267738.365714319],[4460852.197142895,2264067.248571463],[4465875.085714322,2267550.8514286056],[4466190.791428611,2272129.871428605],[4471085.520000037,2270748.2657143213],[4471746.65142861,2267185.7000000365],[4477144.58285718,2258412.517142892],[4478605.025714323,2252945.3114286065],[4474588.385714322,2248316.9371428937],[4479453.351428609,2242405.640000034],[4475979.440000039,2235438.408571463],[4477558.340000037,2231372.5457143225],[4475189.765714325,2226142.1857143193],[4480544.051428609,2226725.6542857476],[4485304.174285751,2221823.094285749],[4484062.571428608,2218401.9000000358],[4485551.862857182,2214405.491428606],[4481998.431428608,2210132.911428608],[4485192.288571466,2204245.7742857486],[4483845.65142861,2201277.5314286053],[4485706.97142861,2196708.831428606],[4479819.837142896,2194022.605714321],[4478783.420000039,2188050.865714319],[4480743.448571466,2176375.302857179],[4477725.851428609,2172821.868571464],[4476838.220000036,2163698.2828571796],[4483084.2000000365,2165418.8857143223],[4488470.751428608,2161978.2628571764],[4490181.148571465,2167362.8885714635],[4496402.520000037,2170727.8828571774],[4496367.265714325,2167082.794285748],[4499377.814285751,2160547.017142892],[4506442.37428575,2156485.951428607],[4507915.920000039,2149583.551428605],[4502874.840000037,2145896.1600000337],[4495662.220000036,2143943.182857178],[4494893.720000036,2138549.5800000355],[4498651.614285752,2134128.940000035],[4503262.617142893,2131534.371428605],[4504186.225714322,2124716.5742857493],[4510277.822857179,2123785.914285749],[4511102.728571467,2121762.4314286076],[4518230.742857181,2117948.131428607],[4521643.1657143235,2117807.1228571795],[4521761.794285752,2106662.065714322],[4522983.402857181,2097109.7600000352],[4527874.08285718,2092236.0485714637],[4530363.962857179,2083417.5542857498],[4528090.411428608,2080601.065714322],[4529770.125714324,2072160.0828571767],[4527517.78285718,2068949.1171428934],[4528909.060000036,2062357.517142892],[4535729.71428575,2058998.0914286077],[4536442.320000038,2062306.6171428934],[4544128.28285718,2067600.2600000352],[4548285.148571465,2066548.3171428926],[4549679.617142893,2062945.8000000343],[4547843.28285718,2059769.3400000334],[4550197.557142895,2054300.1828571782],[4547506.440000039,2048965.0400000364],[4552972.725714322,2039927.637142893],[4552314.0114286095,2034943.4285714626],[4555643.017142896,2031810.0857143216],[4553799.87428575,2027807.4657143205],[4554477.574285753,2023391.9742857479],[4558454.931428608,2020704.1171428934],[4556820.868571468,2014826.282857176],[4554063.820000038,2013338.21428575],[4555000.920000039,2009358.4285714626],[4553826.868571468,2004744.9657143205],[4561451.845714323,1994711.2771428935],[4566862.182857182,1988823.2742857486],[4562852.677142896,1984248.09714289],[4563084.480000038,1978763.8542857505],[4565742.997142896,1976575.8342857473],[4566608.645714324,1972421.0342857502],[4570458.785714325,1971627.331428606],[4574863.085714322,1967881.4942857474],[4574960.877142895,1963921.9942857474],[4580929.865714323,1956605.094285749],[4580353.97142861,1944388.2257143222],[4575946.048571467,1943920.9942857474],[4575044.320000038,1940483.6914286055],[4579200.120000038,1938653.9714286067],[4579230.565714322,1933488.402857177],[4585054.562857181,1926316.9742857479],[4586030.7771428935,1920095.21428575],[4591784.322857179,1920164.942857176],[4591444.0885714665,1912874.2314286046],[4588625.014285751,1907788.9600000344],[4591298.274285752,1904161.831428606],[4590107.457142893,1899368.1885714643],[4601467.548571467,1900326.7571428902],[4605432.005714323,1896578.2742857486],[4608781.085714322,1874205.7228571773],[4613153.822857179,1867614.0742857493],[4610112.431428608,1865847.8200000338],[4611177.5114286095,1859433.6828571782],[4608958.597142894,1857276.9000000358],[4609656.245714322,1849938.1200000346],[4606296.148571465,1842733.4485714622],[4608126.474285752,1834040.3057143204],[4605515.620000038,1825250.7342857495],[4602085.1228571795,1823481.3571428917],[4600409.445714325,1818628.9885714613],[4601222.720000036,1810206.93714289],[4598042.391428608,1800309.3457143195],[4594492.577142894,1798060.87428575],[4592526.920000039,1791671.3457143195],[4585899.091428608,1791170.642857179],[4585191.674285751,1786442.0000000335],[4587131.182857182,1783063.9485714622],[4591641.528571468,1780519.6885714643],[4591654.0114286095,1775305.5371428914],[4587895.948571466,1766009.3971428908],[4588650.19428575,1761499.1085714623],[4592896.537142895,1756415.5371428914],[4592393.105714325,1746773.711428605],[4595829.577142894,1744650.5428571776],[4593547.717142895,1740292.020000033],[4596650.391428608,1736811.7714286074],[4607173.220000036,1729391.6171428934],[4608184.880000036,1726666.951428607],[4606218.99142861,1722161.142857179],[4609653.391428608,1716195.5028571784],[4610262.6314286105,1712051.9914286062],[4608207.857142895,1709522.3457143195],[4632347.1228571795,1700668.2771428898],[4685801.105714325,1682011.171428606],[4722705.797142893,1669509.2085714638],[4782775.785714325,1649632.2171428911],[4821406.877142895,1637600.360000033],[4849852.111428611,1628987.7428571768],[4890689.760000039,1616915.8800000325]]]},"properties":{"PRUID":"48","DGUID":"2021A000248","PRNAME":"Alberta","PRENAME":"Alberta","PRFNAME":"Alberta","PREABBR":"Alta.","PRFABBR":"Alb.","LANDAREA":634658.2668}},
{"type":"Feature","geometry":{"type":"MultiPolygon","coordinates":[[[[3954204.382857181,2187674.3085714653],[3950423.7485714667,2182922.445714321],[3954808.525714323,2182150.9542857483],[3954204.382857181,2187674.3085714653]]],[[[3850129.7000000365,2455832.21428575],[3844552.940000035,2453103.302857179],[3846531.3571428955,2449965.1457143202],[3850129.7000000365,2455832.21428575]]],[[[3844181.8885714635,2339399.637142893],[3841958.340000037,2337048.3828571774],[3846487.0485714637,2334353.251428608],[3848682.182857178,2337116.2285714634],[3844181.8885714635,2339399.637142893]]],[[[3827500.7314286083,2167914.1085714623],[3821748.108571466,2165117.0028571784],[3823027.7114286087,2163001.05428575],[3828565.062857181,2164323.294285748],[3827500.7314286083,2167914.1085714623]]],[[[3981585.9657143243,1969175.3228571787],[3979395.1885714643,1964620.3828571774],[3983903.768571466,1961397.3171428926],[3983509.8942857496,1967605.0457143188],[3981585.9657143243,1969175.3228571787]]],[[[3800462.8971428946,2230341.088571463],[3798140.037142895,2225624.568571463],[3802692.191428609,2225275.16571432],[3800462.8971428946,2230341.088571463]]],[[[3933616.408571467,2088144.7428571768],[3930648.174285751,2085402.594285749],[3932374.840000037,2081565.9400000349],[3936962.028571464,2084638.177142892],[3933616.408571467,2088144.7428571768]]],[[[3741768.1571428925,2833542.2685714625],[3739818.2657143213,2832030.1942857504],[3739794.2428571805,2826336.328571465],[3744402.6971428953,2827156.4285714626],[3744714.7428571805,2831276.517142892],[3741768.1571428925,2833542.2685714625]]],[[[3832153.5028571784,2104301.0800000355],[3828641.3085714653,2098944.682857178],[3835543.2057143226,2098859.911428608],[3832153.5028571784,2104301.0800000355]]],[[[3873703.294285752,2384732.5742857493],[3866430.5114286095,2381447.905714322],[3866300.377142895,2377617.562857177],[3872257.645714324,2380407.908571463],[3873703.294285752,2384732.5742857493]]],[[[3695168.2400000356,2697171.8228571787],[3697723.8200000376,2690501.685714323],[3703053.865714323,2689733.340000037],[3695168.2400000356,2697171.8228571787]]],[[[3988749.717142895,1963926.5885714628],[3986900.5742857493,1960313.9000000358],[3993404.0342857502,1955566.1628571786],[3994311.0400000364,1958176.9314286076],[3988749.717142895,1963926.5885714628]]],[[[3881755.1200000383,2741810.748571463],[3878950.8142857514,2740695.248571463],[3878868.4000000358,2733250.520000037],[3881719.0514286086,2732791.0485714637],[3883523.8542857505,2737729.3571428917],[3881755.1200000383,2741810.748571463]]],[[[3844833.1514286064,2703366.331428606],[3841068.6628571786,2703157.562857177],[3840476.2114286087,2698521.2657143213],[3847197.8514286093,2698033.10285718],[3844833.1514286064,2703366.331428606]]],[[[3760919.682857178,2760192.148571465],[3753660.520000037,2758441.748571463],[3753463.0828571804,2752488.140000034],[3757643.448571466,2755323.9600000344],[3760919.682857178,2760192.148571465]]],[[[3842076.794285752,2594441.525714323],[3841707.982857179,2589380.9714286067],[3846701.911428608,2585716.9542857483],[3844632.6542857513,2593650.7685714625],[3842076.794285752,2594441.525714323]]],[[[3693869.8571428955,2718228.828571465],[3692980.6514286064,2712455.060000036],[3701099.068571467,2706821.088571463],[3701636.9342857525,2709273.480000034],[3696982.5142857507,2712166.1685714647],[3693869.8571428955,2718228.828571465]]],[[[3869966.417142894,2259480.0914286077],[3870104.680000037,2254318.911428608],[3876858.531428609,2250926.0742857493],[3878630.862857178,2252570.068571463],[3869966.417142894,2259480.0914286077]]],[[[3811611.4285714664,2338623.9971428923],[3816067.0342857502,2331726.2628571764],[3820540.2828571796,2334529.174285751],[3817730.0571428947,2337971.8885714635],[3811611.4285714664,2338623.9971428923]]],[[[3856851.5085714646,2360110.0028571784],[3855649.9742857516,2356502.177142892],[3861004.362857178,2353625.785714321],[3863828.677142892,2355335.7228571773],[3856851.5085714646,2360110.0028571784]]],[[[3867710.4028571807,2475222.1971428916],[3862108.720000036,2467703.9285714626],[3871342.9028571807,2469786.4657143205],[3867710.4028571807,2475222.1971428916]]],[[[3930847.1628571786,2635540.7114286087],[3915918.1571428925,2635300.05428575],[3916277.1571428925,2632724.3085714653],[3922209.751428608,2633564.0800000355],[3928076.828571465,2632038.8171428926],[3930847.1628571786,2635540.7114286087]]],[[[3860256.5000000373,2652830.057142891],[3853292.87428575,2652543.411428608],[3856156.9400000386,2645283.0342857502],[3861097.560000036,2648731.1085714623],[3860256.5000000373,2652830.057142891]]],[[[3713631.060000036,2662038.868571464],[3712430.951428607,2659192.411428608],[3716561.3114286065,2654569.1971428916],[3721184.2742857523,2656141.5114286058],[3719339.1542857513,2659802.368571464],[3713631.060000036,2662038.868571464]]],[[[3863927.3142857514,2477644.0000000335],[3856549.728571467,2473896.088571463],[3861717.800000038,2469164.0428571776],[3867153.640000038,2475540.371428605],[3863927.3142857514,2477644.0000000335]]],[[[3880052.4742857516,2709886.5371428914],[3876492.8142857514,2709015.66571432],[3874274.4657143243,2703758.55428575],[3876457.6971428953,2700218.068571463],[3879735.108571466,2703107.0057143196],[3880052.4742857516,2709886.5371428914]]],[[[3875780.3200000376,2293605.7771428935],[3871762.0571428947,2290617.291428607],[3876052.1942857504,2287873.797142893],[3882181.791428607,2287231.405714322],[3879495.7742857523,2292460.3771428913],[3875780.3200000376,2293605.7771428935]]],[[[3858078.648571465,2415255.171428606],[3851624.145714324,2413777.1600000337],[3850031.37428575,2410907.5142857507],[3856337.5885714665,2406605.257142894],[3858078.648571465,2415255.171428606]]],[[[3886361.137142893,2470426.794285748],[3880104.845714323,2467791.380000036],[3883691.917142894,2464111.3542857505],[3891647.9371428937,2466893.560000036],[3890231.828571465,2470113.457142893],[3886361.137142893,2470426.794285748]]],[[[3883350.6971428953,2722937.76285718],[3879098.5742857493,2720184.5514286086],[3879243.1971428953,2715481.6600000374],[3883611.182857178,2713530.8114286065],[3886137.757142894,2715165.5457143225],[3883350.6971428953,2722937.76285718]]],[[[3882126.71428575,2506125.105714321],[3881607.291428607,2501980.7400000356],[3878805.6628571786,2497935.991428606],[3887385.031428609,2495071.9657143205],[3889423.33142861,2497429.948571462],[3882126.71428575,2506125.105714321]]],[[[4010378.1571428925,2028354.557142891],[4004054.522857178,2026637.7000000365],[4002107.180000037,2023135.9314286076],[4006273.868571464,2020763.8714286052],[4013036.071428608,2025725.4228571765],[4010378.1571428925,2028354.557142891]]],[[[3927748.9400000386,2097839.9371428937],[3924194.1200000383,2092240.022857178],[3927982.0514286086,2083003.254285749],[3929226.6628571786,2093222.5885714628],[3927748.9400000386,2097839.9371428937]]],[[[3890154.4628571793,2736497.0857143216],[3884995.757142894,2735886.368571464],[3882203.0142857507,2729933.8571428917],[3887067.6285714656,2728367.7114286087],[3890445.911428608,2732006.9742857516],[3890154.4628571793,2736497.0857143216]]],[[[3922622.5085714646,2776319.0314286053],[3918774.9200000353,2774532.7114286087],[3910207.371428609,2774210.991428606],[3911122.191428609,2771418.8228571787],[3917405.948571466,2769620.6571428925],[3920321.0942857526,2771182.285714321],[3922622.5085714646,2776319.0314286053]]],[[[3966908.2714286074,2024874.37428575],[3964795.10285718,2020911.0485714637],[3969608.025714323,2014702.128571462],[3971701.037142895,2017962.6571428925],[3966908.2714286074,2024874.37428575]]],[[[3880584.8514286093,2620743.742857177],[3876012.640000038,2619622.917142894],[3875294.4685714655,2617944.6628571786],[3876749.5171428956,2614040.9257143214],[3874926.8971428946,2609568.8485714644],[3877887.5057143234,2608363.408571463],[3881806.911428608,2613847.7028571777],[3880584.8514286093,2620743.742857177]]],[[[3878111.448571466,2256850.6085714623],[3880328.837142892,2251080.742857177],[3886737.680000037,2249712.6257143207],[3892077.725714322,2250756.1542857476],[3885080.2457143217,2255260.408571463],[3878111.448571466,2256850.6085714623]]],[[[3946557.208571464,2170169.674285751],[3949478.2828571796,2173916.5485714637],[3947278.0742857493,2179081.0000000335],[3942581.5742857493,2178706.1514286064],[3942053.7114286087,2172584.628571462],[3946557.208571464,2170169.674285751]]],[[[3946557.208571464,2170169.674285751],[3937421.8228571787,2161798.9200000353],[3938164.722857181,2159453.71428575],[3948423.6285714656,2163746.9200000353],[3950010.5857143216,2169507.2457143217],[3946557.208571464,2170169.674285751]]],[[[3844997.140000038,2608136.1114286073],[3842556.3200000376,2602547.9600000344],[3847047.408571467,2596005.397142891],[3850004.722857181,2597647.9971428923],[3848691.7457143217,2606110.020000037],[3844997.140000038,2608136.1114286073]]],[[[3974771.382857181,1996845.5285714641],[3974266.5342857502,1991288.0085714646],[3980980.477142893,1978346.7600000352],[3979963.0114286095,1975636.1200000346],[3984296.565714322,1972799.4628571793],[3984479.9742857516,1978146.0485714637],[3976923.417142894,1988993.2942857482],[3974771.382857181,1996845.5285714641]]],[[[3818479.0914286077,2330373.2685714625],[3817583.760000035,2328865.785714321],[3824950.217142895,2319141.760000035],[3827644.345714323,2321974.982857179],[3826482.0514286086,2328612.1942857504],[3818479.0914286077,2330373.2685714625]]],[[[3713430.6600000374,2605551.2000000365],[3711653.522857178,2605540.4371428937],[3708855.6114286073,2599246.1857143193],[3720494.6542857513,2602317.062857177],[3718214.494285751,2604889.565714322],[3713430.6600000374,2605551.2000000365]]],[[[3856561.445714321,2744438.334285751],[3852096.871428609,2740812.451428607],[3854435.182857178,2736205.8885714635],[3855340.177142892,2730786.55428575],[3859757.208571464,2734347.3428571783],[3856561.445714321,2744438.334285751]]],[[[3952782.8857143223,2074260.4200000353],[3950593.1257143244,2073056.71428575],[3951951.908571467,2066681.0771428905],[3958786.1885714643,2061717.8085714616],[3959744.191428609,2064519.48571432],[3952782.8857143223,2074260.4200000353]]],[[[4012329.5514286086,2041659.8085714616],[4006990.5828571804,2036777.705714319],[4015057.0000000373,2030229.1514286064],[4016291.8228571787,2032992.1171428934],[4016062.868571464,2039770.5457143188],[4012329.5514286086,2041659.8085714616]]],[[[3904428.1285714656,2219484.742857177],[3905736.7400000356,2215120.177142892],[3911185.83142861,2211099.5085714646],[3917569.254285753,2209543.677142892],[3916155.488571465,2216519.991428606],[3904428.1285714656,2219484.742857177]]],[[[3913089.1171428934,2209044.2742857486],[3914256.268571466,2205219.457142893],[3923727.8885714635,2200718.291428607],[3930863.220000036,2199379.951428607],[3931701.0800000355,2203849.637142893],[3926361.7657143213,2205804.477142893],[3921581.302857179,2205578.100000035],[3913089.1171428934,2209044.2742857486]]],[[[3849092.0828571804,2282901.457142893],[3844798.182857178,2279738.1571428925],[3851532.2428571805,2276811.16571432],[3858973.177142892,2269874.708571464],[3862096.0771428943,2272642.0057143196],[3856667.071428608,2277002.631428607],[3852768.605714321,2278458.951428607],[3849092.0828571804,2282901.457142893]]],[[[3841271.9342857525,2102132.8400000334],[3837446.9657143243,2091244.7742857486],[3841139.642857179,2089127.8142857477],[3847548.365714323,2097415.057142891],[3841271.9342857525,2102132.8400000334]]],[[[3898307.7000000365,2539981.6685714647],[3886017.457142893,2525270.7657143213],[3883152.142857179,2518463.725714322],[3889647.3914286084,2522393.4714286067],[3892741.988571465,2529045.171428606],[3897002.565714322,2530956.5028571784],[3898307.7000000365,2539981.6685714647]]],[[[3900148.7400000356,2788457.991428606],[3898824.8971428946,2782633.5342857502],[3900655.4742857516,2778365.148571465],[3903558.728571467,2776759.82571432],[3909076.600000035,2779928.8057143204],[3910268.6885714643,2788188.108571466],[3902099.568571467,2786622.802857179],[3900148.7400000356,2788457.991428606]]],[[[3879102.5885714665,2496755.597142894],[3870266.097142894,2489825.8057143204],[3874616.1114286073,2487399.6171428934],[3880100.99142861,2489807.182857178],[3882879.4000000358,2488865.8542857505],[3886541.0857143216,2494326.140000034],[3879102.5885714665,2496755.597142894]]],[[[3894389.871428609,2484283.528571464],[3879668.105714321,2473232.0742857493],[3881522.0485714637,2470976.5857143216],[3890891.8228571787,2471195.48571432],[3894338.8600000367,2480730.448571462],[3894389.871428609,2484283.528571464]]],[[[3971898.457142893,2163058.21428575],[3968033.877142895,2162406.294285748],[3963330.7771428935,2158495.517142892],[3965678.6542857513,2154144.6600000337],[3965854.9742857516,2147913.560000036],[3969563.642857179,2148660.0371428914],[3973943.680000037,2152502.634285748],[3974758.6628571786,2156514.525714319],[3971898.457142893,2163058.21428575]]],[[[3979765.988571465,2088995.9542857483],[3972059.728571467,2084243.0800000355],[3972832.302857179,2080351.5285714641],[3977170.565714322,2076845.5257143192],[3980033.2885714658,2081239.6114286073],[3988268.3885714673,2087199.677142892],[3979765.988571465,2088995.9542857483]]],[[[3932842.751428608,2201000.5314286053],[3928220.785714321,2196268.4628571793],[3930461.5114286095,2192060.7742857486],[3935326.951428607,2191333.974285748],[3941342.2828571796,2193971.2828571796],[3943664.522857178,2196524.171428606],[3940303.757142894,2200691.8400000334],[3932842.751428608,2201000.5314286053]]],[[[3893412.642857179,2467112.945714321],[3887990.565714322,2463292.0457143225],[3881173.9342857525,2462158.182857178],[3883019.868571464,2457235.957142893],[3889153.457142893,2451916.6600000337],[3893898.2342857495,2459486.600000035],[3893412.642857179,2467112.945714321]]],[[[3877369.528571464,2458772.6857143193],[3875602.868571464,2458420.5485714637],[3874099.945714321,2451781.588571463],[3882332.0457143225,2444696.98571432],[3890371.862857178,2449954.1085714623],[3884398.6628571786,2455627.7371428907],[3877369.528571464,2458772.6857143193]]],[[[3708672.365714323,2571577.0371428914],[3702871.10285718,2564999.76285718],[3703337.7771428935,2560128.7285714634],[3699358.9342857525,2555459.7314286083],[3702534.494285751,2551774.7342857495],[3705726.880000036,2557725.680000037],[3713626.600000035,2558056.5914286077],[3714811.8428571783,2559373.6628571786],[3710301.8428571783,2565899.1514286064],[3711796.1714286096,2569095.982857179],[3708672.365714323,2571577.0371428914]]],[[[3952130.882857181,2165555.1200000346],[3949568.571428608,2158750.9342857487],[3942530.5457143225,2156941.1628571786],[3942069.5571428947,2153106.4200000353],[3945641.83142861,2151498.674285751],[3940247.5800000355,2143854.171428606],[3947105.87428575,2146126.9942857474],[3953206.4285714664,2152427.3142857477],[3952130.882857181,2165555.1200000346]]],[[[3869372.8428571783,2291067.7800000347],[3871197.482857179,2282922.8000000343],[3874255.180000037,2279657.291428607],[3882211.76285718,2277762.488571465],[3889259.8171428926,2272376.5000000335],[3889729.3885714635,2277783.797142893],[3886481.2028571814,2281446.37428575],[3878877.1685714647,2286614.5000000335],[3876026.7371428944,2287611.491428606],[3869372.8428571783,2291067.7800000347]]],[[[3876479.914285749,2466118.260000035],[3871704.717142895,2465464.5742857493],[3864865.2485714667,2458861.051428605],[3866139.180000037,2456396.560000036],[3861976.3885714635,2451863.5028571784],[3866634.371428609,2450319.1971428916],[3872014.2742857523,2452721.8542857505],[3873163.725714322,2455938.417142894],[3878569.302857179,2462893.1285714656],[3876479.914285749,2466118.260000035]]],[[[3877605.260000035,2785618.940000035],[3875041.071428608,2785567.1914286055],[3865703.982857179,2777305.1542857513],[3864319.7742857523,2772813.4228571802],[3869769.0057143234,2772338.7742857486],[3880421.371428609,2774742.7285714634],[3883452.328571465,2779994.9714286067],[3877790.1200000383,2781831.562857177],[3877605.260000035,2785618.940000035]]],[[[3867533.2028571814,2255587.5114286058],[3870142.0400000364,2250609.37428575],[3874174.862857178,2248510.0028571784],[3880927.945714321,2242807.945714321],[3887687.6628571786,2240037.7285714634],[3894920.382857181,2238690.3400000334],[3895568.4685714655,2242437.8171428926],[3891594.3542857505,2246437.2342857495],[3886551.365714323,2248779.102857176],[3880513.2828571796,2248881.7228571773],[3872861.60285718,2251775.480000034],[3867533.2028571814,2255587.5114286058]]],[[[3828725.2771428935,2129176.9342857487],[3824451.8428571783,2123934.208571464],[3823678.982857179,2115308.3228571787],[3827294.0942857526,2114509.4685714617],[3828569.3942857496,2111025.294285748],[3832997.1885714643,2110797.21428575],[3833033.1657143235,2115722.4314286076],[3836363.6228571795,2121858.6171428934],[3836214.457142893,2124888.9714286067],[3830614.608571466,2125819.8228571787],[3828725.2771428935,2129176.9342857487]]],[[[3901690.0000000373,2524830.5371428914],[3899248.0428571813,2519305.980000034],[3899111.7400000356,2511889.171428606],[3894670.631428607,2507607.1228571795],[3896030.914285753,2504476.560000036],[3903520.377142895,2511028.134285748],[3908875.0571428947,2514147.8885714635],[3915236.260000035,2521511.1114286073],[3908804.0000000373,2520683.340000037],[3901690.0000000373,2524830.5371428914]]],[[[3860063.411428608,2604950.3114286065],[3855765.414285749,2602035.0800000355],[3857506.768571466,2599747.8914286084],[3856095.494285751,2594847.3857143223],[3856602.2371428944,2588149.2742857486],[3855401.6514286064,2585921.8942857496],[3856202.9371428937,2579825.674285751],[3860181.3171428926,2577622.4257143214],[3863595.217142895,2584431.5142857507],[3862149.7114286087,2590740.5457143225],[3863003.137142893,2603705.8942857496],[3860063.411428608,2604950.3114286065]]],[[[3946241.528571464,2195238.0085714646],[3939401.371428609,2190939.794285748],[3932657.15142861,2189360.297142893],[3931004.9028571807,2186646.948571462],[3941688.951428607,2181718.088571463],[3941873.5142857507,2179108.32571432],[3949287.0514286086,2179444.0000000335],[3949317.4714286067,2186292.7000000365],[3946241.528571464,2195238.0085714646]]],[[[3859408.685714323,2511477.9971428923],[3855691.8428571783,2506718.4000000358],[3854059.285714321,2499660.445714321],[3851661.5057143234,2495447.0828571767],[3852459.0400000364,2491329.8857143223],[3856935.7000000365,2491185.6514286064],[3861296.882857181,2496084.320000034],[3865990.2657143213,2503722.751428608],[3864459.560000036,2509931.9000000358],[3859408.685714323,2511477.9971428923]]],[[[3714437.94285718,2646012.2771428935],[3710606.408571467,2644064.405714322],[3711598.7828571796,2638175.594285749],[3709881.0571428947,2636602.2285714634],[3709367.691428609,2629449.8600000367],[3719787.097142894,2627580.4285714626],[3726054.531428609,2633798.951428607],[3725713.1657143235,2638674.2371428944],[3722977.0942857526,2639086.2800000347],[3714437.94285718,2646012.2771428935]]],[[[3960754.608571466,2169018.6200000346],[3953839.1628571786,2165705.8057143204],[3953769.060000036,2159889.55428575],[3955477.828571465,2154400.7000000365],[3954354.4628571793,2149616.171428606],[3957023.8857143223,2146793.880000036],[3963144.7742857523,2149099.982857179],[3964149.845714323,2152528.177142892],[3962006.877142895,2156684.4000000358],[3963680.142857179,2164902.8171428926],[3960754.608571466,2169018.6200000346]]],[[[3970543.6714286096,1990728.8942857496],[3968251.7400000356,1985780.1657143198],[3969452.7057143226,1981517.754285749],[3965529.597142894,1978060.2628571764],[3966699.562857181,1974339.1228571758],[3962786.185714323,1971520.7400000356],[3964921.9371428937,1964507.720000036],[3970202.5057143234,1964073.3942857496],[3976032.0857143216,1965740.5342857502],[3972526.6171428934,1978261.288571462],[3975034.21428575,1978796.1171428934],[3970543.6714286096,1990728.8942857496]]],[[[3908964.9342857525,2617848.7342857495],[3904331.880000036,2615895.331428606],[3902349.8114286065,2611472.760000035],[3896515.4257143214,2609506.66571432],[3890229.1542857513,2604977.8428571783],[3890205.1971428953,2601633.8942857496],[3895109.328571465,2601074.3542857505],[3901822.6657143235,2595820.7057143226],[3906539.0000000373,2601999.637142893],[3907066.0057143234,2611003.9257143214],[3908964.9342857525,2617848.7342857495]]],[[[3938208.6942857504,2796071.911428608],[3929765.6942857504,2791881.5000000373],[3922878.0142857507,2789944.9000000358],[3910834.3085714653,2788312.3914286084],[3910491.1285714656,2780458.5428571776],[3922144.2314286083,2781063.834285751],[3936088.2771428935,2787750.137142893],[3938208.6942857504,2796071.911428608]]],[[[3882920.7714286074,2608292.320000034],[3880412.268571466,2602473.6171428934],[3871763.9800000377,2600046.180000037],[3866985.482857179,2590699.8600000367],[3871200.305714324,2585051.411428608],[3877607.105714321,2584469.097142894],[3878049.5771428943,2588977.32571432],[3885913.597142894,2600784.3542857505],[3882920.7714286074,2608292.320000034]]],[[[3900340.257142894,2528424.2314286083],[3893778.525714323,2525775.0085714646],[3893247.3514286093,2522284.5514286086],[3886605.2400000356,2514487.131428607],[3882419.785714321,2506465.7028571777],[3889158.4685714655,2499039.720000036],[3896851.9971428923,2511611.631428607],[3898524.334285751,2513038.8428571783],[3899204.7428571805,2522553.6885714643],[3901258.0400000364,2525228.5771428943],[3900340.257142894,2528424.2314286083]]],[[[3719945.3085714653,2680402.60285718],[3716431.982857179,2671807.251428608],[3716094.6342857517,2663058.6285714656],[3718708.0000000373,2663775.320000034],[3723233.8257143237,2658770.5800000355],[3726216.225714322,2658736.171428606],[3733785.948571466,2663238.9971428923],[3733056.482857179,2668689.1571428925],[3728797.477142893,2673189.1457143202],[3728572.6685714647,2675927.134285748],[3724032.1285714656,2680522.597142894],[3719945.3085714653,2680402.60285718]]],[[[3931013.9685714655,2182927.974285748],[3928471.334285751,2174129.980000034],[3928760.345714323,2171214.7685714625],[3925217.2457143217,2168884.9600000344],[3928112.3142857514,2160658.551428605],[3928098.26285718,2151849.442857176],[3930423.640000038,2148827.4285714626],[3932578.797142893,2156726.37428575],[3932063.142857179,2162509.488571465],[3935139.877142895,2162740.8171428926],[3941442.2342857495,2167019.522857178],[3941680.9000000358,2170691.020000037],[3939299.520000037,2177323.2657143213],[3940525.9342857525,2181131.940000035],[3931013.9685714655,2182927.974285748]]],[[[3855822.9800000377,2689010.0085714646],[3854271.722857181,2684000.1971428916],[3851299.0114286095,2684657.9228571802],[3844090.9314286076,2682639.8085714653],[3843009.454285752,2675567.5771428943],[3850043.7371428944,2662567.32571432],[3853943.862857178,2662034.720000036],[3856630.3200000376,2668601.225714322],[3859095.7371428944,2670689.8228571787],[3858636.4342857525,2675475.520000037],[3855704.948571466,2679624.405714322],[3859277.337142892,2686057.137142893],[3855822.9800000377,2689010.0085714646]]],[[[3883806.4257143214,2522436.3057143204],[3877212.228571467,2516415.380000036],[3872879.797142893,2520320.4971428923],[3867636.9000000358,2522237.642857179],[3863250.960000038,2514443.6514286064],[3870645.645714324,2498759.3600000367],[3876264.3114286065,2500623.242857177],[3879268.065714322,2511639.3885714635],[3883806.4257143214,2522436.3057143204]]],[[[3950846.845714323,2110318.3485714644],[3947361.55428575,2102309.9971428923],[3951901.7342857495,2095822.782857176],[3954228.6571428925,2087971.4571428932],[3953376.522857178,2085977.9971428923],[3959138.5742857493,2075815.1085714623],[3964823.7342857495,2062855.1657143198],[3967018.8485714644,2067791.0400000364],[3963981.5142857507,2078589.4971428923],[3963148.768571466,2091671.2171428911],[3955830.768571466,2099524.2571428902],[3950846.845714323,2110318.3485714644]]],[[[3850301.371428609,2414467.1285714656],[3846428.520000037,2413626.908571463],[3842271.708571464,2408477.071428608],[3842484.8914286084,2405225.7657143213],[3838696.3542857505,2394728.177142892],[3843247.631428607,2391282.4000000358],[3844159.83142861,2384243.380000036],[3849097.791428607,2384047.051428605],[3851336.26285718,2392751.711428605],[3855122.9714286067,2395938.565714322],[3856173.251428608,2405257.022857178],[3848509.2885714658,2411460.5457143225],[3850301.371428609,2414467.1285714656]]],[[[3872502.4200000353,2450371.220000036],[3867955.605714321,2449163.911428608],[3865441.251428608,2446098.331428606],[3860726.87428575,2443954.142857179],[3858376.5914286077,2438758.32571432],[3853651.597142894,2438751.474285748],[3854698.7400000356,2434174.637142893],[3860774.8114286065,2432797.517142892],[3855507.414285749,2426868.8571428917],[3857596.9000000358,2422815.451428607],[3870443.220000036,2430696.285714321],[3875340.648571465,2435245.917142894],[3880693.720000036,2443531.2457143217],[3879945.880000036,2445976.140000034],[3872289.4342857525,2447381.5485714637],[3872502.4200000353,2450371.220000036]]],[[[3914068.268571466,2633238.328571465],[3906493.7714286074,2632188.977142893],[3895538.260000035,2615419.337142892],[3895091.682857178,2611871.3085714653],[3901252.5742857493,2613038.8457143195],[3902318.020000037,2617287.6114286073],[3912859.0457143225,2620407.994285751],[3917666.691428609,2615810.0114286058],[3923425.994285751,2621916.1285714656],[3924569.05428575,2624921.871428605],[3928641.614285752,2625613.017142892],[3922612.614285752,2632028.0371428914],[3915085.9714286067,2632272.0400000364],[3914068.268571466,2633238.328571465]]],[[[3897875.7457143217,2270487.365714319],[3888824.5057143234,2267883.560000036],[3886512.2885714658,2268938.671428606],[3880622.2000000365,2267024.8942857496],[3878603.568571467,2262540.977142893],[3883762.4800000377,2257046.1457143202],[3889630.520000037,2256344.528571464],[3894204.337142892,2251700.945714321],[3898196.1342857517,2250617.0057143196],[3901277.5085714646,2254370.060000036],[3910703.3514286093,2256163.088571463],[3908079.845714323,2259521.2685714625],[3910078.791428607,2265013.9600000344],[3903308.608571466,2269419.451428607],[3897875.7457143217,2270487.365714319]]],[[[3851280.3171428926,2562857.8828571774],[3846543.725714322,2557323.557142891],[3845627.3428571783,2546897.482857179],[3843877.6971428953,2542417.3600000367],[3844664.0885714665,2527806.4314286076],[3850150.791428607,2519215.142857179],[3858357.105714321,2529714.8914286084],[3857789.182857178,2538446.171428606],[3856602.0171428956,2540693.7285714634],[3856342.5828571804,2548860.7685714625],[3854122.6885714643,2558066.331428606],[3851280.3171428926,2562857.8828571774]]],[[[3859387.911428608,2721177.3485714644],[3849432.6657143235,2719769.6514286064],[3840572.8257143237,2714756.140000034],[3837951.7657143213,2708159.7771428935],[3843707.291428607,2706093.677142892],[3841234.8600000367,2711963.482857179],[3844771.802857179,2714835.60285718],[3849405.525714323,2713747.640000034],[3849485.8114286065,2702500.9600000344],[3852826.4285714664,2694857.0142857507],[3856042.4314286076,2692973.7714286074],[3859770.180000037,2697338.6885714643],[3864075.9028571807,2697288.9228571802],[3869781.708571464,2700046.142857179],[3871373.382857181,2703470.3914286084],[3871447.708571464,2713294.682857178],[3868545.6257143207,2719191.60285718],[3859387.911428608,2721177.3485714644]]],[[[3809248.3571428955,2198720.3428571783],[3809195.9657143205,2192310.6600000337],[3803929.100000035,2186593.5857143216],[3803537.7457143217,2181470.557142891],[3806058.8114286065,2177209.337142892],[3804678.960000038,2173020.097142894],[3810554.0114286095,2167553.0771428905],[3812070.7714286074,2163613.0485714637],[3816569.1600000374,2163053.820000034],[3820871.4714286067,2170758.8942857496],[3821635.8142857514,2176427.957142893],[3824040.405714322,2178021.6200000346],[3827932.845714323,2189707.174285751],[3823040.9285714664,2192316.331428606],[3821118.4028571807,2197087.480000034],[3810933.6114286073,2196675.6114286073],[3809248.3571428955,2198720.3428571783]]],[[[3934327.960000038,2454667.7828571796],[3928644.877142895,2454699.0742857493],[3925575.445714321,2450880.2628571764],[3919502.525714323,2451508.1228571795],[3912544.5142857507,2450798.8457143195],[3903014.191428609,2453426.32571432],[3893385.2800000384,2449671.8457143195],[3888179.8600000367,2443380.242857177],[3884796.614285752,2441887.2657143213],[3876481.914285749,2429891.480000034],[3891305.840000037,2427589.0428571776],[3894218.905714322,2432238.0771428905],[3903029.708571464,2439186.340000037],[3908085.068571467,2438467.682857178],[3920931.87428575,2441904.8514286056],[3928986.0000000373,2439541.905714322],[3935775.4228571802,2440667.8914286084],[3941189.8171428926,2444799.551428605],[3940418.8428571783,2449130.4714286067],[3943101.1114286073,2451010.6542857513],[3934327.960000038,2454667.7828571796]]],[[[3833057.520000037,2682223.8142857514],[3827865.062857181,2675677.174285751],[3830024.9714286067,2671853.3171428926],[3829735.411428608,2663086.1171428934],[3830410.1228571795,2652067.397142891],[3833806.1942857504,2648013.940000035],[3836825.1600000374,2639209.957142893],[3834632.685714323,2633798.7800000347],[3836463.3114286065,2624993.225714322],[3836333.060000036,2618306.2342857495],[3843832.768571466,2616223.402857177],[3845325.5800000355,2612391.0028571784],[3850022.728571467,2616180.948571462],[3852560.177142892,2637431.1600000337],[3851797.565714322,2644680.3171428926],[3849225.4314286076,2655997.560000036],[3845177.457142893,2666151.9742857516],[3840012.6542857513,2676171.5742857493],[3836183.565714322,2680751.571428608],[3833057.520000037,2682223.8142857514]]],[[[3867523.828571465,2695571.5342857502],[3861615.185714323,2694600.8828571774],[3858650.4028571807,2690631.914285749],[3862062.7428571805,2686521.057142891],[3856795.637142893,2678309.8885714635],[3860926.674285751,2672384.8942857496],[3856866.3257143237,2661848.334285751],[3857679.2742857523,2656894.3828571774],[3863071.445714321,2653859.9600000344],[3860912.2800000384,2647930.8000000343],[3856746.445714321,2644451.328571465],[3858808.417142894,2640660.9342857487],[3856238.9800000377,2634335.640000034],[3858110.6714286096,2630909.1600000337],[3859356.945714321,2623380.0485714637],[3858616.485714324,2617955.291428607],[3860485.717142895,2609091.802857179],[3863915.3114286065,2606602.8485714644],[3865735.2771428935,2610832.105714321],[3870253.528571464,2612477.8571428917],[3873671.722857181,2617900.182857178],[3876243.268571466,2620240.9971428923],[3878708.10285718,2621099.131428607],[3880113.977142893,2625124.2400000356],[3876145.9228571802,2648965.742857177],[3876519.4400000386,2663306.4742857516],[3874102.2314286083,2672231.291428607],[3874102.871428609,2676617.7800000347],[3871677.1542857513,2685739.5828571767],[3871404.8085714653,2690598.440000035],[3867523.828571465,2695571.5342857502]]],[[[3891156.8857143223,2598433.4971428923],[3888121.6257143207,2589373.8542857505],[3884607.785714321,2589313.8828571774],[3879498.7714286074,2580374.9714286067],[3872232.6200000383,2579764.6514286064],[3868566.0771428943,2577583.834285751],[3864278.0085714646,2571317.8142857514],[3866374.8257143237,2566054.482857179],[3861365.8200000376,2559605.560000036],[3859595.405714322,2554074.5828571767],[3858847.680000037,2546833.6628571786],[3859800.525714323,2540994.5314286053],[3863167.260000035,2533004.6942857504],[3873349.2057143226,2532768.908571463],[3872962.5857143216,2528921.208571464],[3867654.5028571784,2522858.177142892],[3872277.251428608,2521165.482857179],[3877200.4971428923,2517675.2771428935],[3891360.954285752,2533609.2400000356],[3896181.8571428955,2540593.588571463],[3898502.6771428958,2541846.6457143202],[3905323.728571467,2554304.448571462],[3907265.597142894,2561698.6885714643],[3907624.722857181,2569742.1885714643],[3904806.0400000364,2572718.4000000358],[3900807.031428609,2589242.7028571777],[3894798.5000000373,2598008.945714321],[3891156.8857143223,2598433.4971428923]]],[[[3690959.0342857502,2712812.44285718],[3689703.2800000347,2706971.802857179],[3694974.751428608,2700073.362857178],[3699628.948571466,2699359.171428606],[3705221.3085714653,2686074.98571432],[3700182.208571464,2687379.0342857502],[3692577.3257143237,2691221.294285748],[3690768.4800000377,2684996.797142893],[3692293.0342857502,2680200.0857143216],[3689603.717142895,2673400.2800000347],[3691430.371428609,2669410.6114286073],[3691335.2428571805,2664400.9685714655],[3699526.340000037,2667760.368571464],[3698875.1285714656,2662540.0514286086],[3692025.680000037,2662623.797142893],[3692131.2657143213,2655683.0371428914],[3694729.10285718,2647496.642857179],[3693425.6542857513,2640275.642857179],[3694996.982857179,2638857.1542857513],[3695157.217142895,2629989.0457143225],[3699634.5457143225,2621545.4314286076],[3696480.877142895,2610818.8542857505],[3696266.5457143225,2602875.682857178],[3697200.5142857507,2593731.220000036],[3696242.1257143207,2586307.525714323],[3699013.3885714635,2584848.3228571787],[3698724.637142893,2574493.100000035],[3704938.8257143237,2570964.220000036],[3709265.0342857502,2573120.82571432],[3713240.2114286087,2569891.557142891],[3716066.7314286083,2570334.3228571787],[3718588.642857179,2575329.1085714623],[3714550.957142893,2577333.868571464],[3717617.945714321,2580600.522857178],[3716312.2657143213,2589510.7685714625],[3707058.9685714655,2590915.8228571787],[3705958.5000000373,2594165.66571432],[3709343.5857143216,2601416.8514286056],[3707896.9200000353,2606742.094285749],[3711643.6285714656,2610792.6171428934],[3709825.131428607,2614752.148571465],[3711353.488571465,2617553.2800000347],[3705562.691428609,2623666.87428575],[3704334.6714286096,2626974.022857178],[3707946.414285749,2638011.634285748],[3708879.8142857514,2651284.028571464],[3711878.460000038,2656515.831428606],[3712227.5857143216,2661258.0000000373],[3714574.648571465,2664593.6885714643],[3713989.7371428944,2667940.3085714653],[3717293.5000000373,2673975.7371428944],[3718035.0000000373,2681791.6628571786],[3725184.260000035,2683186.5771428943],[3735640.640000038,2672495.3228571787],[3738877.4742857516,2672461.2657143213],[3741032.800000038,2677792.8942857496],[3738757.457142893,2679629.148571465],[3740202.414285749,2683701.837142892],[3737177.7657143213,2687263.21428575],[3739904.8942857496,2690574.185714323],[3740447.7771428935,2694661.1685714647],[3735096.9714286067,2699516.828571465],[3727129.3600000367,2699991.3428571783],[3720141.60285718,2698256.76285718],[3718477.5000000373,2700993.1457143202],[3711690.9228571802,2703285.3428571783],[3708884.3228571787,2707234.4342857487],[3702263.26285718,2708463.285714321],[3701339.5114286095,2706648.2114286087],[3699296.720000036,2706962.640000034],[3690959.0342857502,2712812.44285718]]],[[[3736014.100000035,2827697.362857178],[3735872.5571428947,2824875.60285718],[3730904.037142895,2823475.1971428916],[3728326.1971428953,2814770.071428608],[3721842.345714323,2813513.642857179],[3719543.5771428943,2809916.754285749],[3714348.605714321,2807425.6171428934],[3711984.5514286086,2802731.174285751],[3712233.4000000358,2796825.757142894],[3707342.945714321,2793565.8857143223],[3711454.060000036,2789271.87428575],[3709338.522857178,2783626.1171428934],[3712032.3971428946,2780318.565714322],[3708137.1714286096,2777489.1142857485],[3706549.2342857495,2773369.6542857513],[3700691.062857181,2773114.477142893],[3701515.9371428937,2765673.571428608],[3698787.3857143223,2757646.725714322],[3708436.097142894,2753714.3485714644],[3704603.2800000347,2751797.3571428917],[3708919.565714322,2747009.791428607],[3708686.408571467,2744528.6171428934],[3713759.4742857516,2739523.945714321],[3712273.4742857516,2735381.725714322],[3714835.991428606,2728439.088571463],[3710334.6200000383,2729242.291428607],[3710144.3600000367,2735322.7742857486],[3702153.37428575,2741228.60285718],[3697803.0428571776,2739017.87428575],[3702637.9742857516,2735354.028571464],[3700659.362857178,2732195.060000036],[3696049.6657143235,2734698.297142893],[3693910.191428609,2732930.4600000344],[3698324.1971428953,2728103.017142892],[3696539.528571464,2718809.9285714626],[3699409.0085714646,2711807.568571463],[3705789.8514286093,2709547.060000036],[3709135.3228571787,2707285.1971428916],[3712428.597142894,2703632.8485714644],[3719426.9285714664,2702807.097142894],[3716077.405714322,2710773.2771428935],[3724702.3428571783,2709062.5000000373],[3731843.560000036,2703958.6285714656],[3742143.4742857516,2710759.4600000344],[3747634.2028571777,2716730.3085714653],[3750517.3885714635,2725501.7371428944],[3755420.768571466,2728849.600000035],[3758282.785714321,2733896.9742857516],[3767529.7371428944,2739872.2742857486],[3770903.1228571795,2745664.248571463],[3774426.6228571795,2748071.6171428934],[3786601.911428608,2753469.9257143214],[3793475.2000000365,2757300.588571463],[3799899.191428609,2762881.5400000364],[3807499.631428607,2771209.797142893],[3801264.4342857525,2769378.7057143226],[3795351.1628571786,2768985.451428607],[3781814.914285749,2772707.754285749],[3773674.4200000353,2780306.6257143207],[3771165.5400000364,2772189.7771428935],[3768616.0400000364,2768777.291428607],[3767319.865714323,2763400.017142892],[3760615.2885714658,2758384.171428606],[3756129.8514286093,2753568.791428607],[3746117.7657143213,2747744.640000034],[3742094.220000036,2754024.5485714637],[3732354.185714323,2758359.725714322],[3727495.068571467,2762775.605714321],[3727973.8257143237,2764942.6514286064],[3735204.494285751,2762705.905714322],[3741988.0742857493,2763664.3428571783],[3750910.631428607,2759549.7685714625],[3757120.682857178,2761846.3942857496],[3762794.071428608,2761444.7714286074],[3766486.648571465,2763898.5800000355],[3767257.291428607,2770086.945714321],[3770006.208571464,2772921.1885714643],[3771194.954285752,2779308.2742857486],[3769250.302857179,2783443.0828571767],[3771821.4028571807,2785608.8114286065],[3771464.9000000358,2790930.8000000343],[3763668.828571465,2795877.82571432],[3758831.7714286074,2794685.845714323],[3752973.7714286074,2795393.565714322],[3757298.140000038,2803404.680000037],[3755437.0400000364,2809191.7457143217],[3745551.071428608,2813025.6542857513],[3741916.5885714665,2818623.520000037],[3738742.6571428925,2825952.571428608],[3736014.100000035,2827697.362857178]]],[[[3777199.7285714634,2343197.334285751],[3775750.137142893,2338290.4371428937],[3776048.6657143235,2332832.6085714623],[3773878.642857179,2330676.3885714635],[3777020.7028571777,2327386.9628571793],[3773993.21428575,2321895.488571465],[3776701.685714323,2317804.0342857502],[3774941.3142857514,2310808.760000035],[3776383.708571464,2309108.2742857486],[3779151.131428607,2297996.5428571776],[3795316.4800000377,2294936.7228571773],[3797067.982857179,2291870.134285748],[3807528.44285718,2290584.6628571786],[3813099.5771428943,2287241.9314286076],[3809738.305714324,2283552.457142893],[3803677.1571428925,2287456.0085714646],[3794273.4714286067,2289015.8485714644],[3789261.182857178,2291800.1228571795],[3776874.5771428943,2285367.2771428935],[3777715.8200000376,2281480.488571465],[3783730.520000037,2280885.8485714644],[3781359.4742857516,2274948.6114286073],[3781793.368571464,2266317.297142893],[3775514.294285752,2263177.945714321],[3768419.5085714646,2262627.21428575],[3767544.3571428955,2260850.551428605],[3771983.3885714635,2253683.4657143205],[3783030.6971428953,2254970.600000035],[3785600.148571465,2250086.028571464],[3792747.5514286086,2247505.6857143193],[3792347.3485714644,2236192.494285751],[3798120.3114286065,2230855.785714321],[3806754.0742857493,2236323.8000000343],[3809169.988571465,2235406.1114286073],[3809921.562857181,2229079.3600000367],[3805837.865714323,2222374.0114286058],[3799578.960000038,2221098.2742857486],[3798443.720000036,2209763.1685714647],[3806624.174285751,2201979.671428606],[3819891.5800000355,2197841.3400000334],[3823750.5742857493,2197907.6914286055],[3823976.834285751,2194486.128571462],[3829877.794285752,2190469.6914286055],[3826468.525714323,2184459.4685714617],[3823708.3200000376,2174800.571428608],[3823857.7457143217,2171189.020000037],[3828687.76285718,2167247.320000034],[3832006.05428575,2159123.977142893],[3826047.8142857514,2160659.2000000365],[3818521.8114286065,2159549.0428571776],[3815949.025714323,2153473.517142892],[3811231.5485714637,2148344.254285749],[3808454.791428607,2142925.0485714637],[3809983.597142894,2138603.940000035],[3814935.3571428955,2139310.905714322],[3814714.828571465,2142583.9628571793],[3819389.5400000364,2144705.1600000337],[3821822.9800000377,2143565.134285748],[3818696.708571464,2137894.448571462],[3821575.0142857507,2134623.1628571786],[3823097.191428609,2127302.705714319],[3828045.682857178,2131622.8914286047],[3831393.917142894,2128271.6114286073],[3840591.8885714635,2126954.294285748],[3836261.131428607,2117990.1685714647],[3838630.182857178,2113860.828571465],[3834708.0085714646,2111598.2228571773],[3833785.5942857526,2106539.285714321],[3835604.605714321,2103821.142857179],[3841321.485714324,2106714.1971428916],[3846848.382857181,2104507.1942857504],[3848483.645714324,2095154.3571428917],[3847043.451428607,2091429.211428605],[3842623.108571466,2089124.254285749],[3849929.05428575,2085427.980000034],[3841867.988571465,2081590.2657143213],[3839457.568571467,2087516.942857176],[3833151.7342857495,2087192.0771428905],[3835347.648571465,2083450.5857143216],[3839626.4371428937,2081213.020000033],[3841901.5914286077,2075356.8828571774],[3841238.9628571793,2070695.7085714638],[3846141.985714324,2064386.8028571792],[3848570.908571467,2056410.0114286058],[3860251.225714322,2059610.0514286049],[3863284.4628571793,2063029.022857178],[3866648.2742857523,2059187.2257143222],[3863807.3571428955,2054624.9685714617],[3865250.568571467,2049798.2628571764],[3874813.454285752,2052785.9371428937],[3875289.7800000384,2047728.2514286079],[3880284.4028571807,2047970.2257143222],[3885862.448571466,2042147.3942857496],[3875201.142857179,2036254.3485714644],[3873188.5114286095,2037585.7600000352],[3861309.6714286096,2034661.3571428917],[3862647.7342857495,2029255.9914286062],[3861417.371428609,2024715.594285749],[3870142.9714286067,2015645.9742857479],[3876933.0428571813,2006455.9685714617],[3879182.6285714656,1997330.0771428905],[3883289.9314286076,1991655.2228571773],[3893453.174285751,1979942.6142857485],[3901001.068571467,1972852.3771428913],[3904853.76285718,1964969.6942857504],[3910884.5942857526,1958776.3885714635],[3921243.3857143223,1946333.134285748],[3924370.9685714655,1941386.9542857483],[3933201.4685714655,1938768.7628571764],[3930781.99142861,1936677.2771428935],[3932411.7114286087,1932492.671428606],[3937162.031428609,1928553.6600000337],[3950673.1257143244,1934887.791428607],[3953690.4714286067,1934381.942857176],[3959594.600000035,1928409.0257143192],[3963908.977142893,1931494.5085714646],[3962616.297142893,1940559.3085714616],[3965093.7885714658,1944737.522857178],[3965665.871428609,1953292.1600000337],[3957926.868571464,1955787.71428575],[3957532.994285751,1960397.8714286052],[3961066.3085714653,1964094.945714321],[3959708.568571467,1970094.7428571768],[3963785.0828571804,1973633.360000033],[3965398.945714321,1981503.6142857485],[3960948.377142895,1995073.7742857486],[3962164.068571467,2004664.1600000337],[3965397.537142895,2007945.4485714622],[3966339.268571466,2017267.248571463],[3962528.5742857493,2020107.4200000353],[3960570.44285718,2029380.5885714628],[3961546.368571464,2032960.3342857473],[3954305.805714324,2039127.7257143222],[3950373.9257143214,2040979.1600000337],[3953138.8942857496,2044178.0857143216],[3944735.840000037,2052985.1600000337],[3943427.871428609,2057623.3514286056],[3937282.477142893,2061315.9742857479],[3931649.6600000374,2067655.0885714628],[3929342.460000038,2072252.5285714641],[3928338.8857143223,2078192.1742857508],[3922388.6257143207,2083660.2514286079],[3922471.022857178,2095273.205714319],[3924004.8571428955,2103379.8857143223],[3927125.7114286087,2107093.025714319],[3931267.025714323,2108850.057142891],[3924299.2314286083,2133302.9342857487],[3925278.5828571804,2135175.8857143223],[3922915.365714323,2140986.597142894],[3925914.0485714637,2155092.217142891],[3924136.642857179,2168052.677142892],[3928142.605714321,2180320.0000000335],[3929518.5457143225,2189143.482857179],[3923767.8114286065,2198535.820000034],[3914514.365714323,2202479.6628571786],[3909622.2885714658,2208959.720000036],[3902773.0028571784,2213817.5314286053],[3897517.5000000373,2224494.8228571787],[3882899.8857143223,2237648.980000034],[3878026.0171428956,2239770.0028571784],[3872349.9285714664,2244709.905714322],[3868941.365714323,2245750.6085714623],[3866199.142857179,2251190.0342857502],[3858365.3257143237,2261198.9542857483],[3850667.8971428946,2267222.880000036],[3851133.0857143216,2269574.248571463],[3843154.6971428953,2275637.5057143196],[3840119.182857178,2280227.6200000346],[3838335.0828571804,2286081.251428608],[3829029.382857181,2300972.1085714623],[3831140.1942857504,2305439.1685714647],[3823799.37428575,2317165.908571463],[3814379.911428608,2328196.1628571786],[3813332.2428571805,2331616.528571464],[3806320.1600000374,2334033.6514286064],[3803519.334285751,2337240.557142891],[3798418.9657143205,2336666.1457143202],[3792903.9285714664,2339338.791428607],[3788867.717142895,2337911.2828571796],[3784345.1342857517,2341138.6228571795],[3777199.7285714634,2343197.334285751]]],[[[4540349.71428575,3058723.065714322],[4506660.025714323,3077451.751428608],[4459616.188571464,3104444.3857143223],[4413002.520000037,3132173.2657143213],[4389860.60285718,3146311.6628571786],[4343913.754285753,3175132.0028571784],[4298425.67142861,3204671.1171428934],[4264617.440000039,3227292.76285718],[4231078.294285752,3250311.4685714655],[4186786.060000036,3281615.191428609],[4142991.4285714664,3313611.365714323],[4099705.225714322,3346292.0885714665],[4078256.1342857517,3362886.6342857517],[4046328.7342857495,3388093.3085714653],[4014700.768571466,3413674.6885714643],[3973003.525714323,3448359.914285749],[3931856.728571467,3483696.380000036],[3891270.5400000364,3519675.3542857505],[3869105.7028571814,3539818.3428571783],[3873964.2400000356,3524086.642857179],[3876169.2428571805,3519635.028571464],[3870386.305714324,3509234.0571428947],[3869429.417142894,3504033.571428608],[3872092.062857181,3446994.6514286064],[3873506.5942857526,3425443.840000037],[3859444.4800000377,3400647.9257143214],[3852829.4628571793,3395405.837142892],[3856365.791428607,3392618.377142895],[3869512.614285752,3394240.9285714664],[3888234.3600000367,3391245.448571466],[3900465.9000000358,3390538.182857178],[3911158.097142894,3382259.0114286095],[3924346.525714323,3388000.345714323],[3936536.4628571793,3403185.76285718],[3938658.260000035,3398983.768571466],[3944025.1600000374,3397111.594285749],[3951014.6114286073,3399857.448571466],[3953053.2028571814,3402728.1171428934],[3951139.4228571802,3410216.8171428926],[3960541.9000000358,3407720.5828571804],[3972773.4371428937,3401022.3600000367],[4001771.3428571783,3396071.494285751],[4002270.5857143216,3387875.528571464],[4005099.65142861,3379013.9028571807],[4003477.1000000387,3375893.6114286073],[4005141.254285753,3368862.5571428947],[4004933.2342857495,3360749.800000038],[3998962.4000000358,3353369.182857178],[3992621.614285752,3351622.1342857517],[3994615.4742857516,3344565.8914286084],[3990163.8571428955,3342652.1114286073],[3988666.1171428934,3334497.751428608],[3997694.1600000374,3322723.8514286093],[3994865.097142894,3317273.7428571805],[3995572.3600000367,3308495.3257143237],[3999275.108571466,3305541.448571466],[3997437.905714322,3294279.071428608],[3992231.1571428925,3289694.3171428926],[3995275.9028571807,3284936.1114286073],[3991415.1771428958,3282310.8200000376],[3990874.674285751,3274280.5085714646],[3996434.1228571795,3258219.8885714635],[4000680.9200000353,3248876.9285714664],[3998982.2057143226,3233588.454285752],[4000294.8514286093,3217141.760000035],[4001607.5000000373,3207412.725714322],[3995198.6971428953,3206486.1542857513],[3993036.685714323,3193591.328571465],[3992650.6171428934,3175909.2028571777],[3987423.9400000386,3159219.871428609],[3986552.2000000365,3138731.417142894],[3982658.4971428923,3123040.37428575],[3981844.8885714673,3114889.748571463],[3978764.794285752,3098733.785714321],[3977834.954285752,3078393.5428571776],[3974754.8600000367,3061830.7742857486],[3961039.725714322,3055656.0571428947],[3973418.217142895,3040153.8885714635],[3958424.5514286086,3027252.362857178],[3966589.7057143226,3013115.8942857496],[3961766.1628571786,3009643.522857178],[3960545.7485714667,3003454.2800000347],[3955110.1685714647,2993546.837142892],[3968227.605714321,2985882.1142857485],[3969909.4742857516,2976453.760000035],[3978200.097142894,2956647.285714321],[3979407.0857143216,2950325.440000035],[3992100.2457143217,2936271.945714321],[3993015.488571465,2924375.2000000365],[3994788.377142895,2919425.8885714635],[3999913.1542857513,2914007.174285751],[3995808.1200000383,2903252.5400000364],[4002077.49142861,2893215.9228571802],[4010595.9685714655,2890826.251428608],[4008599.8914286084,2876952.100000035],[4002315.2457143217,2867059.9000000358],[3993650.845714323,2862293.371428609],[3990335.87428575,2861842.560000036],[3984190.291428607,2855458.071428608],[3984661.2714286074,2851115.642857179],[3975987.148571465,2841100.7000000365],[3973999.1257143244,2834321.3857143223],[3973902.9628571793,2828597.0314286053],[3967290.0457143225,2816124.2771428935],[3967377.2342857495,2810186.8828571774],[3955265.0771428943,2807038.451428607],[3949155.9200000353,2804101.6542857513],[3943084.631428607,2799274.411428608],[3940253.525714323,2789409.440000035],[3946824.60285718,2790127.2714286074],[3951441.5828571804,2793951.9600000344],[3962116.3971428946,2797737.5428571776],[3965669.3857143223,2801495.6114286073],[3974000.065714322,2805766.185714323],[3975029.6228571795,2809315.3942857496],[3978456.4342857525,2812003.560000036],[3979271.522857178,2816139.7342857495],[3984362.2657143213,2817278.3914286084],[3990568.0428571813,2813443.9000000358],[3987762.114285752,2810304.1600000374],[3982951.5085714646,2808018.180000037],[3976689.2714286074,2802952.7371428944],[3973253.4285714664,2803656.2800000347],[3961546.6685714647,2795436.6942857504],[3955421.3942857496,2793660.754285749],[3947334.1657143235,2787527.9600000344],[3948924.8114286065,2783105.754285749],[3956683.405714322,2780375.0428571776],[3949431.408571467,2777024.6142857485],[3944670.1342857517,2784495.7657143213],[3941609.0171428956,2784316.5914286077],[3928160.5457143225,2778756.2714286074],[3926534.5342857502,2775589.880000036],[3919333.365714323,2769461.76285718],[3918607.988571465,2767099.417142894],[3909681.6971428953,2771212.488571465],[3894130.060000036,2760021.725714322],[3889763.674285751,2753415.171428606],[3886746.6285714656,2753077.834285751],[3882686.520000037,2747308.8000000343],[3882418.457142893,2742451.0857143216],[3885142.251428608,2738294.180000037],[3891494.1342857517,2736560.3857143223],[3890870.6685714647,2731965.9314286076],[3889362.028571464,2728555.2314286083],[3885592.9200000353,2727715.334285751],[3882926.600000035,2724486.5371428914],[3886653.871428609,2718550.3542857505],[3887344.2742857523,2714053.957142893],[3894360.531428609,2712114.7885714658],[3906985.337142892,2712235.4371428937],[3906005.9257143214,2709922.10285718],[3898526.945714321,2710356.0800000355],[3897272.21428575,2705797.6885714643],[3891310.6771428958,2711200.797142893],[3883546.174285751,2705405.7028571777],[3881972.5085714646,2701190.0085714646],[3876039.345714323,2695257.565714322],[3874492.5114286095,2688795.1885714643],[3876300.3085714653,2671088.5400000364],[3878385.408571467,2661503.3428571783],[3880475.5800000355,2659132.331428606],[3877279.9257143214,2655654.3085714653],[3877326.26285718,2643821.6542857513],[3881306.0171428956,2626227.477142893],[3883536.6542857513,2613873.525714323],[3890741.4400000386,2615928.6885714643],[3896770.76285718,2624409.4542857483],[3901085.882857181,2632740.0800000355],[3903619.285714321,2634637.3485714644],[3912247.0085714646,2636331.0028571784],[3914135.0514286086,2638010.720000036],[3934235.6228571795,2638488.6514286064],[3938314.4342857525,2641601.8828571774],[3944016.225714322,2643488.525714323],[3948454.882857181,2643311.3057143204],[3955138.8114286065,2649183.408571463],[3957750.145714324,2647950.6857143193],[3953481.302857179,2642813.897142891],[3947968.6571428925,2640802.017142892],[3947113.445714321,2635068.588571463],[3942323.3228571787,2633116.477142893],[3935085.7828571796,2632087.1257143207],[3933091.605714321,2625806.028571464],[3926369.8571428955,2622030.8600000367],[3924975.802857179,2617883.0085714646],[3924473.328571465,2608935.0000000373],[3925619.3600000367,2603202.7371428944],[3927964.2800000384,2601689.76285718],[3929071.297142893,2591512.748571463],[3939365.1285714656,2588184.6542857513],[3939076.794285752,2586305.680000037],[3928031.768571466,2589197.097142894],[3925630.94285718,2599682.908571463],[3920816.2742857523,2604077.4257143214],[3922633.454285752,2613850.417142894],[3917144.685714323,2612337.517142892],[3913228.8971428946,2617662.9000000358],[3909644.9000000358,2612945.0114286058],[3909289.457142893,2601995.2828571796],[3903095.4314286076,2593150.097142894],[3902742.37428575,2587467.408571463],[3905341.260000035,2577166.4342857487],[3909519.531428609,2569476.4371428937],[3909143.477142893,2565051.131428607],[3905591.062857181,2551447.414285749],[3898994.6257143207,2539544.10285718],[3898783.1685714647,2530757.1285714656],[3903201.9742857516,2525634.022857178],[3909637.6657143235,2522613.631428607],[3916468.917142894,2525198.211428605],[3916875.6685714647,2521302.9000000358],[3909157.0914286077,2510740.105714321],[3904950.728571467,2508611.5485714637],[3892266.717142895,2498416.0400000364],[3890621.0742857493,2492758.5857143216],[3883660.4628571793,2487005.5114286058],[3877334.871428609,2486589.7714286074],[3875516.560000036,2482905.9714286067],[3870900.99142861,2480451.288571462],[3872947.1285714656,2474245.2228571773],[3890675.2371428944,2483650.7742857486],[3891571.225714322,2485166.302857179],[3900832.55428575,2489714.6942857504],[3904770.568571467,2487298.3942857496],[3897519.905714322,2485065.8571428917],[3894908.6942857504,2481466.642857179],[3891972.114285752,2471446.994285751],[3897190.2114286087,2466752.522857178],[3893637.4228571802,2456911.831428606],[3895095.5114286095,2453674.405714322],[3903449.05428575,2457386.725714322],[3906787.5857143216,2454747.71428575],[3915633.605714321,2454790.4971428923],[3923689.7657143213,2452711.7342857495],[3926238.1657143235,2455966.8114286065],[3930975.6714286096,2457819.5114286058],[3936468.108571466,2455001.417142894],[3944492.5400000364,2457253.2742857486],[3945512.7714286074,2449484.8600000367],[3942918.180000037,2448093.0457143225],[3942720.3885714673,2441350.142857179],[3952583.7771428935,2434402.6914286055],[3951513.7771428935,2424318.680000037],[3949206.960000038,2418566.7285714634],[3952067.8914286084,2412203.9714286067],[3953517.2314286083,2396040.802857179],[3951355.268571466,2394310.0085714646],[3950054.8542857505,2411877.297142893],[3947206.6342857517,2418738.137142893],[3949715.225714322,2426802.8057143204],[3948187.031428609,2433893.637142893],[3944501.148571465,2434595.1171428934],[3941652.174285751,2438763.020000037],[3928450.477142893,2436015.991428606],[3921727.0828571804,2438273.020000037],[3916878.7314286083,2437959.0057143196],[3908371.260000035,2435363.6914286055],[3904015.1514286064,2436467.802857179],[3896064.9257143214,2429963.2714286074],[3891494.794285752,2424339.5857143216],[3881646.334285751,2426718.0057143196],[3875206.9971428923,2425894.2028571777],[3874544.2714286074,2422317.6857143193],[3869843.1228571795,2419213.594285749],[3867486.022857178,2412539.457142893],[3863942.8428571783,2409326.4657143205],[3862085.1228571795,2404557.8114286065],[3863277.94285718,2399658.060000036],[3868335.257142894,2395192.140000034],[3862415.4400000386,2394689.3885714635],[3858431.4971428923,2388545.211428605],[3865556.5885714665,2382414.3000000343],[3872315.137142893,2384590.0085714646],[3879292.4285714664,2389577.594285749],[3883463.7342857495,2388030.0914286077],[3886766.8114286065,2389101.55428575],[3889808.254285753,2385304.940000035],[3880587.7428571805,2386431.480000034],[3873551.140000038,2376951.7342857495],[3862100.305714324,2373331.991428606],[3858760.3514286093,2370799.957142893],[3855346.365714323,2373787.0085714646],[3848727.7057143226,2372441.414285749],[3847414.217142895,2368265.337142892],[3853420.4800000377,2366673.6171428934],[3863319.291428607,2361097.528571464],[3863528.945714321,2357452.025714319],[3871213.137142893,2351790.414285749],[3865182.494285751,2350799.6142857485],[3855303.0114286095,2355657.1514286064],[3855322.0428571813,2358483.225714322],[3843615.225714322,2361255.3885714635],[3839321.1257143207,2355922.1142857485],[3839571.0085714646,2349038.3057143204],[3841783.488571465,2347071.362857178],[3840522.037142895,2342140.3571428917],[3848291.7485714667,2339324.288571462],[3849509.440000035,2342347.025714319],[3866237.677142892,2332718.3914286047],[3865813.8114286065,2331579.257142894],[3853804.977142893,2339194.0457143225],[3849282.334285751,2340430.362857178],[3856376.2714286074,2325814.1457143202],[3859291.2428571805,2326695.3514286056],[3868121.3857143223,2320487.4685714655],[3878187.3485714644,2318236.0828571767],[3876740.294285752,2316021.5142857507],[3868045.8942857496,2318569.297142893],[3858879.3600000367,2324991.248571463],[3857080.5000000373,2324845.4971428923],[3852688.914285749,2328975.9285714626],[3853485.302857179,2330273.7342857495],[3849751.960000038,2337129.1685714647],[3845838.1885714643,2333089.242857177],[3843542.5742857493,2327953.3885714635],[3845811.145714324,2317790.9600000344],[3848815.028571464,2313269.5828571767],[3853158.3085714653,2311570.4542857483],[3855342.5571428947,2305375.445714321],[3862503.1285714656,2293344.440000035],[3868894.608571466,2293670.331428606],[3878818.10285718,2299566.3400000334],[3882734.988571465,2298479.8428571783],[3883503.1971428953,2287729.9971428923],[3889977.414285749,2285401.945714321],[3899982.145714324,2286526.6685714647],[3901834.0914286077,2294472.7457143217],[3905228.520000037,2295761.905714322],[3902794.382857181,2287470.220000036],[3906629.0571428947,2281215.8542857505],[3918547.9000000358,2273404.397142891],[3916551.9400000386,2271857.2371428907],[3901350.3914286084,2283647.2342857495],[3895226.905714322,2283706.445714321],[3890507.6542857513,2278237.7628571764],[3894809.6942857504,2273136.102857176],[3905730.520000037,2271310.785714321],[3911407.182857178,2265549.4685714655],[3910282.451428607,2259714.87428575],[3913377.1285714656,2254399.522857178],[3906033.871428609,2253392.8542857505],[3904125.6257143207,2248755.754285749],[3907829.722857181,2246864.0742857493],[3915378.0114286095,2245622.677142892],[3918612.114285752,2242297.0485714637],[3935393.488571465,2236511.6257143207],[3936280.945714321,2239390.797142893],[3944036.4628571793,2243119.494285751],[3942772.674285751,2245037.297142893],[3945765.460000038,2250566.5057143196],[3957696.7028571814,2251592.294285748],[3956470.411428608,2255948.3942857496],[3960452.6228571795,2262653.4971428923],[3959526.0800000355,2267056.560000036],[3963937.2485714667,2268057.448571462],[3964466.377142895,2262907.4657143205],[3960354.33142861,2255029.7685714625],[3959844.4228571802,2249653.2657143213],[3953191.1942857504,2245177.957142893],[3950088.8085714653,2247986.220000036],[3946770.3600000367,2247075.1114286073],[3947020.251428608,2239743.2371428907],[3943438.0142857507,2237099.3457143195],[3940199.142857179,2238100.3885714635],[3934867.5571428947,2233519.102857176],[3925976.33142861,2237467.051428605],[3921821.254285753,2237666.0914286077],[3914912.868571464,2242256.751428608],[3906794.180000037,2243920.0342857502],[3902893.365714323,2246701.088571463],[3896409.337142892,2248482.3542857505],[3895844.708571464,2242814.3085714653],[3898687.362857178,2240654.3171428926],[3915204.105714321,2238808.0857143216],[3916083.2485714667,2236475.602857176],[3898010.145714324,2239631.5114286058],[3895745.5742857493,2236535.0314286053],[3889649.951428607,2236733.525714319],[3896702.3857143223,2229358.4971428923],[3908233.3228571787,2220967.991428606],[3916816.8885714635,2219624.1457143202],[3919243.254285753,2208116.1857143193],[3926096.754285753,2207730.522857178],[3932434.6657143235,2204377.0142857507],[3934350.4342857525,2201897.9314286076],[3944101.1571428925,2200689.5485714637],[3948404.951428607,2195682.8485714644],[3951214.1342857517,2187811.0771428905],[3957555.3542857505,2188801.0057143196],[3960431.5857143216,2194275.720000036],[3969295.3428571783,2194067.4371428937],[3970970.2457143217,2196789.8114286065],[3975727.371428609,2196713.32571432],[3980222.182857178,2200059.2400000356],[3980296.1971428953,2204574.565714322],[3986013.9800000377,2208978.648571465],[3983764.380000036,2213157.368571464],[3986026.3171428926,2220489.9200000353],[3990393.797142893,2219817.088571463],[3994935.4800000377,2223503.251428608],[4000890.365714323,2225889.568571463],[4000611.297142893,2220857.674285751],[3996878.145714324,2220681.7342857495],[3992558.405714322,2216818.128571462],[3988362.7400000356,2216665.5057143196],[3987742.448571466,2212792.8600000367],[3989568.6114286073,2207082.094285749],[3985348.55428575,2204031.0800000355],[3981046.8085714653,2198207.5800000355],[3980471.977142893,2195177.2657143213],[3968571.26285718,2189640.897142891],[3962413.3200000376,2190528.3828571774],[3957554.328571465,2184296.1085714623],[3955918.1571428925,2180000.171428606],[3953127.2028571814,2179846.785714321],[3953004.105714321,2174811.520000037],[3958471.380000036,2175742.605714321],[3960774.7057143226,2171713.8885714635],[3968398.5514286086,2166063.208571464],[3977266.1628571786,2168345.0085714646],[3983844.7057143226,2172703.6200000346],[3985896.9971428923,2169288.397142891],[4000852.108571466,2166934.1685714647],[3998929.220000036,2164342.8600000367],[3992226.21428575,2165461.057142891],[3990220.5457143225,2164073.8857143223],[3983411.5457143225,2168289.3171428926],[3980775.834285751,2168209.3114286065],[3974294.21428575,2163532.7685714625],[3977756.5742857493,2157837.988571465],[3976922.26285718,2153874.2571428902],[3973268.222857181,2146901.4542857483],[3960616.8600000367,2141171.182857178],[3951888.951428607,2141794.8600000367],[3952359.8142857514,2130284.914285749],[3959548.3085714653,2114539.491428606],[3957729.4742857516,2106978.55428575],[3963789.228571467,2098734.0914286077],[3969805.142857179,2094901.142857179],[3972106.0142857507,2095090.2028571777],[3981309.708571464,2090893.4771428928],[3983995.2314286083,2091480.5000000335],[3989199.7428571805,2097255.405714322],[3993517.460000038,2098257.9714286067],[3992813.914285753,2091428.2600000352],[3996850.9971428923,2089387.8428571783],[4000761.834285751,2092438.98571432],[3998559.5485714637,2096980.6514286064],[3998919.645714324,2104798.6171428934],[4000586.494285751,2107628.8914286047],[4014181.4685714655,2107685.908571463],[4020371.291428607,2111786.071428608],[4022184.3228571787,2108201.717142891],[4017026.828571465,2104841.071428608],[4003797.060000036,2105788.0342857502],[4000608.794285752,2102930.397142891],[4003028.0514286086,2091283.21428575],[4000939.908571467,2088215.3114286065],[3995243.7771428935,2085321.980000034],[3984882.9800000377,2083437.2742857486],[3980619.482857179,2080191.9057143219],[3977297.0142857507,2075404.4400000349],[3979347.640000038,2072449.7457143217],[3977243.448571466,2064430.1314286068],[3979826.8171428926,2057665.3485714644],[3980856.10285718,2051340.9971428923],[3989026.2114286087,2047052.8285714649],[3990994.631428607,2041768.6942857504],[3997762.9000000358,2031447.3542857505],[4002779.3171428926,2032866.5885714628],[4005450.0114286095,2035585.2600000352],[4007566.6200000383,2043192.09714289],[4022625.4000000358,2043229.1800000332],[4025701.294285752,2042287.0142857507],[4030182.1171428934,2049303.2800000347],[4035947.8542857505,2048865.2228571773],[4025783.3600000367,2038161.1742857508],[4022648.4400000386,2035982.0542857498],[4019118.2371428944,2025108.8971428908],[4012343.837142896,2020411.8457143195],[4012032.4714286067,2017381.3571428917],[4016418.334285751,2015868.21428575],[4020552.302857179,2009673.6057143211],[4015034.6228571795,2007990.5142857507],[4010759.5885714665,2011308.2171428911],[4008719.9800000377,2008771.7571428902],[4013839.8600000367,1999574.0685714632],[4008293.791428607,1999454.331428606],[4005774.0800000355,1994644.291428607],[4011635.185714323,1987767.1800000332],[4007031.834285751,1984031.791428607],[4006034.7485714667,1978792.2628571764],[4014559.8857143223,1981976.1942857504],[4023615.9714286067,1980709.020000033],[4021681.7742857523,1973295.2571428902],[4027564.305714324,1967391.6942857504],[4069160.7114286087,1945705.2514286079],[4076916.411428608,1941441.6657143198],[4109268.6657143235,1925015.8828571774],[4142019.608571466,1908709.5428571776],[4183472.648571465,1888538.0028571784],[4238641.231428608,1862455.1228571758],[4273710.211428609,1846331.4485714622],[4330783.905714322,1820864.642857179],[4390327.81142861,1795225.5114286058],[4442210.69428575,1773694.2685714625],[4474385.137142893,1760820.0514286049],[4526654.460000038,1740209.1971428916],[4560548.142857179,1727301.9657143205],[4608207.857142895,1709522.3457143195],[4610262.6314286105,1712051.9914286062],[4609653.391428608,1716195.5028571784],[4606218.99142861,1722161.142857179],[4608184.880000036,1726666.951428607],[4607173.220000036,1729391.6171428934],[4596650.391428608,1736811.7714286074],[4593547.717142895,1740292.020000033],[4595829.577142894,1744650.5428571776],[4592393.105714325,1746773.711428605],[4592896.537142895,1756415.5371428914],[4588650.19428575,1761499.1085714623],[4587895.948571466,1766009.3971428908],[4591654.0114286095,1775305.5371428914],[4591641.528571468,1780519.6885714643],[4587131.182857182,1783063.9485714622],[4585191.674285751,1786442.0000000335],[4585899.091428608,1791170.642857179],[4592526.920000039,1791671.3457143195],[4594492.577142894,1798060.87428575],[4598042.391428608,1800309.3457143195],[4601222.720000036,1810206.93714289],[4600409.445714325,1818628.9885714613],[4602085.1228571795,1823481.3571428917],[4605515.620000038,1825250.7342857495],[4608126.474285752,1834040.3057143204],[4606296.148571465,1842733.4485714622],[4609656.245714322,1849938.1200000346],[4608958.597142894,1857276.9000000358],[4611177.5114286095,1859433.6828571782],[4610112.431428608,1865847.8200000338],[4613153.822857179,1867614.0742857493],[4608781.085714322,1874205.7228571773],[4605432.005714323,1896578.2742857486],[4601467.548571467,1900326.7571428902],[4590107.457142893,1899368.1885714643],[4591298.274285752,1904161.831428606],[4588625.014285751,1907788.9600000344],[4591444.0885714665,1912874.2314286046],[4591784.322857179,1920164.942857176],[4586030.7771428935,1920095.21428575],[4585054.562857181,1926316.9742857479],[4579230.565714322,1933488.402857177],[4579200.120000038,1938653.9714286067],[4575044.320000038,1940483.6914286055],[4575946.048571467,1943920.9942857474],[4580353.97142861,1944388.2257143222],[4580929.865714323,1956605.094285749],[4574960.877142895,1963921.9942857474],[4574863.085714322,1967881.4942857474],[4570458.785714325,1971627.331428606],[4566608.645714324,1972421.0342857502],[4565742.997142896,1976575.8342857473],[4563084.480000038,1978763.8542857505],[4562852.677142896,1984248.09714289],[4566862.182857182,1988823.2742857486],[4561451.845714323,1994711.2771428935],[4553826.868571468,2004744.9657143205],[4555000.920000039,2009358.4285714626],[4554063.820000038,2013338.21428575],[4556820.868571468,2014826.282857176],[4558454.931428608,2020704.1171428934],[4554477.574285753,2023391.9742857479],[4553799.87428575,2027807.4657143205],[4555643.017142896,2031810.0857143216],[4552314.0114286095,2034943.4285714626],[4552972.725714322,2039927.637142893],[4547506.440000039,2048965.0400000364],[4550197.557142895,2054300.1828571782],[4547843.28285718,2059769.3400000334],[4549679.617142893,2062945.8000000343],[4548285.148571465,2066548.3171428926],[4544128.28285718,2067600.2600000352],[4536442.320000038,2062306.6171428934],[4535729.71428575,2058998.0914286077],[4528909.060000036,2062357.517142892],[4527517.78285718,2068949.1171428934],[4529770.125714324,2072160.0828571767],[4528090.411428608,2080601.065714322],[4530363.962857179,2083417.5542857498],[4527874.08285718,2092236.0485714637],[4522983.402857181,2097109.7600000352],[4521761.794285752,2106662.065714322],[4521643.1657143235,2117807.1228571795],[4518230.742857181,2117948.131428607],[4511102.728571467,2121762.4314286076],[4510277.822857179,2123785.914285749],[4504186.225714322,2124716.5742857493],[4503262.617142893,2131534.371428605],[4498651.614285752,2134128.940000035],[4494893.720000036,2138549.5800000355],[4495662.220000036,2143943.182857178],[4502874.840000037,2145896.1600000337],[4507915.920000039,2149583.551428605],[4506442.37428575,2156485.951428607],[4499377.814285751,2160547.017142892],[4496367.265714325,2167082.794285748],[4496402.520000037,2170727.8828571774],[4490181.148571465,2167362.8885714635],[4488470.751428608,2161978.2628571764],[4483084.2000000365,2165418.8857143223],[4476838.220000036,2163698.2828571796],[4477725.851428609,2172821.868571464],[4480743.448571466,2176375.302857179],[4478783.420000039,2188050.865714319],[4479819.837142896,2194022.605714321],[4485706.97142861,2196708.831428606],[4483845.65142861,2201277.5314286053],[4485192.288571466,2204245.7742857486],[4481998.431428608,2210132.911428608],[4485551.862857182,2214405.491428606],[4484062.571428608,2218401.9000000358],[4485304.174285751,2221823.094285749],[4480544.051428609,2226725.6542857476],[4475189.765714325,2226142.1857143193],[4477558.340000037,2231372.5457143225],[4475979.440000039,2235438.408571463],[4479453.351428609,2242405.640000034],[4474588.385714322,2248316.9371428937],[4478605.025714323,2252945.3114286065],[4477144.58285718,2258412.517142892],[4471746.65142861,2267185.7000000365],[4471085.520000037,2270748.2657143213],[4466190.791428611,2272129.871428605],[4465875.085714322,2267550.8514286056],[4460852.197142895,2264067.248571463],[4457260.125714324,2267738.365714319],[4457013.477142893,2271399.6171428934],[4451388.508571465,2272840.4371428937],[4449770.891428608,2286301.0114286058],[4451288.531428609,2292005.148571465],[4449584.37428575,2296172.720000036],[4445919.154285751,2296555.217142891],[4443042.982857179,2299442.4314286076],[4433939.702857181,2303411.6600000337],[4431554.854285751,2307060.7000000365],[4431902.642857179,2317858.7657143213],[4427326.162857179,2324842.180000037],[4430897.911428608,2326719.1457143202],[4430503.834285751,2333296.251428608],[4434145.297142893,2332361.6085714623],[4439692.457142893,2328019.16571432],[4442763.420000039,2329148.020000037],[4442150.44285718,2340714.211428605],[4435777.885714322,2344056.7714286074],[4440156.742857181,2350335.257142894],[4436812.6657143235,2351474.7314286083],[4434855.397142895,2356081.171428606],[4723366.460000038,2965270.491428606],[4674532.225714322,2988870.1257143207],[4638153.334285751,3007072.0828571804],[4601991.5885714665,3025701.7228571773],[4578006.882857181,3038357.8057143204],[4540349.71428575,3058723.065714322]]]]},"properties":{"PRUID":"59","DGUID":"2021A000259","PRNAME":"British Columbia / Colombie-Britannique","PRENAME":"British Columbia","PRFNAME":"Colombie-Britannique","PREABBR":"B.C.","PRFABBR":"C.-B.","LANDAREA":920686.5544}},
{"type":"Feature","geometry":{"type":"MultiPolygon","coordinates":[[[[4571482.940000039,4310788.7000000365],[4564757.891428608,4309856.728571467],[4562860.002857182,4305783.237142894],[4564144.937142894,4300429.474285752],[4571621.345714323,4301715.882857181],[4575172.962857179,4305011.99142861],[4571482.940000039,4310788.7000000365]]],[[[4593367.745714322,4180420.760000039],[4591829.531428609,4184673.8142857514],[4585404.985714324,4185377.220000036],[4583437.234285753,4187006.9000000358],[4579764.271428607,4202410.44285718],[4575581.074285753,4204093.47142861],[4572613.248571467,4217248.568571467],[4569804.042857181,4222004.674285751],[4565605.140000038,4236549.080000035],[4563669.860000037,4248938.402857181],[4564274.222857181,4253926.69428575],[4567825.42285718,4262332.022857182],[4560109.902857181,4259973.0885714665],[4559097.565714322,4264560.494285751],[4560186.237142894,4268669.871428609],[4559758.468571465,4285946.897142895],[4560752.15142861,4300679.842857182],[4557900.702857181,4302975.03428575],[4557847.49142861,4308252.057142895],[4551615.108571466,4314226.197142895],[4552778.908571467,4317016.2771428935],[4551005.925714321,4323965.008571465],[4546229.92285718,4330723.385714322],[4533764.800000038,4338948.162857179],[4526345.580000039,4349178.905714322],[4520588.708571468,4360353.180000037],[4509501.03428575,4349337.814285751],[4460549.465714324,4298870.445714325],[4385405.688571464,4221831.914285753],[4309793.794285752,4143589.6571428925],[4226134.76285718,4058080.454285752],[4176269.251428608,4006899.7657143213],[4144938.680000037,3974147.494285751],[4130362.2714286074,3959571.785714321],[4042916.0571428947,3869785.10285718],[3986422.8885714673,3811486.15142861],[3949493.8942857496,3773743.305714324],[3850905.8942857496,3672281.3971428946],[3815678.9000000358,3636186.7057143226],[3827658.9285714664,3611366.220000036],[3836920.417142894,3615655.131428607],[3846245.2457143217,3588257.917142894],[3868934.302857179,3589501.7800000347],[3894984.837142892,3568045.6971428953],[3893089.637142893,3565695.645714324],[3870191.674285751,3550997.1571428925],[3869105.7028571814,3539818.3428571783],[3891270.5400000364,3519675.3542857505],[3931856.728571467,3483696.380000036],[3973003.525714323,3448359.914285749],[4014700.768571466,3413674.6885714643],[4046328.7342857495,3388093.3085714653],[4078256.1342857517,3362886.6342857517],[4099705.225714322,3346292.0885714665],[4142991.4285714664,3313611.365714323],[4186786.060000036,3281615.191428609],[4231078.294285752,3250311.4685714655],[4264617.440000039,3227292.76285718],[4298425.67142861,3204671.1171428934],[4343913.754285753,3175132.0028571784],[4389860.60285718,3146311.6628571786],[4413002.520000037,3132173.2657143213],[4459616.188571464,3104444.3857143223],[4506660.025714323,3077451.751428608],[4540349.71428575,3058723.065714322],[4536037.60285718,3074595.0371428914],[4536689.022857182,3079056.0571428947],[4535299.240000039,3086988.631428607],[4539390.497142896,3104358.528571464],[4544453.78285718,3111617.2885714658],[4536189.28285718,3117793.5428571776],[4539175.268571466,3123619.945714321],[4539549.94285718,3130101.8485714644],[4537453.920000039,3139806.2657143213],[4538614.900000036,3144924.671428606],[4545743.400000036,3145938.2800000347],[4549634.03428575,3148254.4971428923],[4549472.7000000365,3153041.571428608],[4554722.937142894,3166987.9657143205],[4549792.748571467,3168306.791428607],[4545377.482857179,3174702.108571466],[4538969.842857182,3171036.365714323],[4536165.377142895,3164879.571428608],[4530324.362857182,3169738.297142893],[4525476.022857182,3170480.834285751],[4521163.997142896,3172916.76285718],[4512370.548571467,3169980.605714321],[4507189.514285751,3172742.302857179],[4502436.760000039,3181273.760000035],[4495735.9342857525,3184043.368571464],[4492636.702857181,3195690.9342857487],[4486811.940000039,3195029.560000036],[4481443.6228571795,3190747.21428575],[4477696.274285752,3193733.21428575],[4480497.865714323,3199133.3057143204],[4472881.388571467,3201551.405714322],[4470555.248571467,3196360.4714286067],[4465368.334285751,3196518.6942857504],[4461045.0457143225,3199970.3085714653],[4458485.600000039,3205891.21428575],[4447682.548571467,3203667.8142857514],[4447410.477142893,3208679.3000000343],[4441394.680000037,3211027.1685714647],[4440860.548571467,3213437.8542857505],[4444952.914285753,3218102.828571465],[4445747.977142893,3222544.142857179],[4449340.4342857525,3228121.957142893],[4451227.737142894,3236549.4685714655],[4453594.125714324,3239393.757142894],[4451009.531428609,3242135.982857179],[4446519.988571465,3242472.98571432],[4447203.540000036,3246584.5057143234],[4453930.560000036,3251467.708571464],[4457933.560000036,3252846.671428606],[4459423.337142896,3258816.44285718],[4463476.985714324,3269059.6942857504],[4465867.31142861,3272521.9371428937],[4463538.457142893,3274828.8542857505],[4468124.594285753,3283446.5428571776],[4464390.31142861,3286140.100000035],[4464591.014285751,3290985.9714286067],[4453583.865714323,3295939.760000035],[4449574.768571466,3304471.05428575],[4450477.445714325,3310335.9200000353],[4446866.5114286095,3314100.494285751],[4446120.302857179,3323976.802857179],[4442504.94285718,3334125.2828571796],[4448817.94285718,3338158.7457143217],[4449182.92285718,3342025.948571466],[4444463.560000036,3346885.0828571804],[4446014.597142894,3358636.0000000373],[4443808.5114286095,3364751.8171428926],[4446325.388571467,3368445.6285714656],[4443704.465714324,3383211.6600000374],[4438215.611428607,3385863.8514286093],[4431711.525714323,3381599.0400000364],[4428679.202857181,3384257.834285751],[4430545.15142861,3388094.5828571804],[4426755.351428609,3391624.768571466],[4427139.125714324,3394426.8914286084],[4418186.734285753,3397804.171428606],[4417588.020000037,3403392.1571428925],[4422984.751428608,3408181.8571428917],[4421754.062857181,3416015.0114286095],[4426510.502857178,3421935.614285752],[4431316.834285751,3423099.7771428935],[4429620.482857179,3429186.6885714643],[4434692.908571467,3431182.3971428946],[4436954.711428609,3430184.5428571776],[4438917.157142896,3436604.071428608],[4435474.560000036,3441510.1885714643],[4435680.368571468,3447445.3428571783],[4433909.177142896,3449495.10285718],[4434873.768571466,3462292.5828571804],[4438865.185714323,3476944.408571467],[4437135.571428608,3481268.445714321],[4439447.268571466,3485276.491428606],[4445251.454285752,3487272.2000000365],[4455778.817142896,3495255.0342857502],[4456643.625714324,3498697.631428607],[4450706.391428608,3501075.8514286093],[4450373.774285752,3506938.2457143217],[4451828.977142893,3517507.185714323],[4449134.771428607,3520234.6542857513],[4450365.457142893,3524309.225714322],[4447554.834285751,3530213.1971428953],[4452727.0457143225,3531560.300000038],[4464252.26285718,3531926.180000037],[4465632.628571466,3537597.3171428926],[4469424.474285752,3540225.0000000373],[4472301.6228571795,3536765.7714286074],[4474305.645714324,3549371.9971428923],[4472584.348571464,3552232.5142857507],[4475182.925714321,3556221.8514286093],[4470353.728571467,3559292.33142861],[4474286.937142894,3567137.960000038],[4465185.674285751,3567665.991428606],[4465210.620000038,3573703.0085714646],[4467472.42285718,3575149.8971428946],[4471754.880000036,3572721.785714321],[4478498.71428575,3572858.991428606],[4479820.871428609,3577864.8942857496],[4483363.251428608,3583577.608571466],[4472744.420000039,3584575.4628571793],[4473476.180000037,3594304.5400000364],[4469634.440000039,3604416.131428607],[4467289.482857179,3605879.6514286064],[4465759.440000039,3610902.182857178],[4468453.648571465,3617488.022857178],[4465543.240000036,3618402.722857181],[4468154.291428611,3623192.4228571802],[4467322.745714322,3627915.600000035],[4474690.237142894,3630476.757142894],[4472278.757142894,3634002.5085714646],[4474839.914285753,3640787.9200000353],[4472727.791428611,3645211.7400000356],[4476519.637142893,3646741.7828571796],[4478465.454285752,3652861.954285752],[4478099.574285753,3658749.297142893],[4475155.902857181,3666549.191428609],[4471231.008571465,3667879.6628571786],[4465792.702857181,3665950.477142893],[4461136.048571467,3668162.3885714635],[4456828.645714324,3667314.2114286087],[4456313.0885714665,3670823.33142861],[4449677.357142895,3676178.482857179],[4453702.03428575,3679055.6285714656],[4463181.65142861,3680302.945714321],[4465127.468571465,3683679.020000037],[4459739.0542857535,3689782.562857181],[4459971.885714322,3696634.494285751],[4463005.5457143225,3708616.571428608],[4460244.1228571795,3711620.020000037],[4459323.211428609,3717545.6542857513],[4456682.800000038,3724904.2057143226],[4453063.81142861,3728327.4800000377],[4448847.191428609,3728975.785714321],[4451489.351428609,3735679.0400000364],[4460404.888571467,3738073.060000036],[4463291.691428609,3744119.2714286074],[4467506.562857181,3743951.5142857507],[4475282.757142894,3748463.454285752],[4469589.53428575,3756610.1114286073],[4476201.920000039,3762956.882857181],[4468715.805714324,3764124.185714323],[4467226.968571465,3770939.2771428935],[4471001.480000038,3774098.685714323],[4477585.908571467,3776027.880000036],[4481254.894285753,3774090.142857179],[4486602.797142893,3779061.4714286067],[4495766.474285752,3779250.1971428953],[4502979.988571465,3781361.1285714656],[4505440.411428608,3785303.3971428946],[4516120.882857181,3791118.94285718],[4519720.648571465,3806922.9657143243],[4519259.317142896,3813842.905714322],[4516610.168571465,3821384.9400000386],[4517162.365714323,3824551.337142892],[4522663.368571468,3827088.648571465],[4532064.7000000365,3826368.6942857504],[4533441.697142895,3830289.994285751],[4528213.297142893,3831869.6971428953],[4529366.6228571795,3836811.5114286095],[4525319.505714323,3839935.9685714655],[4516050.982857179,3838048.71428575],[4511458.657142896,3834714.562857181],[4507851.902857181,3835217.83142861],[4506153.371428609,3841208.1200000383],[4515386.945714325,3845450.954285752],[4516302.614285752,3847317.2400000356],[4509725.177142896,3853712.94285718],[4502504.674285751,3854432.8942857496],[4493977.074285753,3853188.7057143226],[4490768.737142894,3857753.068571467],[4487134.022857182,3858032.6628571786],[4486490.957142893,3861779.21428575],[4494968.048571467,3868468.37428575],[4492730.222857181,3872195.6714286096],[4497217.160000037,3875650.3971428946],[4504176.42285718,3876869.1342857517],[4509753.134285752,3884455.0514286086],[4509988.611428607,3889953.460000038],[4504278.691428609,3893922.2828571796],[4504017.877142895,3897113.417142894],[4509576.231428608,3899507.380000036],[4515648.202857181,3904955.191428609],[4519626.994285751,3901298.26285718],[4521218.522857182,3909282.2485714667],[4522948.920000039,3911283.7428571805],[4527886.17142861,3910493.65142861],[4527056.728571467,3915668.3514286093],[4528433.688571464,3920322.674285751],[4527477.648571465,3924406.477142893],[4530970.188571464,3925742.3600000367],[4530547.357142895,3932070.4971428923],[4538661.328571465,3936492.9285714664],[4539401.180000037,3950199.55428575],[4537753.457142893,3952053.2428571805],[4537000.500000037,3959166.9028571807],[4542389.440000039,3958928.2428571805],[4547838.911428608,3954388.9200000353],[4549499.937142894,3955338.0771428943],[4524679.020000037,3974825.0142857507],[4493787.017142896,3999745.9228571802],[4472523.600000039,4017342.408571467],[4477733.420000039,4028043.640000038],[4481641.251428608,4030024.7885714658],[4482226.745714322,4033578.6000000387],[4489545.074285753,4035937.8171428926],[4495906.220000036,4040228.494285751],[4498753.168571465,4047124.025714323],[4498843.337142896,4052559.2857143246],[4503860.091428608,4055739.9200000353],[4506455.708571468,4061430.305714324],[4510406.44285718,4064939.3114286102],[4512609.508571465,4073349.828571465],[4508659.022857182,4078832.445714321],[4519778.074285753,4092617.2428571805],[4553858.271428607,4133425.568571467],[4593367.745714322,4180420.760000039]]]]},"properties":{"PRUID":"60","DGUID":"2021A000260","PRNAME":"Yukon","PRENAME":"Yukon","PRFNAME":"Yukon","PREABBR":"Y.T.","PRFABBR":"Yn","LANDAREA":472345.4354}},
{"type":"Feature","geometry":{"type":"MultiPolygon","coordinates":[[[[4613669.120000038,4182360.5942857526],[4611695.617142893,4175859.882857181],[4614389.740000039,4175796.137142893],[4616170.248571467,4181062.8600000367],[4613669.120000038,4182360.5942857526]]],[[[5667594.868571468,4444420.525714323],[5672069.591428608,4440750.731428608],[5673851.9428571835,4443719.568571467],[5667594.868571468,4444420.525714323]]],[[[4675006.211428609,4219599.42285718],[4669720.565714322,4218599.485714324],[4671371.614285752,4214782.55428575],[4675006.211428609,4219599.42285718]]],[[[5721565.825714327,4434648.988571465],[5715280.137142897,4432345.78285718],[5716901.431428611,4426727.128571466],[5719430.7342857495,4427236.594285753],[5721565.825714327,4434648.988571465]]],[[[4816606.845714323,4111557.720000036],[4811811.485714324,4106327.5057143234],[4816612.17142861,4104496.8942857496],[4818216.31142861,4108725.028571464],[4816606.845714323,4111557.720000036]]],[[[5400166.531428613,4579490.97142861],[5399411.322857179,4575342.134285752],[5405686.56000004,4575375.168571465],[5404198.297142893,4579061.920000039],[5400166.531428613,4579490.97142861]]],[[[4806283.108571466,4103937.837142896],[4802025.565714322,4101371.365714323],[4800299.334285751,4094910.537142895],[4803000.0885714665,4094006.4457143247],[4806283.108571466,4103937.837142896]]],[[[4659981.377142895,4198893.15142861],[4657691.431428608,4193954.920000039],[4663009.645714324,4192873.7314286083],[4659981.377142895,4198893.15142861]]],[[[5665161.140000038,4596288.608571466],[5662114.737142898,4594365.280000038],[5662858.445714325,4590868.411428608],[5668904.940000042,4591663.642857179],[5665161.140000038,4596288.608571466]]],[[[5615305.960000038,4069910.4657143243],[5610034.320000038,4080181.0457143225],[5605447.305714324,4080314.0800000355],[5610782.774285756,4073673.2885714658],[5614436.708571464,4066964.300000038],[5615305.960000038,4069910.4657143243]]],[[[5321426.077142894,3950633.408571467],[5321845.348571464,3947846.3857143223],[5330801.808571465,3940689.674285751],[5333794.682857178,3942319.2714286074],[5327312.585714325,3946965.097142894],[5326110.274285756,3949993.9800000377],[5321426.077142894,3950633.408571467]]],[[[5238683.674285755,4364876.297142893],[5235939.080000035,4362901.048571467],[5233628.988571465,4357777.58285718],[5240257.968571469,4354323.97142861],[5240617.197142899,4358523.382857181],[5238683.674285755,4364876.297142893]]],[[[5400943.38000004,4562836.514285751],[5401288.314285755,4558947.814285751],[5405508.142857179,4552788.551428609],[5408159.968571469,4558974.480000038],[5400943.38000004,4562836.514285751]]],[[[4956674.26285718,4148812.7742857523],[4955280.97142861,4151217.297142893],[4949852.128571466,4145952.2400000356],[4949222.805714324,4143524.2771428935],[4954254.745714325,4141266.76285718],[4957653.371428609,4144038.7771428935],[4956674.26285718,4148812.7742857523]]],[[[4894005.140000038,4102873.977142893],[4890926.65142861,4101843.3085714653],[4882875.897142895,4096197.8942857496],[4886215.800000038,4091361.562857181],[4889149.897142895,4096936.8514286093],[4892471.08285718,4097386.8542857505],[4894005.140000038,4102873.977142893]]],[[[5305707.2885714695,3960772.7314286083],[5302763.494285755,3958148.5028571784],[5305781.685714327,3953975.8228571787],[5316045.751428612,3951206.0457143225],[5309599.685714327,3958390.1657143235],[5305707.2885714695,3960772.7314286083]]],[[[5466404.574285753,3873861.305714324],[5465509.60857147,3871040.960000038],[5472677.440000035,3862108.1657143235],[5479320.257142894,3862732.8200000376],[5468595.854285754,3873406.8600000367],[5466404.574285753,3873861.305714324]]],[[[5441412.180000037,4544289.271428607],[5434916.497142896,4532534.871428609],[5427810.905714326,4531479.4771428965],[5425149.768571466,4529206.765714325],[5429938.985714324,4524259.928571466],[5432517.994285755,4525800.81142861],[5440295.297142893,4534226.060000036],[5444566.902857184,4542337.562857181],[5441412.180000037,4544289.271428607]]],[[[5620908.508571468,4088948.834285751],[5620152.794285752,4091415.4200000353],[5614073.854285754,4098410.2457143217],[5607906.402857184,4089962.691428609],[5613658.557142898,4089905.37428575],[5616959.488571465,4081800.997142896],[5617013.140000038,4075696.631428607],[5620908.508571468,4088948.834285751]]],[[[5739254.682857178,4495819.745714322],[5735826.091428608,4495524.708571468],[5730550.765714325,4491748.894285753],[5723237.451428607,4491821.105714325],[5721526.20000004,4481196.4771428965],[5720355.697142899,4479712.314285751],[5727206.114285752,4468646.571428608],[5731189.937142894,4467955.822857179],[5739254.682857178,4495819.745714322]]],[[[5635345.302857183,4572534.960000038],[5628884.385714322,4569365.265714325],[5625901.285714321,4563811.417142894],[5635185.42285718,4555949.714285754],[5638811.69428575,4555520.6314286105],[5642106.868571468,4552315.488571465],[5647069.414285757,4551534.17142861],[5653770.257142894,4547649.502857182],[5658342.680000037,4551180.628571466],[5661580.142857179,4558339.902857181],[5655539.42857147,4568526.711428609],[5650392.894285753,4570693.768571466],[5647514.557142898,4569884.517142896],[5635345.302857183,4572534.960000038]]],[[[5628898.251428612,4116242.9742857516],[5628513.171428613,4122125.997142896],[5614604.145714328,4130286.797142893],[5608405.860000037,4131977.062857181],[5603151.551428609,4129358.6171428934],[5602923.802857183,4123886.1971428953],[5607042.4342857525,4112526.60285718],[5613826.202857181,4109674.1000000387],[5614954.997142896,4102432.734285753],[5622706.745714322,4095091.868571464],[5628898.251428612,4116242.9742857516]]],[[[5688653.202857181,4697393.468571465],[5677582.385714322,4693872.342857182],[5674635.685714327,4690904.840000037],[5667171.385714322,4690290.648571465],[5667290.868571468,4686235.848571468],[5670271.985714324,4674284.5542857535],[5673022.702857181,4669479.274285752],[5673349.4342857525,4663332.734285753],[5675730.580000035,4657997.000000037],[5685065.674285755,4656631.67142861],[5689880.92857147,4658609.962857179],[5696709.594285756,4664567.940000039],[5694490.645714328,4666816.928571466],[5695565.7342857495,4673290.842857182],[5690623.125714324,4678639.714285754],[5692264.811428614,4685111.725714322],[5687487.940000042,4686308.394285753],[5687215.525714323,4693048.985714324],[5688653.202857181,4697393.468571465]]],[[[5530087.140000038,4526141.760000039],[5527755.985714324,4525810.15142861],[5521277.502857178,4520537.760000039],[5515771.2342857495,4519957.19428575],[5512630.245714322,4515607.5885714665],[5508095.177142896,4517586.305714324],[5495054.525714323,4513060.954285752],[5492553.19428575,4509622.951428611],[5487232.637142897,4507407.254285753],[5483520.077142894,4503181.951428611],[5469606.385714322,4496829.37428575],[5464954.154285751,4491009.391428608],[5468009.33142861,4486794.840000037],[5473472.445714325,4483088.337142896],[5475787.071428612,4483490.842857182],[5477641.682857178,4475496.822857179],[5483284.625714324,4474219.408571467],[5491214.800000042,4476545.734285753],[5507985.351428613,4490664.048571467],[5512790.882857181,4497420.614285752],[5520970.531428613,4505355.465714324],[5528089.320000038,4510476.137142893],[5535226.845714323,4520160.42285718],[5530087.140000038,4526141.760000039]]],[[[5806059.680000037,4725738.371428609],[5804860.291428611,4730599.531428609],[5797617.377142899,4742578.711428609],[5792618.968571469,4742510.76285718],[5788345.091428608,4740668.985714324],[5779695.311428614,4739282.222857181],[5776012.574285753,4736616.337142896],[5771781.280000038,4730419.17142861],[5768883.820000038,4731679.377142895],[5766251.877142899,4728069.600000039],[5751351.291428611,4731288.228571467],[5739242.920000039,4727842.291428611],[5735689.620000042,4726035.071428608],[5725930.137142897,4723625.711428609],[5723552.291428611,4717635.540000036],[5720733.340000041,4716589.080000039],[5721434.491428614,4708593.848571468],[5733254.097142898,4712579.668571465],[5739641.214285754,4713663.4771428965],[5750602.154285751,4712762.648571465],[5752910.902857184,4708273.514285751],[5751893.78285718,4699157.537142895],[5759981.445714325,4696555.1314286105],[5761757.962857179,4702167.460000038],[5765717.74857147,4700258.1657143235],[5766288.691428609,4707777.1657143235],[5770047.6571428925,4706973.097142894],[5773446.468571469,4702661.500000037],[5774217.762857184,4697348.074285753],[5782983.862857185,4689254.605714325],[5792585.765714325,4692630.885714322],[5795334.845714323,4688687.308571465],[5806059.680000037,4725738.371428609]]],[[[5789358.451428607,4668089.048571467],[5779087.448571466,4671958.482857179],[5769371.902857184,4673506.7771428935],[5767901.274285756,4669874.785714325],[5763198.340000041,4674541.025714323],[5758522.37428575,4675631.605714325],[5750964.400000036,4675432.522857182],[5744959.208571464,4671982.0457143225],[5743707.022857182,4675847.394285753],[5739688.451428607,4672969.780000038],[5737147.474285752,4674190.385714322],[5731553.502857178,4672622.937142894],[5725412.642857179,4674239.285714325],[5716809.714285754,4670411.265714325],[5710246.888571471,4668505.117142893],[5707150.605714321,4669367.6314286105],[5702725.048571467,4664611.774285752],[5700314.980000041,4656201.254285753],[5702222.022857182,4652865.300000038],[5697349.402857184,4645641.474285752],[5700428.7114286125,4639540.437142894],[5695022.877142899,4633929.825714324],[5696010.128571466,4629727.120000038],[5699038.74857147,4627857.711428609],[5697767.877142899,4621494.574285753],[5701692.662857182,4618002.077142894],[5705155.385714322,4619007.785714325],[5705267.825714327,4608859.931428608],[5713385.728571467,4599844.265714325],[5730621.720000036,4603399.845714323],[5736256.968571469,4605499.911428608],[5739338.920000039,4602417.411428608],[5745121.137142897,4601852.994285751],[5754046.465714328,4603609.6314286105],[5762391.671428613,4606576.297142893],[5767108.534285754,4610945.334285751],[5766061.222857185,4614985.805714324],[5768905.611428611,4616791.937142894],[5769620.677142896,4623944.405714322],[5773860.682857178,4632755.302857179],[5769906.488571465,4635813.725714322],[5765225.148571469,4635150.440000039],[5759919.314285755,4636665.540000036],[5759295.580000035,4642271.051428609],[5756426.974285752,4644766.340000037],[5757398.9428571835,4649087.714285754],[5769938.705714323,4649200.382857181],[5773297.8371429,4648226.785714325],[5783911.542857185,4649315.722857181],[5789358.451428607,4668089.048571467]]],[[[5559828.642857179,4663513.897142895],[5554856.317142896,4660908.571428608],[5548560.140000038,4662542.5885714665],[5544680.762857184,4658995.314285751],[5539158.025714323,4651663.368571468],[5525723.8657143265,4647563.920000039],[5518062.460000038,4640575.691428609],[5513937.622857183,4640274.44285718],[5513201.448571466,4636897.60285718],[5509266.448571466,4633765.562857181],[5500947.917142898,4631644.605714325],[5499631.582857184,4624663.960000038],[5494706.688571468,4623365.891428608],[5490546.328571469,4620293.025714323],[5485056.214285754,4621258.542857181],[5481675.885714322,4619040.308571465],[5475770.33142861,4618504.448571466],[5471342.017142899,4615987.454285752],[5455275.745714322,4601573.100000039],[5445648.531428613,4602415.177142896],[5443331.7114286125,4606517.240000039],[5438733.2885714695,4605606.568571467],[5432278.845714323,4606264.19428575],[5426200.457142897,4604943.902857181],[5422895.100000039,4602702.94285718],[5419797.228571467,4596953.5114286095],[5414415.548571467,4594452.482857179],[5409540.38000004,4590446.682857182],[5408862.660000041,4586244.957142893],[5414898.394285753,4587715.528571468],[5414844.38000004,4577440.722857181],[5411021.414285749,4574062.880000036],[5404976.648571469,4571718.688571468],[5402935.791428611,4568786.628571466],[5403109.274285756,4563776.0114286095],[5407894.708571464,4559889.648571465],[5415984.077142894,4562581.585714322],[5419870.280000038,4567302.948571466],[5425396.88000004,4566935.360000037],[5429743.400000036,4559487.302857179],[5432435.468571469,4557147.897142895],[5431574.474285752,4553026.297142893],[5432676.360000037,4544548.748571467],[5437841.660000041,4550926.140000038],[5442359.948571466,4551957.905714322],[5446371.320000038,4550404.497142896],[5447244.688571468,4559061.994285751],[5451764.325714327,4566396.33142861],[5457150.394285753,4566691.4771428965],[5460505.737142898,4561985.542857181],[5457159.625714324,4559892.774285752],[5452708.320000038,4549882.817142896],[5455646.688571468,4545817.197142895],[5457484.960000038,4539847.440000039],[5454064.8885714635,4537249.688571468],[5448849.177142896,4527615.83142861],[5452265.360000037,4523108.154285751],[5459542.325714327,4524674.725714322],[5463431.33142861,4522507.594285753],[5470332.522857182,4524352.005714323],[5474733.897142895,4531562.022857182],[5481927.5114286095,4533570.234285753],[5482916.760000035,4542181.962857179],[5478695.514285751,4546870.5114286095],[5488534.9428571835,4552932.354285751],[5487959.240000039,4562070.794285752],[5492707.774285756,4566493.334285751],[5496351.468571469,4564346.31142861],[5493915.757142894,4556898.205714323],[5495392.274285756,4554516.614285752],[5492083.722857185,4544392.254285753],[5494428.714285754,4537267.1314286105],[5501113.705714323,4542443.240000039],[5504467.240000039,4543488.37428575],[5506197.040000036,4551991.502857182],[5511636.071428612,4553746.805714324],[5514668.797142893,4552508.968571465],[5519351.74857147,4556169.820000038],[5521064.908571467,4561471.894285753],[5521921.300000042,4569764.780000038],[5516470.83142861,4575535.174285751],[5519892.55428575,4580197.33142861],[5524451.274285756,4579388.871428609],[5526022.260000035,4573521.402857181],[5532747.985714324,4577350.857142895],[5534802.791428611,4576382.500000037],[5538724.848571464,4586908.142857179],[5536935.87428575,4590080.085714322],[5540580.622857183,4595021.60285718],[5544006.965714328,4593989.640000038],[5546333.894285753,4598804.894285753],[5551375.071428612,4593688.451428611],[5559045.6571428925,4598608.711428609],[5558737.20000004,4594443.845714323],[5554718.528571464,4587908.805714324],[5549414.528571464,4585358.882857181],[5543718.291428611,4573756.305714324],[5543395.328571469,4569764.362857182],[5538457.185714327,4565983.940000039],[5535378.965714328,4558196.074285753],[5540153.340000041,4543667.351428609],[5540856.065714322,4539075.17142861],[5545637.654285751,4535334.182857182],[5553829.60285718,4537872.882857181],[5558395.648571469,4540665.42285718],[5560804.38000004,4544479.44285718],[5560593.314285755,4548605.842857182],[5562945.648571469,4552656.920000039],[5562830.60857147,4557938.997142896],[5564548.517142899,4562159.528571468],[5569204.271428607,4560557.328571465],[5571920.454285756,4562382.785714325],[5578527.740000039,4559098.448571466],[5591145.3114286065,4560423.754285753],[5595911.994285755,4566392.2771428935],[5599024.842857182,4566556.19428575],[5598988.214285754,4575114.380000036],[5601441.571428612,4581173.92285718],[5597629.382857181,4585548.948571466],[5596821.122857183,4595677.031428609],[5600144.377142899,4596168.980000038],[5605521.92285718,4587985.257142894],[5609593.885714322,4588270.0885714665],[5612447.500000037,4590811.660000037],[5609371.137142897,4597622.402857181],[5604416.154285751,4605827.351428609],[5605478.885714322,4611116.440000039],[5604692.980000041,4615828.860000037],[5608901.988571465,4617167.222857181],[5610363.497142896,4622563.794285752],[5614244.722857185,4619954.517142896],[5622044.291428611,4621439.251428608],[5623772.460000038,4623552.720000036],[5630653.0114286095,4622703.885714322],[5635172.994285755,4628968.914285753],[5629818.317142896,4643891.688571468],[5625042.240000039,4648536.505714323],[5627684.848571464,4652179.800000038],[5624713.431428611,4654945.47142861],[5621908.000000037,4661016.982857179],[5615209.9342857525,4661201.028571468],[5608574.317142896,4656478.040000036],[5602941.88000004,4655145.771428607],[5603320.240000039,4650087.0114286095],[5610648.068571471,4645171.214285754],[5602411.040000036,4639890.414285753],[5601343.845714323,4643080.828571465],[5592263.125714324,4640588.957142893],[5589441.685714327,4646701.305714324],[5585339.42285718,4648685.711428609],[5584191.202857181,4653563.1657143235],[5575918.005714327,4655976.485714324],[5559828.642857179,4663513.897142895]]],[[[5709253.42857147,4392064.254285753],[5705666.400000036,4394510.288571466],[5694698.994285755,4397371.802857179],[5694304.702857181,4401437.148571465],[5687290.4428571835,4403188.674285751],[5681124.474285752,4402427.371428609],[5678731.348571464,4400656.057142895],[5672211.580000035,4404395.637142893],[5670475.240000039,4406705.948571466],[5670435.571428612,4413252.840000037],[5672826.362857185,4415504.842857182],[5672809.662857182,4420263.445714325],[5676055.180000037,4423098.062857181],[5673809.828571469,4427979.548571467],[5675853.960000038,4429434.660000037],[5676615.351428613,4435536.568571467],[5668180.20000004,4439965.308571465],[5663243.728571467,4437863.83142861],[5659870.348571464,4440437.068571467],[5658395.914285757,4444485.580000039],[5664626.645714328,4447047.880000036],[5671478.825714327,4446273.522857182],[5672312.894285753,4451920.308571465],[5668226.488571465,4457089.794285752],[5668370.768571466,4459224.280000038],[5659511.134285755,4466679.5885714665],[5658888.965714328,4474124.251428608],[5660321.8657143265,4478371.854285751],[5664054.685714327,4481403.717142895],[5660931.431428611,4484704.5114286095],[5656872.680000037,4486027.985714324],[5655570.597142898,4493206.81142861],[5652412.171428613,4495956.6657143235],[5648241.720000036,4495400.354285751],[5644132.085714325,4498291.222857181],[5640432.174285755,4496333.040000036],[5632490.737142898,4494976.440000039],[5626684.871428609,4495934.500000037],[5624699.594285756,4500242.4771428965],[5626939.482857183,4502053.382857181],[5625772.274285756,4513897.222857181],[5629201.394285753,4514972.674285751],[5631759.814285755,4521254.305714324],[5631141.208571464,4527816.740000039],[5624604.240000039,4533380.368571468],[5619808.905714326,4533918.160000037],[5614941.405714326,4537967.748571467],[5612963.411428608,4535701.402857181],[5595695.080000035,4536627.842857182],[5584880.980000041,4531551.191428609],[5585373.828571469,4528022.642857179],[5581914.120000042,4525981.525714323],[5580829.545714326,4521081.988571465],[5584001.4342857525,4517427.368571468],[5596976.845714323,4510881.494285751],[5599811.528571464,4508124.562857181],[5598357.348571464,4502673.562857181],[5594511.611428611,4507464.748571467],[5581657.620000042,4512472.771428607],[5573279.820000038,4517577.500000037],[5564274.514285751,4517224.505714323],[5556669.500000037,4513085.968571465],[5552984.814285755,4509344.87428575],[5552113.445714325,4504769.231428608],[5555629.7342857495,4503145.105714325],[5553170.537142895,4499018.2000000365],[5549002.642857179,4499590.1228571795],[5544689.3657143265,4492664.117142893],[5551323.605714321,4486961.520000037],[5553486.925714321,4486934.962857179],[5563556.582857184,4482151.305714324],[5568403.425714321,4482373.911428608],[5581686.174285755,4476152.300000038],[5591733.105714321,4475395.657142896],[5588803.337142892,4471207.845714323],[5583804.231428608,4473501.791428611],[5575711.308571465,4473540.342857182],[5565292.860000037,4476570.0457143225],[5559686.617142893,4476561.0885714665],[5551330.994285755,4478724.162857179],[5538529.414285757,4483698.568571467],[5533527.834285751,4482083.888571467],[5524170.571428612,4473698.485714324],[5519222.634285755,4466774.728571467],[5520517.302857183,4464360.0457143225],[5538182.19428575,4455108.980000038],[5546432.162857182,4453361.6228571795],[5561288.460000038,4456007.280000038],[5576242.688571468,4453917.377142895],[5569597.794285752,4449899.705714323],[5560659.488571465,4448996.751428608],[5546117.814285755,4443025.5542857535],[5539689.808571465,4444869.322857179],[5519537.314285755,4453275.862857182],[5513035.825714327,4454644.662857179],[5500043.751428612,4445621.47142861],[5499348.985714324,4442008.291428611],[5496114.854285754,4441252.634285752],[5492839.87428575,4436337.937142894],[5494878.145714328,4429936.802857179],[5498750.648571469,4424794.880000036],[5506405.148571469,4418828.720000036],[5512789.280000038,4412155.257142894],[5519661.817142896,4418150.120000038],[5521386.862857178,4415996.557142895],[5528334.557142898,4417545.325714324],[5527281.977142893,4413376.094285753],[5523072.15142861,4408629.640000038],[5521893.162857182,4401977.6228571795],[5526392.668571465,4396495.411428608],[5527236.28285718,4393461.191428609],[5533419.88000004,4386192.880000036],[5537081.371428609,4387392.042857181],[5540256.454285756,4390909.965714324],[5540264.197142899,4397139.140000038],[5542626.128571466,4403537.5885714665],[5545475.97142861,4397087.437142894],[5550470.20000004,4398999.828571465],[5553074.540000036,4396789.914285753],[5549956.671428613,4392218.897142895],[5547646.7114286125,4383686.285714325],[5550213.580000035,4378848.022857182],[5557192.168571465,4379561.251428608],[5570982.094285756,4384073.682857182],[5578451.55428575,4392834.508571465],[5577642.340000041,4399531.474285752],[5584563.271428607,4398059.891428608],[5591583.645714328,4408535.908571467],[5592962.65142861,4415305.21428575],[5596442.025714323,4422010.022857182],[5597273.314285755,4410074.611428607],[5604105.528571464,4410296.451428607],[5608723.562857181,4411726.785714325],[5611029.814285755,4409461.477142893],[5604024.991428614,4406266.531428609],[5597251.705714323,4404538.960000038],[5588385.877142899,4390139.057142895],[5583562.448571466,4379607.791428611],[5583901.951428607,4376847.731428608],[5590681.954285756,4374954.571428608],[5594909.291428611,4375933.597142894],[5602731.105714321,4373381.348571464],[5610253.965714328,4372726.114285752],[5617121.394285753,4373723.1657143235],[5620658.271428607,4377025.005714323],[5621052.642857179,4381734.302857179],[5624616.037142895,4387543.880000036],[5626711.19428575,4384144.5885714665],[5624086.28285718,4380332.217142895],[5628455.680000037,4376739.7000000365],[5627270.7342857495,4370616.625714324],[5634266.122857183,4368360.425714321],[5637018.24857147,4369696.522857182],[5641409.065714322,4367188.268571466],[5643722.937142894,4369037.571428608],[5651882.4342857525,4368196.771428607],[5653822.360000037,4366401.062857181],[5659380.440000042,4368519.94285718],[5664961.900000036,4374281.094285753],[5668132.851428613,4369104.677142896],[5665265.19428575,4363211.728571467],[5657988.868571468,4360724.0114286095],[5655709.92857147,4356333.908571467],[5649711.111428611,4354556.137142893],[5641901.005714327,4350055.260000039],[5631284.491428614,4355464.597142894],[5622126.445714325,4357659.211428609],[5609766.714285754,4359553.125714324],[5603019.548571467,4358395.962857179],[5597168.38000004,4354921.871428609],[5595460.077142894,4348743.500000037],[5591852.191428609,4351596.614285752],[5585349.8657143265,4351953.237142894],[5568893.994285755,4350980.360000037],[5564477.728571467,4349662.228571467],[5555989.337142892,4345212.814285751],[5554939.597142898,4342136.774285752],[5557514.308571465,4331344.894285753],[5560925.840000041,4323615.531428609],[5566033.997142896,4314536.985714324],[5571104.040000036,4308198.640000038],[5579299.017142899,4303163.000000037],[5587428.940000042,4299610.357142895],[5600580.342857182,4296918.497142896],[5616304.337142892,4298521.1657143235],[5625304.871428609,4298269.6657143235],[5635522.871428609,4303338.660000037],[5638957.9428571835,4301955.83142861],[5656885.717142895,4309389.062857181],[5663497.920000039,4310875.265714321],[5663803.848571464,4316166.6228571795],[5665999.585714325,4319133.10285718],[5670715.9428571835,4319349.1228571795],[5673498.628571466,4323274.857142895],[5680233.771428607,4320471.802857179],[5688977.965714328,4322115.368571468],[5709253.42857147,4392064.254285753]]],[[[5265846.625714324,4438561.19428575],[5263223.071428612,4432001.5457143225],[5266277.805714324,4429103.685714323],[5263777.568571463,4423007.154285751],[5263448.242857181,4414174.65142861],[5259413.60857147,4411275.81142861],[5259716.05428575,4405286.648571465],[5257869.382857181,4401967.562857181],[5257365.517142892,4390204.097142894],[5254292.38000004,4385443.65142861],[5254892.188571468,4382845.957142893],[5259213.448571466,4379475.0885714665],[5261330.5114286095,4374791.557142895],[5259798.114285752,4368446.92285718],[5253355.494285755,4364023.797142893],[5246727.774285756,4362872.760000039],[5239293.837142892,4349795.960000038],[5236469.83142861,4348403.322857179],[5231043.000000037,4349779.222857181],[5224128.70000004,4345028.925714321],[5222535.800000042,4340358.7000000365],[5219558.06000004,4340518.525714323],[5212764.65142861,4334057.205714323],[5210954.954285756,4330269.722857181],[5200316.508571468,4325587.891428608],[5193118.911428608,4319762.248571467],[5192316.6657143235,4315248.280000038],[5197327.854285754,4306436.828571465],[5196647.757142894,4299770.234285753],[5190921.065714322,4298110.211428609],[5185834.177142896,4300106.117142893],[5173449.3114286065,4302444.800000038],[5174784.920000039,4298464.202857181],[5172640.468571469,4290343.957142893],[5169423.600000039,4287603.03428575],[5168948.557142898,4283064.920000039],[5162083.1657143235,4280870.320000038],[5164468.062857181,4275955.917142894],[5160659.940000035,4273204.10285718],[5147221.06000004,4269354.180000037],[5139187.220000036,4261655.440000039],[5134211.14571432,4259197.485714324],[5131318.902857184,4253049.448571466],[5123355.8114286065,4252309.662857179],[5121733.917142898,4247112.228571467],[5116120.37428575,4244965.042857181],[5114754.268571466,4238599.585714322],[5108371.408571467,4231915.78285718],[5105981.991428606,4227478.060000036],[5121410.400000036,4221988.677142896],[5121829.314285755,4213690.980000038],[5130511.505714327,4192787.1000000387],[5136487.897142895,4186189.8114286102],[5140208.111428611,4179867.951428607],[5143100.571428612,4170017.571428608],[5142527.962857179,4160169.828571465],[5140837.042857178,4154547.2657143213],[5144471.15142861,4147961.33142861],[5141824.10857147,4140146.1885714643],[5141990.111428611,4137339.614285752],[5136123.7885714695,4118347.44285718],[5136400.568571463,4111147.0771428943],[5139011.757142894,4098962.717142895],[5149437.5114286095,4094557.997142896],[5156355.237142898,4099194.977142893],[5164126.882857181,4101839.497142896],[5174623.8114286065,4101498.2028571814],[5184595.140000038,4103818.0114286095],[5192541.660000041,4110415.71428575],[5199571.794285752,4113047.7371428944],[5199071.851428613,4118442.8942857496],[5205863.988571465,4112612.371428609],[5205703.534285754,4107245.760000039],[5207188.040000036,4100923.988571465],[5209988.562857181,4099606.494285751],[5235607.751428612,4099913.337142896],[5245174.5114286095,4104770.142857179],[5254452.297142893,4116275.2457143217],[5254181.654285751,4121691.140000038],[5263059.705714323,4135607.8571428955],[5263264.731428608,4140720.960000038],[5265979.271428607,4143690.8971428946],[5274683.722857185,4148379.9628571793],[5279106.071428612,4151933.5085714646],[5283732.974285752,4158336.4400000386],[5284849.33142861,4165647.3428571783],[5287570.571428612,4165808.5400000364],[5297406.051428609,4159910.071428608],[5303703.031428613,4163430.2657143213],[5312063.074285753,4164667.105714321],[5318393.280000038,4168454.994285751],[5326917.731428608,4180703.0914286077],[5330536.562857181,4182783.4228571802],[5334336.940000035,4190698.880000036],[5346200.24857147,4195104.057142895],[5353013.565714322,4196932.774285752],[5359080.091428608,4195494.308571465],[5362999.071428612,4198829.382857181],[5373953.680000037,4202064.880000036],[5380701.034285754,4202738.451428607],[5395110.842857182,4207456.611428607],[5403793.034285754,4211206.637142893],[5410882.371428609,4209637.637142893],[5412114.671428613,4211664.42285718],[5420229.905714326,4212708.080000035],[5430610.680000037,4216164.111428607],[5434227.702857181,4218613.968571465],[5440425.717142895,4219964.405714322],[5450420.562857181,4220710.148571465],[5464017.008571468,4220749.691428609],[5470649.5200000405,4222972.788571466],[5480152.488571465,4228363.385714322],[5484611.742857181,4229334.988571465],[5486003.580000035,4235389.791428607],[5481981.277142897,4249474.951428607],[5479536.42285718,4254066.902857181],[5471857.077142894,4279776.234285753],[5466350.085714325,4301012.168571465],[5459183.868571468,4322751.420000039],[5455846.291428611,4328975.31142861],[5450514.06000004,4334483.565714322],[5439933.820000038,4342659.468571465],[5436744.577142894,4343768.854285751],[5417241.56000004,4344167.702857181],[5412268.600000039,4340615.274285752],[5413624.19428575,4337121.280000038],[5410390.808571465,4331709.9342857525],[5402659.745714322,4326070.7771428935],[5396341.891428612,4327427.528571464],[5401447.685714327,4334709.951428607],[5403564.871428609,4334884.908571467],[5408006.2114286125,4348084.220000036],[5407485.465714321,4349869.022857182],[5400935.131428607,4352541.814285751],[5399556.128571466,4354586.2000000365],[5390863.480000041,4347557.574285753],[5388982.8657143265,4350170.488571465],[5394172.797142893,4355382.254285753],[5393931.568571471,4358653.100000039],[5384270.260000035,4367353.388571467],[5374227.580000035,4383508.500000037],[5369066.78285718,4393387.611428607],[5369005.56000004,4405427.234285753],[5359025.680000037,4414590.771428607],[5353842.317142896,4416152.908571467],[5339412.60285718,4415844.074285753],[5329136.591428608,4418127.848571464],[5320039.468571469,4422695.348571464],[5309652.940000035,4426654.834285751],[5301939.3657143265,4427784.634285752],[5285443.92857147,4434114.87428575],[5265846.625714324,4438561.19428575]]],[[[5614029.620000042,4065584.5514286086],[5609097.188571468,4067143.377142895],[5606663.408571467,4069888.5428571813],[5605355.051428609,4076046.445714321],[5601101.305714324,4082573.8171428926],[5598524.308571465,4078799.140000038],[5593594.7885714695,4086647.3914286084],[5589721.177142896,4086506.9657143243],[5585333.291428611,4081581.062857181],[5581133.022857182,4080602.6971428953],[5579480.977142893,4076459.025714323],[5573541.591428608,4072089.180000037],[5571650.000000037,4066153.1342857517],[5567004.265714325,4073583.908571467],[5568029.3114286065,4080931.345714323],[5556442.240000039,4074330.908571467],[5555813.791428611,4068285.5171428956],[5551737.437142894,4072359.185714323],[5546700.957142897,4073895.0485714674],[5553233.857142895,4079398.037142895],[5562106.280000038,4081543.751428608],[5566869.371428609,4085571.097142894],[5564662.20000004,4087470.0771428943],[5573712.757142894,4091827.7057143226],[5577655.894285753,4097257.1228571795],[5579105.508571468,4101518.911428608],[5577828.628571466,4111300.6571428925],[5572208.908571467,4119811.7028571814],[5565161.731428608,4125728.8971428946],[5560644.000000037,4133501.7828571796],[5555374.417142898,4135528.720000036],[5550982.760000035,4139603.9228571802],[5549673.334285751,4142917.417142894],[5544999.15142861,4148248.0485714674],[5534875.9428571835,4155986.920000039],[5527225.440000042,4156002.6628571786],[5521059.65142861,4151041.260000039],[5515837.5114286095,4144607.597142894],[5508023.834285751,4137922.2428571805],[5508143.122857183,4135508.44285718],[5513028.7885714695,4133045.877142895],[5508271.0114286095,4129349.674285751],[5497119.180000037,4126926.868571464],[5493343.3657143265,4129765.2457143217],[5489447.805714324,4130012.3571428955],[5476625.611428611,4123866.294285752],[5472526.768571466,4127179.148571465],[5471772.257142894,4131919.0514286086],[5476732.240000039,4132588.6257143244],[5483557.525714323,4135939.6000000387],[5483578.731428608,4142705.7657143213],[5489899.945714325,4147204.957142893],[5497160.317142896,4145713.631428607],[5499808.47142861,4147133.957142893],[5499111.562857181,4152047.234285753],[5502215.371428609,4158587.33142861],[5504019.8114286065,4165903.3485714644],[5507201.622857183,4167933.137142893],[5511951.131428607,4180986.097142894],[5512426.702857181,4189352.83142861],[5510591.688571468,4201115.462857179],[5504551.177142896,4209214.725714322],[5497442.20000004,4211806.931428608],[5490400.325714327,4207962.022857182],[5477857.322857179,4207560.17142861],[5471089.7114286125,4204282.440000039],[5459864.771428607,4204011.851428609],[5447116.685714327,4201805.911428608],[5445311.182857178,4202815.03428575],[5433581.540000036,4199719.865714323],[5430402.425714321,4200851.785714325],[5420015.351428613,4196475.951428607],[5407725.5200000405,4196091.657142896],[5402013.908571467,4196727.677142896],[5397563.057142898,4194301.8971428946],[5387125.034285754,4186008.828571465],[5377589.077142894,4181878.380000036],[5371537.302857183,4181422.8228571787],[5364553.460000038,4179079.877142895],[5359951.414285749,4175557.217142895],[5348766.965714321,4170137.380000036],[5345313.420000039,4166352.8514286093],[5342267.88000004,4159390.368571464],[5343331.302857183,4154519.097142894],[5351752.508571468,4150254.2485714667],[5352341.454285756,4143983.645714324],[5349535.1571428925,4138035.614285752],[5330974.125714324,4137334.734285753],[5322320.322857179,4128393.0142857507],[5315770.240000039,4126339.062857181],[5305271.851428613,4118954.0571428947],[5300304.762857184,4113002.4314286076],[5296145.660000041,4104471.880000036],[5293352.3885714635,4094665.528571464],[5295453.185714327,4084394.6285714656],[5299922.8114286065,4090613.074285753],[5311310.728571467,4085253.8171428926],[5313066.345714323,4080511.6171428934],[5312915.025714323,4075289.725714322],[5319135.228571467,4077191.7400000356],[5326171.97142861,4080871.7085714675],[5332477.225714326,4076030.3542857505],[5327970.391428612,4075190.260000039],[5331119.705714323,4069818.6657143235],[5330515.340000041,4064261.682857178],[5328594.38000004,4062482.1228571795],[5320165.6571428925,4068503.4657143243],[5313993.837142892,4067400.037142895],[5308746.131428607,4064042.365714323],[5307563.025714323,4055275.994285751],[5314482.294285752,4050176.0914286077],[5320696.128571466,4048821.4685714655],[5327939.291428611,4044219.217142895],[5330162.408571467,4044085.5885714665],[5333831.460000038,4049195.1171428934],[5330024.92285718,4054984.574285753],[5335552.445714325,4054879.2714286074],[5337319.545714326,4049781.065714322],[5334261.268571466,4043331.8428571783],[5341941.38000004,4041885.905714322],[5348598.548571467,4043207.7028571814],[5355072.285714321,4040159.220000036],[5360469.1571428925,4041790.454285752],[5364979.334285751,4040342.608571466],[5374592.580000035,4040557.494285751],[5378172.19428575,4038065.2057143226],[5398135.60857147,4037642.6685714647],[5400885.1571428925,4029137.951428607],[5390317.997142896,4032299.131428607],[5383971.268571466,4032237.5771428943],[5378872.168571465,4027893.4028571807],[5389137.562857181,4021210.8142857514],[5386951.908571467,4019322.145714324],[5375721.83142861,4022623.137142893],[5370631.968571469,4025736.5485714674],[5348251.537142895,4024349.908571467],[5346761.860000037,4021753.114285752],[5339207.568571471,4023943.757142894],[5332196.168571465,4023661.6628571786],[5320057.237142898,4024652.605714321],[5311297.360000037,4026617.340000037],[5301177.391428612,4024836.5085714646],[5293068.56000004,4021912.2485714667],[5289319.351428613,4021756.6771428958],[5284511.2885714695,4018279.225714322],[5284474.640000038,4003787.4400000386],[5287698.968571469,3993174.794285752],[5295566.19428575,3978912.097142894],[5292572.400000036,3973588.062857181],[5296892.308571465,3965701.7714286074],[5298903.025714323,3967169.5457143225],[5303906.585714325,3965717.4028571807],[5316594.080000035,3959424.0114286095],[5323016.034285754,3955162.6171428934],[5337348.040000036,3953509.882857181],[5340995.494285755,3951195.460000038],[5341218.197142899,3946208.454285752],[5344889.654285751,3942492.148571465],[5349823.680000037,3943224.0771428943],[5358408.077142894,3941335.0800000355],[5358859.911428608,3939472.565714322],[5369244.371428609,3937499.834285751],[5371861.2114286125,3935117.0771428943],[5377538.834285751,3934238.44285718],[5383233.482857183,3931857.140000038],[5389714.605714321,3932695.0114286095],[5390625.571428612,3930539.5428571813],[5399332.460000038,3929591.6571428925],[5403320.714285754,3932118.33142861],[5407128.285714321,3931934.6171428934],[5413378.071428612,3928364.537142895],[5420520.202857181,3930871.8885714673],[5427929.814285755,3925685.7371428944],[5431378.740000039,3918613.3228571787],[5436975.440000035,3920642.2000000365],[5444980.725714326,3913282.0771428943],[5447094.242857181,3907615.131428607],[5450632.1571428925,3904195.76285718],[5460151.931428611,3898798.451428607],[5462400.551428609,3894105.0342857502],[5466392.948571466,3894197.5514286086],[5475018.828571469,3888174.4971428923],[5477125.085714325,3885183.15142861],[5476899.457142897,3873153.6657143235],[5481059.231428608,3869045.8542857505],[5488129.065714322,3867304.605714321],[5492789.085714325,3864448.6771428958],[5490906.762857184,3857177.5400000364],[5484265.531428613,3857641.1285714656],[5478892.420000039,3860614.3228571787],[5473183.537142895,3860777.631428607],[5468660.505714327,3864259.5771428943],[5463063.871428609,3864648.6342857517],[5459426.477142893,3860912.217142895],[5453295.257142894,3863313.037142895],[5451508.908571467,3859917.8857143223],[5444147.92857147,3864750.2114286087],[5443509.437142894,3866888.2428571805],[5436082.914285749,3869822.4971428923],[5429016.305714324,3877254.485714324],[5420815.397142895,3879976.6114286073],[5415513.294285752,3880369.1771428958],[5402906.1571428925,3887155.2000000365],[5399991.78285718,3891545.028571464],[5393729.1657143235,3895037.65142861],[5386991.340000041,3897034.8571428955],[5372620.094285756,3898318.0771428943],[5365417.988571465,3901113.1114286073],[5349950.182857178,3903224.328571465],[5326371.737142898,3907735.840000037],[5324038.5200000405,3907057.905714322],[5314884.265714325,3908760.7457143217],[5294380.882857181,3910111.0028571784],[5281388.754285753,3908397.6714286096],[5277977.148571469,3907271.300000038],[5274280.022857182,3901389.21428575],[5274283.6657143235,3896589.21428575],[5270918.491428606,3880868.8514286093],[5272305.028571464,3872600.5485714637],[5276132.4342857525,3867074.405714322],[5294855.882857181,3860570.905714322],[5288212.70000004,3873119.137142893],[5286244.357142895,3884929.2371428944],[5286367.38000004,3893909.837142896],[5287876.965714321,3898425.8085714653],[5310857.2114286125,3888859.37428575],[5375210.251428612,3863947.294285752],[5398149.405714326,3855576.8942857496],[5434021.114285752,3843265.55428575],[5428799.322857179,3827210.485714324],[5439468.397142895,3823627.9400000386],[5445069.074285753,3839419.257142894],[5463133.445714325,3833356.1285714656],[5539032.120000042,3809553.9657143243],[5602824.322857179,4027178.8628571816],[5614029.620000042,4065584.5514286086]]],[[[5046048.708571468,3948575.9342857525],[5044161.894285753,3944442.8257143237],[5039760.540000036,3943081.9028571807],[5031359.640000038,3943575.1771428958],[5028723.445714325,3942701.9314286076],[5024270.042857181,3945078.10285718],[5024160.745714325,3952507.494285751],[5020622.448571466,3952956.2714286074],[5014291.794285752,3950810.4000000358],[5007725.505714323,3954897.6885714643],[5004285.911428608,3960522.8885714673],[5004548.06000004,3964735.0885714665],[5009658.754285753,3965464.3171428926],[5011452.211428609,3969694.137142893],[5022310.228571467,3973764.408571467],[5028509.242857181,3980130.880000036],[5035967.06000004,3981588.417142894],[5036235.148571465,3986355.994285751],[5032721.951428611,3988916.1000000387],[5028492.271428611,3987788.0057143234],[5023356.4771428965,3992244.302857179],[5022875.034285754,3994663.94285718],[5031103.634285752,4003875.9342857525],[5034998.202857181,4010635.3628571816],[5038492.72000004,4020977.83142861],[5042608.328571465,4018614.302857179],[5046495.608571466,4025733.525714323],[5044761.294285752,4032796.49142861],[5047338.925714325,4037599.3942857496],[5045524.420000039,4039563.1200000383],[5039775.128571466,4038378.7885714658],[5035773.037142895,4035997.9714286067],[5039089.6657143235,4032598.528571464],[5037455.862857182,4029149.800000038],[5027399.242857181,4031557.9200000353],[5025815.697142895,4035748.982857179],[5015943.891428608,4034940.108571466],[5013238.800000038,4029379.562857181],[5016726.348571468,4028370.605714321],[5020919.808571465,4030307.4657143243],[5024929.5542857535,4029228.7057143226],[5027203.600000039,4026310.1885714643],[5025824.551428609,4023256.3914286084],[5018457.540000036,4020411.708571464],[5010266.794285752,4012211.0857143216],[5003245.985714324,4010885.191428609],[5011118.254285753,4001354.985714324],[5008285.260000039,3996165.1885714643],[5004596.617142893,3995024.44285718],[5008190.211428609,4003721.0428571813],[5006255.034285754,4006364.5400000364],[4998929.354285751,4005617.3600000367],[4991460.437142894,4006331.0085714646],[4986220.08285718,3998878.0085714646],[4990902.214285754,3996105.0828571804],[4986208.188571468,3990290.1771428958],[4989664.5457143225,3984160.5400000364],[4977529.020000037,3992734.5142857507],[4974196.402857181,3991707.377142895],[4970035.1657143235,3987093.680000037],[4977974.72000004,3986137.571428608],[4985835.677142896,3981150.4257143214],[4985166.99142861,3977599.0457143225],[4981765.1657143235,3974051.254285753],[4976516.897142895,3977810.251428608],[4973824.1228571795,3974713.0885714665],[4969141.548571467,3973598.3114286102],[4965762.537142895,3978880.114285752],[4965336.5885714665,3985004.5085714646],[4961414.662857182,3985833.642857179],[4958186.182857182,3990290.020000037],[4954026.531428609,4008270.6600000374],[4952510.205714323,4035392.2342857495],[4952999.014285751,4040311.131428607],[4960716.380000036,4066386.7485714667],[4964968.817142896,4084588.4285714664],[4965830.774285752,4093136.3542857505],[4966173.31142861,4108227.791428607],[4965092.365714323,4116825.451428607],[4962730.682857182,4126901.9657143243],[4958953.877142895,4139264.9457143247],[4949991.465714324,4135618.8428571783],[4942345.520000037,4127157.0771428943],[4942650.537142895,4121707.4457143247],[4940829.865714323,4114752.6600000374],[4946390.194285754,4106478.8257143237],[4953406.965714324,4100411.951428607],[4947281.094285753,4099225.1571428925],[4934018.551428609,4104110.15142861],[4931653.868571468,4100438.137142893],[4933687.740000039,4094110.3085714653],[4930360.965714324,4093950.754285753],[4927745.388571467,4104890.994285751],[4922771.182857182,4105638.845714323],[4917472.760000039,4101394.597142894],[4915801.022857182,4091612.0485714674],[4912685.9000000395,4088193.294285752],[4908792.648571465,4089076.0771428943],[4899211.748571467,4087872.3885714673],[4894708.062857181,4084456.0142857507],[4888828.542857181,4083189.0000000373],[4885609.528571468,4080871.6942857504],[4880050.522857182,4082369.2457143217],[4871573.057142895,4082304.614285752],[4878029.10285718,4092259.7857143246],[4879540.737142894,4097170.3085714653],[4874553.928571466,4100079.3885714673],[4865051.668571465,4102988.8228571787],[4859108.514285751,4101954.220000036],[4848711.334285751,4104196.914285753],[4843074.871428609,4103554.682857178],[4833911.99142861,4107316.4400000386],[4826508.0114286095,4103132.954285752],[4823044.868571468,4099356.8971428946],[4814523.271428607,4096122.6000000387],[4813887.834285751,4093875.1600000374],[4807583.6314286105,4089253.982857179],[4797487.56000004,4089013.837142896],[4794899.214285754,4094716.2114286087],[4799245.42285718,4097456.520000037],[4799354.9771428965,4109000.1257143244],[4792718.857142895,4111598.05428575],[4787708.002857182,4110181.0771428943],[4784879.3228571825,4106540.948571466],[4780618.837142896,4111997.3571428955],[4775472.92285718,4110907.4285714664],[4769314.528571468,4117407.562857181],[4767685.031428609,4112665.05428575],[4771788.577142894,4110767.685714323],[4766520.480000038,4106935.44285718],[4760847.957142893,4105297.7800000384],[4751669.654285751,4104177.377142895],[4741698.717142895,4105947.5085714646],[4740458.917142894,4109678.0857143216],[4736114.062857181,4104061.220000036],[4732788.057142895,4102782.44285718],[4728589.711428609,4107285.640000038],[4722281.49142861,4105629.257142894],[4718698.788571466,4108322.9457143247],[4714522.560000036,4108238.4800000377],[4710375.260000039,4101409.4200000353],[4710508.111428611,4095798.074285753],[4706159.69428575,4094495.6114286073],[4707377.411428608,4088143.948571466],[4706573.502857182,4084286.8514286093],[4713552.677142896,4087387.951428607],[4716053.291428611,4086973.3171428926],[4716484.145714324,4079750.337142896],[4710180.345714323,4077269.734285753],[4705263.837142896,4083574.4800000377],[4696878.440000039,4089053.037142895],[4690578.702857181,4094290.597142894],[4691475.514285751,4098184.1571428925],[4685755.914285753,4102476.0114286095],[4684188.368571468,4094664.720000036],[4680551.785714325,4092488.15142861],[4678920.0885714665,4101206.0800000355],[4679995.357142895,4103337.7114286087],[4686344.362857182,4105943.2428571805],[4687288.725714322,4102799.9257143214],[4693420.757142894,4104030.4657143243],[4703422.345714323,4114518.6971428953],[4707163.520000037,4113881.7028571814],[4712638.574285753,4107797.717142895],[4717422.551428609,4113812.44285718],[4731358.668571465,4123367.6771428958],[4738176.405714322,4121299.574285753],[4740896.9000000395,4116368.631428607],[4761071.294285752,4118885.2657143213],[4760318.328571465,4122052.185714323],[4769646.751428608,4128898.148571465],[4775522.06000004,4126464.8857143223],[4781462.662857182,4127366.454285752],[4787128.0114286095,4122603.7085714675],[4792967.125714324,4121365.674285751],[4795591.705714323,4118205.60285718],[4801153.431428608,4119179.9228571802],[4805086.245714322,4117271.94285718],[4806036.834285751,4108852.9228571802],[4811240.134285752,4108710.528571464],[4812814.520000037,4110933.7057143226],[4819482.0457143225,4114862.145714324],[4825518.722857181,4113264.954285752],[4831867.114285752,4118904.1971428953],[4834402.437142894,4117122.182857182],[4842356.034285754,4119517.4457143247],[4853292.865714323,4117741.7485714667],[4859856.814285751,4118960.0085714646],[4877813.2000000365,4118220.9028571807],[4884011.228571467,4120343.2800000384],[4887079.605714325,4123626.1685714647],[4886034.2771428935,4135423.954285752],[4887726.1314286105,4140415.7000000365],[4884255.534285754,4143047.800000038],[4882703.0457143225,4138994.3228571787],[4878207.594285753,4135440.377142895],[4875499.551428609,4136338.8114286102],[4871441.097142894,4131210.4400000386],[4864421.140000038,4135405.2000000365],[4861616.594285753,4135179.0228571817],[4858127.0114286095,4145995.9800000377],[4853243.911428608,4147779.5914286077],[4851571.660000037,4151714.71428575],[4845945.680000037,4149498.05428575],[4844716.828571465,4152841.6200000383],[4840620.771428611,4153591.228571467],[4837549.005714323,4150523.768571466],[4832351.445714325,4150622.6342857517],[4823758.288571466,4141690.1257143244],[4819975.071428608,4143972.185714323],[4821144.94285718,4147799.225714322],[4816977.177142896,4153633.531428609],[4813380.08285718,4149455.5857143216],[4805164.514285751,4151575.7028571814],[4793151.682857182,4147468.251428608],[4788080.240000039,4149086.94285718],[4785630.337142896,4145595.3485714644],[4777840.468571465,4147597.3571428955],[4774004.148571465,4156641.234285753],[4769526.951428611,4160281.1171428934],[4766664.4000000395,4155304.037142895],[4771944.882857181,4150675.4000000358],[4764716.274285752,4148932.2314286083],[4760380.234285753,4155760.0342857502],[4758147.202857181,4155205.3114286102],[4753300.028571468,4160763.7371428944],[4745916.042857181,4156051.6200000383],[4738023.748571467,4144583.337142896],[4730325.037142895,4143905.6114286073],[4722164.382857181,4148276.760000039],[4718088.365714323,4153230.4800000377],[4713257.114285752,4154217.5771428943],[4707339.882857181,4151231.3228571787],[4701281.314285751,4156277.060000036],[4705965.851428609,4162840.068571467],[4715939.99142861,4167288.328571465],[4711322.771428607,4172193.380000036],[4713165.7000000365,4177545.37428575],[4708230.385714322,4178736.845714323],[4709499.914285753,4186311.5228571817],[4712493.580000039,4187226.21428575],[4714157.557142895,4192241.368571464],[4709347.717142895,4200547.28285718],[4706024.585714322,4194067.0514286086],[4697245.03428575,4187143.9742857516],[4695607.840000037,4180823.9257143214],[4692037.517142896,4179361.9628571793],[4688580.440000039,4181862.228571467],[4687337.0885714665,4187531.328571465],[4684572.408571467,4191383.145714324],[4677389.03428575,4195532.900000036],[4666273.242857181,4197862.08285718],[4661086.785714325,4187806.268571466],[4657075.9000000395,4183784.8914286084],[4655516.580000039,4192264.9628571793],[4647472.251428608,4196314.99142861],[4646197.274285752,4199921.145714324],[4641248.360000037,4200491.53428575],[4638591.788571466,4198250.625714324],[4630114.994285751,4196371.768571466],[4626605.305714324,4190737.751428608],[4625118.5542857535,4183367.0142857507],[4627444.220000036,4175524.982857179],[4623971.53428575,4170745.5828571804],[4620471.42285718,4171090.957142893],[4620024.274285752,4162000.9457143247],[4618769.414285753,4156023.485714324],[4617566.528571468,4141535.145714324],[4617968.937142894,4136212.87428575],[4613483.2771428935,4134299.4371428937],[4612010.457142893,4138543.108571466],[4611775.674285751,4149255.6628571786],[4608102.028571468,4153171.305714324],[4609088.254285753,4157599.114285752],[4606386.300000038,4164307.300000038],[4603684.560000036,4167425.1285714656],[4603858.465714324,4172191.3485714644],[4601327.988571465,4173035.9800000377],[4594740.268571466,4182051.5057143234],[4594497.048571467,4181762.525714323],[4594080.308571465,4181267.382857181],[4593409.08285718,4180469.87428575],[4593367.745714322,4180420.760000039],[4553858.271428607,4133425.568571467],[4519778.074285753,4092617.2428571805],[4508659.022857182,4078832.445714321],[4512609.508571465,4073349.828571465],[4510406.44285718,4064939.3114286102],[4506455.708571468,4061430.305714324],[4503860.091428608,4055739.9200000353],[4498843.337142896,4052559.2857143246],[4498753.168571465,4047124.025714323],[4495906.220000036,4040228.494285751],[4489545.074285753,4035937.8171428926],[4482226.745714322,4033578.6000000387],[4481641.251428608,4030024.7885714658],[4477733.420000039,4028043.640000038],[4472523.600000039,4017342.408571467],[4493787.017142896,3999745.9228571802],[4524679.020000037,3974825.0142857507],[4549499.937142894,3955338.0771428943],[4547838.911428608,3954388.9200000353],[4542389.440000039,3958928.2428571805],[4537000.500000037,3959166.9028571807],[4537753.457142893,3952053.2428571805],[4539401.180000037,3950199.55428575],[4538661.328571465,3936492.9285714664],[4530547.357142895,3932070.4971428923],[4530970.188571464,3925742.3600000367],[4527477.648571465,3924406.477142893],[4528433.688571464,3920322.674285751],[4527056.728571467,3915668.3514286093],[4527886.17142861,3910493.65142861],[4522948.920000039,3911283.7428571805],[4521218.522857182,3909282.2485714667],[4519626.994285751,3901298.26285718],[4515648.202857181,3904955.191428609],[4509576.231428608,3899507.380000036],[4504017.877142895,3897113.417142894],[4504278.691428609,3893922.2828571796],[4509988.611428607,3889953.460000038],[4509753.134285752,3884455.0514286086],[4504176.42285718,3876869.1342857517],[4497217.160000037,3875650.3971428946],[4492730.222857181,3872195.6714286096],[4494968.048571467,3868468.37428575],[4486490.957142893,3861779.21428575],[4487134.022857182,3858032.6628571786],[4490768.737142894,3857753.068571467],[4493977.074285753,3853188.7057143226],[4502504.674285751,3854432.8942857496],[4509725.177142896,3853712.94285718],[4516302.614285752,3847317.2400000356],[4515386.945714325,3845450.954285752],[4506153.371428609,3841208.1200000383],[4507851.902857181,3835217.83142861],[4511458.657142896,3834714.562857181],[4516050.982857179,3838048.71428575],[4525319.505714323,3839935.9685714655],[4529366.6228571795,3836811.5114286095],[4528213.297142893,3831869.6971428953],[4533441.697142895,3830289.994285751],[4532064.7000000365,3826368.6942857504],[4522663.368571468,3827088.648571465],[4517162.365714323,3824551.337142892],[4516610.168571465,3821384.9400000386],[4519259.317142896,3813842.905714322],[4519720.648571465,3806922.9657143243],[4516120.882857181,3791118.94285718],[4505440.411428608,3785303.3971428946],[4502979.988571465,3781361.1285714656],[4495766.474285752,3779250.1971428953],[4486602.797142893,3779061.4714286067],[4481254.894285753,3774090.142857179],[4477585.908571467,3776027.880000036],[4471001.480000038,3774098.685714323],[4467226.968571465,3770939.2771428935],[4468715.805714324,3764124.185714323],[4476201.920000039,3762956.882857181],[4469589.53428575,3756610.1114286073],[4475282.757142894,3748463.454285752],[4467506.562857181,3743951.5142857507],[4463291.691428609,3744119.2714286074],[4460404.888571467,3738073.060000036],[4451489.351428609,3735679.0400000364],[4448847.191428609,3728975.785714321],[4453063.81142861,3728327.4800000377],[4456682.800000038,3724904.2057143226],[4459323.211428609,3717545.6542857513],[4460244.1228571795,3711620.020000037],[4463005.5457143225,3708616.571428608],[4459971.885714322,3696634.494285751],[4459739.0542857535,3689782.562857181],[4465127.468571465,3683679.020000037],[4463181.65142861,3680302.945714321],[4453702.03428575,3679055.6285714656],[4449677.357142895,3676178.482857179],[4456313.0885714665,3670823.33142861],[4456828.645714324,3667314.2114286087],[4461136.048571467,3668162.3885714635],[4465792.702857181,3665950.477142893],[4471231.008571465,3667879.6628571786],[4475155.902857181,3666549.191428609],[4478099.574285753,3658749.297142893],[4478465.454285752,3652861.954285752],[4476519.637142893,3646741.7828571796],[4472727.791428611,3645211.7400000356],[4474839.914285753,3640787.9200000353],[4472278.757142894,3634002.5085714646],[4474690.237142894,3630476.757142894],[4467322.745714322,3627915.600000035],[4468154.291428611,3623192.4228571802],[4465543.240000036,3618402.722857181],[4468453.648571465,3617488.022857178],[4465759.440000039,3610902.182857178],[4467289.482857179,3605879.6514286064],[4469634.440000039,3604416.131428607],[4473476.180000037,3594304.5400000364],[4472744.420000039,3584575.4628571793],[4483363.251428608,3583577.608571466],[4479820.871428609,3577864.8942857496],[4478498.71428575,3572858.991428606],[4471754.880000036,3572721.785714321],[4467472.42285718,3575149.8971428946],[4465210.620000038,3573703.0085714646],[4465185.674285751,3567665.991428606],[4474286.937142894,3567137.960000038],[4470353.728571467,3559292.33142861],[4475182.925714321,3556221.8514286093],[4472584.348571464,3552232.5142857507],[4474305.645714324,3549371.9971428923],[4472301.6228571795,3536765.7714286074],[4469424.474285752,3540225.0000000373],[4465632.628571466,3537597.3171428926],[4464252.26285718,3531926.180000037],[4452727.0457143225,3531560.300000038],[4447554.834285751,3530213.1971428953],[4450365.457142893,3524309.225714322],[4449134.771428607,3520234.6542857513],[4451828.977142893,3517507.185714323],[4450373.774285752,3506938.2457143217],[4450706.391428608,3501075.8514286093],[4456643.625714324,3498697.631428607],[4455778.817142896,3495255.0342857502],[4445251.454285752,3487272.2000000365],[4439447.268571466,3485276.491428606],[4437135.571428608,3481268.445714321],[4438865.185714323,3476944.408571467],[4434873.768571466,3462292.5828571804],[4433909.177142896,3449495.10285718],[4435680.368571468,3447445.3428571783],[4435474.560000036,3441510.1885714643],[4438917.157142896,3436604.071428608],[4436954.711428609,3430184.5428571776],[4434692.908571467,3431182.3971428946],[4429620.482857179,3429186.6885714643],[4431316.834285751,3423099.7771428935],[4426510.502857178,3421935.614285752],[4421754.062857181,3416015.0114286095],[4422984.751428608,3408181.8571428917],[4417588.020000037,3403392.1571428925],[4418186.734285753,3397804.171428606],[4427139.125714324,3394426.8914286084],[4426755.351428609,3391624.768571466],[4430545.15142861,3388094.5828571804],[4428679.202857181,3384257.834285751],[4431711.525714323,3381599.0400000364],[4438215.611428607,3385863.8514286093],[4443704.465714324,3383211.6600000374],[4446325.388571467,3368445.6285714656],[4443808.5114286095,3364751.8171428926],[4446014.597142894,3358636.0000000373],[4444463.560000036,3346885.0828571804],[4449182.92285718,3342025.948571466],[4448817.94285718,3338158.7457143217],[4442504.94285718,3334125.2828571796],[4446120.302857179,3323976.802857179],[4446866.5114286095,3314100.494285751],[4450477.445714325,3310335.9200000353],[4449574.768571466,3304471.05428575],[4453583.865714323,3295939.760000035],[4464591.014285751,3290985.9714286067],[4464390.31142861,3286140.100000035],[4468124.594285753,3283446.5428571776],[4463538.457142893,3274828.8542857505],[4465867.31142861,3272521.9371428937],[4463476.985714324,3269059.6942857504],[4459423.337142896,3258816.44285718],[4457933.560000036,3252846.671428606],[4453930.560000036,3251467.708571464],[4447203.540000036,3246584.5057143234],[4446519.988571465,3242472.98571432],[4451009.531428609,3242135.982857179],[4453594.125714324,3239393.757142894],[4451227.737142894,3236549.4685714655],[4449340.4342857525,3228121.957142893],[4445747.977142893,3222544.142857179],[4444952.914285753,3218102.828571465],[4440860.548571467,3213437.8542857505],[4441394.680000037,3211027.1685714647],[4447410.477142893,3208679.3000000343],[4447682.548571467,3203667.8142857514],[4458485.600000039,3205891.21428575],[4461045.0457143225,3199970.3085714653],[4465368.334285751,3196518.6942857504],[4470555.248571467,3196360.4714286067],[4472881.388571467,3201551.405714322],[4480497.865714323,3199133.3057143204],[4477696.274285752,3193733.21428575],[4481443.6228571795,3190747.21428575],[4486811.940000039,3195029.560000036],[4492636.702857181,3195690.9342857487],[4495735.9342857525,3184043.368571464],[4502436.760000039,3181273.760000035],[4507189.514285751,3172742.302857179],[4512370.548571467,3169980.605714321],[4521163.997142896,3172916.76285718],[4525476.022857182,3170480.834285751],[4530324.362857182,3169738.297142893],[4536165.377142895,3164879.571428608],[4538969.842857182,3171036.365714323],[4545377.482857179,3174702.108571466],[4549792.748571467,3168306.791428607],[4554722.937142894,3166987.9657143205],[4549472.7000000365,3153041.571428608],[4549634.03428575,3148254.4971428923],[4545743.400000036,3145938.2800000347],[4538614.900000036,3144924.671428606],[4537453.920000039,3139806.2657143213],[4539549.94285718,3130101.8485714644],[4539175.268571466,3123619.945714321],[4536189.28285718,3117793.5428571776],[4544453.78285718,3111617.2885714658],[4539390.497142896,3104358.528571464],[4535299.240000039,3086988.631428607],[4536689.022857182,3079056.0571428947],[4536037.60285718,3074595.0371428914],[4540349.71428575,3058723.065714322],[4578006.882857181,3038357.8057143204],[4601991.5885714665,3025701.7228571773],[4638153.334285751,3007072.0828571804],[4674532.225714322,2988870.1257143207],[4723366.460000038,2965270.491428606],[4747921.2000000365,2953759.3085714653],[4784921.074285753,2936855.334285751],[4822117.69428575,2920388.8000000343],[4872010.288571466,2899117.837142892],[4922231.1228571795,2878633.868571464],[4947460.751428608,2868688.597142894],[4998150.640000038,2849394.55428575],[5036363.688571468,2835448.3000000343],[5087565.1657143235,2817556.017142892],[5113269.805714324,2808912.291428607],[5164878.954285756,2792232.337142892],[5190780.271428607,2784197.140000034],[5229748.674285755,2772526.7228571773],[5255802.8885714635,2765002.062857177],[5294993.10285718,2754099.6628571786],[5334309.142857179,2743660.1142857485],[5373745.542857185,2733684.868571464],[5413296.822857179,2724175.3142857514],[5466201.048571467,2712222.588571463],[5492721.997142896,2706558.494285751],[5545893.362857178,2695856.597142894],[5585878.708571464,2688379.4742857516],[5612583.385714322,2683656.880000036],[5652707.940000042,2676966.948571466],[5724572.820000038,3124234.334285751],[5597438.674285755,3178044.6514286064],[5522794.477142893,3208621.5885714665],[5425309.940000035,3248946.791428607],[5419842.154285751,3261583.448571466],[5406281.345714323,3284257.862857178],[5372146.182857178,3344518.3514286093],[5284583.062857181,3372672.5400000364],[5158563.774285756,3590409.9371428937],[5157881.220000036,3591753.3971428946],[5110217.574285753,3644171.0457143225],[5091573.002857182,3677890.345714323],[5060195.460000038,3736915.600000035],[5083861.222857181,3781944.0942857526],[5101044.348571464,3818715.4228571802],[5142024.468571469,3913520.4800000377],[5142222.097142898,3917539.55428575],[5138972.105714321,3925986.83142861],[5133796.4428571835,3931401.26285718],[5130939.897142895,3936720.368571464],[5128820.351428613,3944234.8542857505],[5124046.951428607,3946050.114285752],[5118997.980000041,3952897.0400000364],[5113397.4428571835,3957309.1685714647],[5107549.814285755,3959938.302857179],[5099863.042857178,3965412.454285752],[5095881.680000037,3965178.220000036],[5087372.608571466,3971478.8600000367],[5083280.637142897,3970097.680000037],[5079401.962857179,3974992.605714321],[5075718.722857181,3976053.2657143213],[5070766.620000038,3973675.225714322],[5070836.711428609,3971339.9400000386],[5067268.462857179,3963827.5400000364],[5061460.882857181,3958780.3857143223],[5059734.4000000395,3953106.5171428956],[5053144.237142894,3947437.15142861],[5047889.708571468,3949789.751428608],[5046048.708571468,3948575.9342857525]]]]},"properties":{"PRUID":"61","DGUID":"2021A000261","PRNAME":"Northwest Territories / Territoires du Nord-Ouest","PRENAME":"Northwest Territories","PRFNAME":"Territoires du Nord-Ouest","PREABBR":"N.W.T.","PRFABBR":"T.N.-O.","LANDAREA":1127711.9175}},
{"type":"Feature","geometry":{"type":"MultiPolygon","coordinates":[[[[6804204.237142898,2126532.2685714625],[6800681.182857186,2135208.2685714625],[6802096.460000038,2129046.1085714623],[6804204.237142898,2126532.2685714625]]],[[[5506567.208571464,3582439.1200000383],[5510418.931428611,3574438.7485714667],[5512414.900000036,3576785.3085714653],[5506567.208571464,3582439.1200000383]]],[[[7156896.000000037,3179563.600000035],[7152799.162857182,3176418.520000037],[7157562.24857147,3174292.4000000358],[7156896.000000037,3179563.600000035]]],[[[6901136.617142901,2430356.7285714634],[6900572.702857181,2428808.6228571795],[6900983.705714323,2427559.865714323],[6899584.214285754,2427259.4200000353],[6899006.305714324,2424797.8857143223],[6902719.128571466,2423281.2228571773],[6901932.15142861,2425799.025714319],[6901987.580000043,2426740.440000035],[6901136.617142901,2430356.7285714634]]],[[[7078239.680000037,1901803.705714319],[7072318.360000044,1899384.3542857505],[7075114.845714323,1895771.2628571764],[7078239.680000037,1901803.705714319]]],[[[7482580.562857181,3263567.285714321],[7484010.411428615,3258289.4800000377],[7487157.731428616,3260513.1971428916],[7482580.562857181,3263567.285714321]]],[[[7109613.205714323,2327205.8885714635],[7110547.734285757,2318907.797142893],[7113645.202857181,2322577.7342857495],[7109613.205714323,2327205.8885714635]]],[[[5953719.411428608,3501770.7800000347],[5952260.197142899,3496095.751428608],[5956982.794285752,3497250.605714321],[5953719.411428608,3501770.7800000347]]],[[[6094817.562857181,4368700.560000036],[6095877.60285718,4374056.857142895],[6092154.388571471,4373575.614285752],[6094817.562857181,4368700.560000036]]],[[[6215022.071428612,3690913.2742857523],[6209825.120000042,3690189.305714324],[6213039.388571471,3685911.837142892],[6215022.071428612,3690913.2742857523]]],[[[7348674.348571472,3403027.222857181],[7344841.317142896,3399404.565714322],[7350724.100000039,3397630.7428571805],[7348674.348571472,3403027.222857181]]],[[[7078239.945714325,3214236.8142857514],[7075785.394285753,3206954.8428571783],[7079400.537142895,3207234.1657143235],[7078239.945714325,3214236.8142857514]]],[[[7343228.040000044,3202836.5571428947],[7344112.177142896,3199263.685714323],[7349269.262857184,3196498.3885714635],[7350401.057142898,3199004.691428609],[7343228.040000044,3202836.5571428947]]],[[[5659108.33142861,4010310.797142893],[5656115.377142899,4010080.8971428946],[5656517.891428612,4002892.3628571816],[5659721.8114286065,4005228.4285714664],[5659108.33142861,4010310.797142893]]],[[[6030873.305714324,3487500.2885714658],[6024544.28285718,3483675.300000038],[6028411.648571469,3482104.9628571793],[6031922.868571468,3484459.914285749],[6030873.305714324,3487500.2885714658]]],[[[5544800.1571428925,3507412.448571466],[5543687.851428613,3506905.60285718],[5544250.128571466,3496398.1685714647],[5546508.480000041,3497446.2342857495],[5546973.171428613,3503642.871428609],[5544800.1571428925,3507412.448571466]]],[[[7498358.517142899,3317156.365714323],[7495126.568571471,3312688.094285749],[7498236.522857182,3309909.5800000355],[7500665.60857147,3313608.4600000344],[7498358.517142899,3317156.365714323]]],[[[6731125.97142861,3585003.028571464],[6729122.191428609,3583980.460000038],[6728001.145714328,3577305.5571428947],[6733027.874285758,3580526.945714321],[6731125.97142861,3585003.028571464]]],[[[7102673.400000043,2385502.331428606],[7104522.448571466,2378898.2657143213],[7104656.897142895,2371714.9314286076],[7106822.757142894,2371760.334285751],[7102673.400000043,2385502.331428606]]],[[[7407046.0657143295,3387591.180000037],[7403206.0885714665,3384396.3885714635],[7407143.760000043,3381977.560000036],[7410854.074285753,3385060.5914286077],[7407046.0657143295,3387591.180000037]]],[[[7095733.528571472,2265107.0057143196],[7089963.65142861,2255767.8000000343],[7092075.042857185,2255297.260000035],[7095733.528571472,2265107.0057143196]]],[[[5872482.228571467,3775205.725714322],[5871045.991428614,3770809.1228571795],[5875003.731428608,3769833.0514286086],[5876556.862857185,3774102.7485714667],[5872482.228571467,3775205.725714322]]],[[[6231932.685714327,3674242.3485714644],[6227423.554285757,3670106.362857178],[6231198.33142861,3668181.1542857513],[6231932.685714327,3674242.3485714644]]],[[[6951114.0114286095,3200859.4628571793],[6956511.605714329,3196433.3114286065],[6958228.277142897,3199633.6571428925],[6951114.0114286095,3200859.4628571793]]],[[[6276390.771428607,3607797.5514286086],[6273464.168571465,3607166.9000000358],[6271484.848571464,3603431.837142892],[6276692.734285757,3601006.44285718],[6276390.771428607,3607797.5514286086]]],[[[7105214.0200000405,3177242.6885714643],[7104316.028571472,3173040.8057143204],[7107111.731428608,3169960.408571463],[7109293.814285755,3174396.337142892],[7105214.0200000405,3177242.6885714643]]],[[[7173602.702857181,3734875.5857143216],[7172314.042857185,3729959.0800000355],[7175768.740000039,3729299.1685714647],[7179410.094285756,3733237.640000038],[7173602.702857181,3734875.5857143216]]],[[[6205250.862857185,3702258.182857178],[6200882.7885714695,3699074.414285749],[6201633.894285753,3695646.2742857523],[6208994.774285756,3699767.8085714653],[6205250.862857185,3702258.182857178]]],[[[6039349.42857147,4079801.4285714664],[6034530.271428607,4076972.302857179],[6037251.328571469,4074388.180000037],[6042080.891428612,4074179.1114286073],[6039349.42857147,4079801.4285714664]]],[[[6397333.757142894,5185758.357142895],[6392691.900000043,5184047.857142895],[6396515.877142899,5179383.900000036],[6397333.757142894,5185758.357142895]]],[[[7375661.308571473,3663401.2000000365],[7376054.708571471,3659256.800000038],[7379303.368571468,3656509.4971428923],[7382417.654285759,3658408.454285752],[7375661.308571473,3663401.2000000365]]],[[[6842842.808571465,3081735.3971428946],[6840131.694285758,3078225.637142893],[6840357.194285758,3073234.48571432],[6844977.002857186,3075127.294285752],[6842842.808571465,3081735.3971428946]]],[[[6689074.077142894,3131161.171428606],[6686794.305714324,3130897.108571466],[6684977.648571469,3125201.6600000374],[6688500.5114286095,3125254.2457143217],[6691404.100000039,3128606.337142892],[6689074.077142894,3131161.171428606]]],[[[7451324.5657143295,3494711.7828571796],[7447472.494285755,3492611.917142894],[7452104.237142898,3487842.05428575],[7454853.0885714665,3491731.417142894],[7451324.5657143295,3494711.7828571796]]],[[[7451473.414285757,3355290.3257143237],[7448726.277142897,3353304.1885714643],[7454582.494285755,3349325.991428606],[7456126.891428612,3352870.2428571805],[7451473.414285757,3355290.3257143237]]],[[[6253816.697142899,3012859.417142894],[6255211.262857184,3007048.7028571777],[6259981.562857181,3006104.6571428925],[6258617.637142897,3011663.562857177],[6253816.697142899,3012859.417142894]]],[[[7297335.980000041,3430887.9971428923],[7294517.082857184,3427832.097142894],[7295940.8371429,3421334.105714321],[7299130.897142895,3421703.4685714655],[7297335.980000041,3430887.9971428923]]],[[[5873219.905714326,3560098.457142893],[5868418.845714323,3555950.837142892],[5868679.214285754,3552235.5114286095],[5872782.5114286095,3551267.2771428935],[5873219.905714326,3560098.457142893]]],[[[6587321.685714327,3695563.297142893],[6584104.214285754,3692322.797142893],[6592149.074285753,3689156.8171428926],[6587321.685714327,3695563.297142893]]],[[[7452236.457142897,3530997.8971428946],[7452566.397142895,3525688.21428575],[7458242.974285752,3525519.485714324],[7452236.457142897,3530997.8971428946]]],[[[7438283.037142895,3342610.457142893],[7432142.554285757,3341898.957142893],[7435287.940000042,3337645.9200000353],[7438283.037142895,3342610.457142893]]],[[[6560109.6657143235,3692923.05428575],[6557101.940000042,3688311.562857181],[6563817.3657143265,3689007.7314286083],[6564548.660000041,3692366.794285752],[6560109.6657143235,3692923.05428575]]],[[[7030987.742857181,3241858.0885714665],[7034074.082857184,3231188.171428606],[7037514.562857181,3235946.531428609],[7034638.017142899,3240230.37428575],[7030987.742857181,3241858.0885714665]]],[[[7145589.371428609,3183078.6228571795],[7145954.334285758,3177606.0085714646],[7150246.131428614,3175302.8828571774],[7149703.677142896,3181582.2114286087],[7145589.371428609,3183078.6228571795]]],[[[5532776.028571464,3538005.648571465],[5531404.10857147,3530242.7828571796],[5527651.702857181,3526651.2057143226],[5531755.540000036,3524698.760000035],[5532776.028571464,3538005.648571465]]],[[[6075531.551428609,4049689.2428571805],[6073706.017142899,4035304.685714323],[6077951.045714326,4037982.8971428946],[6076174.897142895,4041374.4657143243],[6075531.551428609,4049689.2428571805]]],[[[6201554.734285757,5007828.982857183],[6199364.402857184,5005845.431428611],[6201223.311428614,5001147.188571468],[6204278.47142861,5000465.92285718],[6206346.542857185,5005330.991428606],[6201554.734285757,5007828.982857183]]],[[[5992579.022857182,3721046.2771428935],[5990898.980000041,3717025.1200000383],[5994263.091428608,3713350.0114286095],[5997319.114285752,3717803.9342857525],[5992579.022857182,3721046.2771428935]]],[[[6920495.174285755,3957949.6171428934],[6915818.74857147,3954177.3114286102],[6919894.4771429,3952710.834285751],[6920495.174285755,3957949.6171428934]]],[[[5913591.065714322,3524441.260000035],[5909649.017142899,3520963.1514286064],[5909824.454285756,3517515.334285751],[5913811.734285757,3514985.9285714664],[5913591.065714322,3524441.260000035]]],[[[5462740.820000038,3671261.945714321],[5462833.028571464,3667283.5742857493],[5469233.745714322,3664114.5485714637],[5470852.154285751,3667514.988571465],[5468199.877142899,3669930.5142857507],[5462740.820000038,3671261.945714321]]],[[[7008922.191428609,3238430.477142893],[7005871.622857183,3235610.268571466],[7010789.860000037,3232122.8542857505],[7012310.342857182,3236948.845714323],[7008922.191428609,3238430.477142893]]],[[[7477625.0114286095,3130701.131428607],[7475654.077142894,3127115.828571465],[7480266.845714323,3124134.071428608],[7483341.162857182,3125770.674285751],[7481205.131428614,3129640.5428571776],[7477625.0114286095,3130701.131428607]]],[[[7327508.680000044,2941994.1685714647],[7325212.74857147,2936406.448571466],[7330354.911428615,2934780.2657143213],[7327508.680000044,2941994.1685714647]]],[[[7408801.751428612,3691512.417142894],[7402961.014285758,3684107.0342857502],[7406277.905714326,3683271.6971428953],[7411102.094285756,3689553.768571466],[7408801.751428612,3691512.417142894]]],[[[5814587.474285752,3719835.3914286084],[5811331.377142899,3717923.405714322],[5810828.0200000405,3712526.642857179],[5815173.225714326,3710616.3600000367],[5814587.474285752,3719835.3914286084]]],[[[6903231.857142895,2991847.7057143226],[6893807.505714327,2989798.291428607],[6898400.397142895,2985316.6914286055],[6903231.857142895,2991847.7057143226]]],[[[6263100.177142896,3624196.8971428946],[6263018.231428608,3615954.9342857525],[6266344.065714322,3616113.362857178],[6267158.777142897,3620230.2400000356],[6263100.177142896,3624196.8971428946]]],[[[7466009.20000004,3575574.7885714658],[7460747.668571472,3571489.9200000353],[7467696.948571466,3569476.2828571796],[7466009.20000004,3575574.7885714658]]],[[[6074713.025714323,4354867.751428608],[6070704.085714325,4356368.980000038],[6068358.051428609,4350942.925714321],[6073051.731428608,4350739.557142895],[6074713.025714323,4354867.751428608]]],[[[7499802.425714329,3103031.5085714646],[7497377.154285759,3100445.8000000343],[7500777.257142901,3095794.7285714634],[7505788.742857181,3095011.0057143234],[7499802.425714329,3103031.5085714646]]],[[[6233527.482857183,2925806.8857143223],[6232353.88000004,2923325.66571432],[6239493.677142896,2920079.1514286064],[6242553.237142898,2922614.5771428943],[6233527.482857183,2925806.8857143223]]],[[[7228314.862857185,3733165.405714322],[7225928.574285753,3731329.677142892],[7230374.537142895,3723563.334285751],[7233417.808571473,3727189.877142895],[7228314.862857185,3733165.405714322]]],[[[6400098.988571465,4442846.968571465],[6400641.494285755,4437421.674285751],[6405821.965714328,4433709.074285753],[6406852.000000037,4439269.105714325],[6400098.988571465,4442846.968571465]]],[[[6077197.342857182,4063270.691428609],[6074252.728571467,4062904.2428571805],[6072895.394285753,4058788.0800000355],[6077759.4428571835,4053876.608571466],[6078587.808571465,4059326.4285714664],[6077197.342857182,4063270.691428609]]],[[[6054031.717142895,3423678.5085714646],[6050280.220000036,3416917.0342857502],[6053368.077142894,3415396.142857179],[6056253.565714322,3419559.105714321],[6054031.717142895,3423678.5085714646]]],[[[7493098.70000004,3099729.608571466],[7490828.454285756,3093830.2400000356],[7494622.548571467,3092703.0485714637],[7500442.10857147,3094236.345714323],[7493098.70000004,3099729.608571466]]],[[[6565708.611428611,3688925.5114286095],[6573757.7971429005,3683714.828571465],[6575120.080000043,3686387.99142861],[6565708.611428611,3688925.5114286095]]],[[[7072855.185714327,2458244.868571464],[7081000.5885714665,2443511.908571463],[7082145.314285755,2446300.9228571765],[7077907.842857182,2455209.3914286084],[7072855.185714327,2458244.868571464]]],[[[7332041.574285753,3509287.1514286064],[7327828.717142895,3504804.1542857513],[7329440.314285755,3500349.3914286084],[7333871.040000044,3503849.4628571793],[7332041.574285753,3509287.1514286064]]],[[[7473220.394285753,3325490.3171428926],[7475596.188571468,3319457.0114286095],[7479848.254285753,3316266.76285718],[7482068.800000042,3319391.21428575],[7479816.962857187,3323044.522857178],[7473220.394285753,3325490.3171428926]]],[[[6065867.048571467,4495495.94285718],[6061576.5200000405,4492828.982857179],[6061981.302857183,4488042.240000039],[6068494.754285753,4492866.362857182],[6065867.048571467,4495495.94285718]]],[[[7086340.751428612,2435585.334285751],[7084922.465714328,2432588.5314286053],[7087645.377142899,2428843.917142894],[7090501.328571469,2421583.4714286067],[7093132.654285751,2422418.914285749],[7086340.751428612,2435585.334285751]]],[[[7258686.531428613,3460079.5742857493],[7252919.682857186,3455858.4200000353],[7255024.782857187,3454305.8828571774],[7261226.791428611,3456021.560000036],[7258686.531428613,3460079.5742857493]]],[[[7423315.160000041,3372448.6942857504],[7423518.474285752,3367982.26285718],[7430719.65142861,3362650.2000000365],[7432138.482857183,3367160.802857179],[7423315.160000041,3372448.6942857504]]],[[[7488393.562857181,3325749.477142893],[7485606.091428615,3323391.877142895],[7485196.285714328,3317110.4371428937],[7491383.754285753,3322206.9371428937],[7488393.562857181,3325749.477142893]]],[[[6216859.565714322,3023738.4371428937],[6217836.171428613,3019116.748571463],[6220802.357142895,3016549.565714322],[6225463.528571472,3020499.837142892],[6216859.565714322,3023738.4371428937]]],[[[6767209.045714326,4035522.768571466],[6763673.2885714695,4034985.21428575],[6760402.268571466,4031836.477142893],[6759989.937142894,4027676.728571467],[6765437.925714329,4028476.4285714664],[6767209.045714326,4035522.768571466]]],[[[5975593.777142897,4642348.288571466],[5973224.954285756,4638023.680000037],[5974786.371428609,4631982.474285752],[5977534.262857184,4633882.468571465],[5977507.868571468,4638647.542857181],[5975593.777142897,4642348.288571466]]],[[[6902360.342857182,2441388.8542857505],[6898927.894285753,2432264.8114286065],[6899867.505714327,2429918.6914286055],[6901086.500000037,2430538.4200000353],[6902787.374285758,2430900.100000035],[6904951.400000043,2430502.065714322],[6905814.660000041,2435319.397142891],[6902360.342857182,2441388.8542857505]]],[[[6211853.628571466,3697724.5514286086],[6204744.231428608,3693180.1228571795],[6208213.120000042,3690350.877142895],[6215778.474285752,3692568.0342857502],[6211853.628571466,3697724.5514286086]]],[[[7419778.414285757,3350324.0142857507],[7418688.937142901,3348086.945714321],[7423604.3371429,3343587.445714321],[7426609.785714328,3343156.9257143214],[7429157.120000042,3346857.982857179],[7427390.334285758,3349139.7485714667],[7419778.414285757,3350324.0142857507]]],[[[7490285.60857147,3312198.87428575],[7489131.4428571835,3309198.068571463],[7494577.388571471,3302462.7285714634],[7499205.785714328,3304935.8228571787],[7490285.60857147,3312198.87428575]]],[[[7444210.194285758,3605720.7714286074],[7439959.257142901,3598759.6542857513],[7442048.754285753,3597601.3600000367],[7451556.38000004,3602192.757142894],[7444210.194285758,3605720.7714286074]]],[[[6833570.068571471,2663075.131428607],[6831794.322857186,2660585.5457143225],[6829952.605714329,2650868.44285718],[6832916.777142897,2652484.451428607],[6833803.614285752,2656500.6514286064],[6837189.24857147,2661933.5314286053],[6833570.068571471,2663075.131428607]]],[[[7379357.888571471,3669637.7457143217],[7373340.508571468,3668559.7428571805],[7376708.491428614,3663561.83142861],[7381511.400000043,3662974.6171428934],[7382474.38571433,3667073.1714286096],[7379357.888571471,3669637.7457143217]]],[[[6543108.171428613,3728078.882857181],[6542396.497142896,3725584.905714322],[6548198.177142896,3720175.6600000374],[6552204.231428608,3723246.1200000383],[6546716.92285718,3727274.2028571814],[6543108.171428613,3728078.882857181]]],[[[5682624.814285755,3590826.9342857525],[5681108.7885714695,3586477.305714324],[5675750.760000035,3587014.805714324],[5675436.451428607,3585655.6342857517],[5676894.025714323,3583153.8200000376],[5677360.177142896,3580810.028571464],[5678276.677142896,3579741.597142894],[5679121.685714327,3581162.717142895],[5678957.574285753,3583763.951428607],[5681053.597142898,3582555.268571466],[5683377.008571468,3582465.754285749],[5685312.817142896,3585297.868571464],[5682624.814285755,3590826.9342857525]]],[[[6121269.528571472,4388762.357142895],[6114666.048571467,4387940.522857182],[6113862.685714327,4384094.417142894],[6118902.497142896,4381651.285714325],[6121269.528571472,4388762.357142895]]],[[[6399214.554285757,3976059.26285718],[6391165.814285755,3974760.0142857507],[6394505.902857184,3970374.225714322],[6399729.56000004,3966745.597142894],[6399214.554285757,3976059.26285718]]],[[[7549024.600000039,2719158.0485714637],[7551305.760000043,2715205.9371428937],[7548154.622857183,2711584.7057143226],[7550439.242857181,2708535.5142857507],[7554284.614285752,2710154.1228571795],[7556754.260000043,2714553.8457143195],[7549024.600000039,2719158.0485714637]]],[[[6891876.985714324,2989774.3228571787],[6885825.6571429,2988962.3114286065],[6880883.014285758,2984400.16571432],[6891991.954285756,2984308.025714323],[6891876.985714324,2989774.3228571787]]],[[[7036239.414285757,3229699.7400000356],[7034227.257142894,3220769.994285751],[7042133.254285753,3216371.3514286093],[7038110.802857183,3227305.685714323],[7036239.414285757,3229699.7400000356]]],[[[5497198.648571469,3607535.8857143223],[5497120.628571466,3603475.800000038],[5494324.420000039,3601469.0485714637],[5498038.6571428925,3594477.674285751],[5503427.188571468,3600123.1885714643],[5499868.337142892,3602488.297142893],[5497198.648571469,3607535.8857143223]]],[[[6942233.791428611,2319785.908571463],[6939551.305714324,2317466.1885714643],[6937143.025714323,2299323.760000035],[6940898.545714326,2302247.3857143223],[6942306.671428613,2314379.760000035],[6942233.791428611,2319785.908571463]]],[[[6000807.05428575,4470129.825714324],[5995695.877142899,4467855.751428608],[6002796.800000042,4460490.157142896],[6007490.637142897,4463925.185714323],[6003167.171428613,4469464.800000038],[6000807.05428575,4470129.825714324]]],[[[6831974.231428608,3994208.5085714646],[6830105.737142898,3993391.528571464],[6827100.314285755,3984399.614285752],[6828250.974285752,3977743.87428575],[6831459.751428612,3979122.537142895],[6830552.191428609,3985997.571428608],[6831974.231428608,3994208.5085714646]]],[[[7479298.317142896,3334213.6114286073],[7476763.280000038,3330497.9285714664],[7471866.4428571835,3329281.5885714665],[7473531.454285756,3326214.877142895],[7480828.725714326,3323441.182857178],[7482611.685714327,3325183.4971428923],[7479298.317142896,3334213.6114286073]]],[[[6447655.900000043,5221664.980000041],[6442501.280000038,5217880.205714323],[6441236.5114286095,5213935.705714323],[6450430.902857184,5213615.562857181],[6452312.980000041,5218018.228571467],[6447655.900000043,5221664.980000041]]],[[[5420906.340000041,3654675.8200000376],[5413621.400000036,3652297.6542857513],[5413250.56000004,3649081.020000037],[5415874.460000038,3645886.940000035],[5420906.340000041,3654675.8200000376]]],[[[5877765.457142897,4391490.191428609],[5877314.260000043,4388491.765714325],[5883535.33142861,4385354.6314286105],[5889869.982857183,4386694.325714324],[5889045.925714321,4390186.140000038],[5877765.457142897,4391490.191428609]]],[[[6575727.911428608,3292576.328571465],[6566791.431428611,3290126.4000000358],[6570423.7971429005,3285535.9685714655],[6574155.074285753,3286201.0400000364],[6580680.957142897,3290952.4600000344],[6575727.911428608,3292576.328571465]]],[[[6109692.671428613,4515975.748571467],[6109172.720000036,4511318.7000000365],[6113871.597142898,4506164.062857181],[6117726.008571468,4510139.094285753],[6113198.571428612,4515217.185714323],[6109692.671428613,4515975.748571467]]],[[[5546995.294285752,3580531.05428575],[5540712.574285753,3575614.4628571793],[5543072.240000039,3569436.7800000347],[5546163.231428608,3570071.3428571783],[5549664.391428612,3577766.2714286074],[5546995.294285752,3580531.05428575]]],[[[6533867.820000038,4618827.462857179],[6528364.811428614,4616505.628571466],[6526102.982857183,4612929.657142896],[6530797.848571472,4608302.862857182],[6534148.974285752,4610862.960000038],[6535455.317142896,4618067.368571468],[6533867.820000038,4618827.462857179]]],[[[6258165.117142893,4160652.682857182],[6251424.217142895,4160109.957142893],[6250064.6657143235,4154872.55428575],[6257769.840000041,4153589.5828571804],[6259814.38000004,4158830.257142894],[6258165.117142893,4160652.682857182]]],[[[6603280.000000037,4023395.182857178],[6600746.231428608,4019502.222857181],[6605053.914285757,4011672.6114286073],[6608656.5114286095,4012469.174285751],[6608980.154285751,4020069.4628571793],[6603280.000000037,4023395.182857178]]],[[[5561566.537142895,3591082.3514286093],[5558449.654285751,3587891.960000038],[5558289.548571467,3582451.2371428944],[5559816.071428612,3581266.631428607],[5565114.117142893,3581604.1571428925],[5563938.277142897,3583118.8942857496],[5561327.628571466,3582418.600000035],[5561537.2342857495,3585045.4714286067],[5563980.851428613,3583941.794285752],[5566096.982857183,3585984.0771428943],[5562951.488571465,3587452.7457143217],[5561566.537142895,3591082.3514286093]]],[[[6081593.045714326,3921040.6942857504],[6078344.205714323,3918240.2742857523],[6080134.814285755,3914024.99142861],[6078012.117142893,3909006.4342857525],[6082894.557142898,3908448.328571465],[6083401.660000041,3913129.037142895],[6084706.897142895,3916757.1657143235],[6081593.045714326,3921040.6942857504]]],[[[6138392.300000042,4630590.565714322],[6135420.291428611,4627109.688571468],[6138818.10857147,4619427.0542857535],[6141338.88000004,4616963.94285718],[6144366.69428575,4619261.634285752],[6141168.342857182,4627781.465714324],[6138392.300000042,4630590.565714322]]],[[[6928370.38000004,2356003.5028571784],[6932259.591428615,2346956.0142857507],[6931163.185714327,2340821.560000036],[6936514.868571468,2340947.1885714643],[6936893.762857184,2345362.8914286047],[6933082.145714328,2355009.2828571796],[6928370.38000004,2356003.5028571784]]],[[[5973856.005714327,3480430.334285751],[5973222.768571466,3475810.911428608],[5969089.445714325,3476149.8514286093],[5966729.454285756,3471334.217142895],[5968623.822857179,3468127.0514286086],[5972854.797142893,3469403.254285749],[5976998.980000041,3474625.522857178],[5973856.005714327,3480430.334285751]]],[[[5520903.105714321,3541731.8142857514],[5519324.077142894,3536429.131428607],[5521971.028571464,3528686.4028571807],[5526121.188571468,3532994.2657143213],[5525234.354285754,3537426.3085714653],[5520903.105714321,3541731.8142857514]]],[[[6910501.648571469,2361241.742857177],[6907962.408571467,2360466.8400000334],[6905462.457142897,2355777.2457143217],[6907319.242857181,2349167.802857179],[6912436.671428613,2352299.605714321],[6913503.765714325,2356702.405714322],[6910501.648571469,2361241.742857177]]],[[[5541804.785714321,3527279.0400000364],[5534485.285714321,3522108.191428609],[5534250.502857178,3513690.5514286086],[5537995.368571468,3514346.9371428937],[5540757.542857185,3518039.408571467],[5541804.785714321,3527279.0400000364]]],[[[7504117.474285752,3196058.880000036],[7498297.082857184,3191625.1114286073],[7497916.400000043,3185975.0028571784],[7504144.554285757,3186860.3885714635],[7507711.500000037,3191523.411428608],[7504117.474285752,3196058.880000036]]],[[[6986792.691428609,1964432.6828571782],[6983569.8657143265,1957915.4742857479],[6985910.342857182,1952323.4371428937],[6992647.468571469,1955713.8028571792],[6990134.300000042,1964464.1685714647],[6986792.691428609,1964432.6828571782]]],[[[6622653.514285751,4025385.614285752],[6620294.354285754,4022820.6714286096],[6622291.177142896,4015842.877142895],[6632135.231428608,4018424.2742857523],[6628362.094285756,4023083.717142895],[6622653.514285751,4025385.614285752]]],[[[7100155.311428614,3847701.1228571795],[7100344.717142895,3844130.4628571793],[7094797.622857183,3836710.605714321],[7099337.802857183,3835708.8257143237],[7101670.685714327,3839649.7371428944],[7108461.360000044,3844085.7314286083],[7105425.7114286125,3847010.76285718],[7100155.311428614,3847701.1228571795]]],[[[6911735.640000038,2370796.568571463],[6910699.857142895,2367252.2771428935],[6914585.585714325,2356814.2657143213],[6919241.717142895,2356458.565714322],[6915352.160000041,2366656.4628571793],[6911735.640000038,2370796.568571463]]],[[[6501697.097142898,3715816.1571428925],[6498967.0200000405,3714582.097142894],[6499951.0885714665,3708852.685714323],[6509196.105714329,3705030.8114286065],[6509772.83142861,3714494.8914286084],[6501697.097142898,3715816.1571428925]]],[[[5826076.78285718,3660279.3857143223],[5822218.460000038,3654965.9285714664],[5825326.017142899,3651326.4971428923],[5830491.937142894,3652801.914285749],[5829669.42857147,3659229.208571464],[5826076.78285718,3660279.3857143223]]],[[[7256198.820000038,3536423.680000037],[7256949.388571471,3533979.754285749],[7261905.820000038,3531003.0857143216],[7270245.240000039,3528734.691428609],[7271712.600000039,3532544.0485714637],[7266136.148571469,3534926.5400000364],[7260733.7971429005,3534565.1200000383],[7256198.820000038,3536423.680000037]]],[[[5897080.871428609,4533524.368571468],[5892898.38000004,4533190.920000039],[5890272.568571471,4530741.251428608],[5889154.197142899,4526110.69428575],[5893881.105714321,4524083.4771428965],[5901034.417142898,4529823.2000000365],[5897080.871428609,4533524.368571468]]],[[[5968465.0200000405,4348285.594285753],[5960058.068571471,4347214.260000039],[5949197.762857184,4344307.514285751],[5951537.0200000405,4341472.891428608],[5968261.817142896,4344427.917142894],[5968465.0200000405,4348285.594285753]]],[[[5505444.462857179,3592463.560000036],[5505069.180000037,3587816.4028571807],[5508187.940000042,3582211.025714323],[5514271.302857183,3577255.460000038],[5514777.017142899,3588650.3857143223],[5509787.091428608,3587373.5457143225],[5505444.462857179,3592463.560000036]]],[[[6576241.605714329,4736114.188571468],[6573915.997142896,4730899.380000036],[6577206.128571466,4727835.654285751],[6584877.068571471,4726873.757142894],[6586788.688571468,4732160.0457143225],[6576241.605714329,4736114.188571468]]],[[[6285367.965714328,4651535.6657143235],[6281977.454285756,4648806.308571465],[6281919.960000038,4642238.174285751],[6280055.931428611,4637876.662857182],[6279093.168571465,4628725.974285752],[6282784.60857147,4628298.680000037],[6284393.274285756,4639584.160000037],[6286015.142857179,4644821.645714324],[6285367.965714328,4651535.6657143235]]],[[[6540850.491428614,3719692.882857181],[6537059.482857183,3719034.76285718],[6544029.15142861,3712337.4371428937],[6553583.568571471,3711623.097142894],[6552650.448571466,3717045.6285714656],[6548213.548571467,3717177.26285718],[6546012.111428611,3719456.4285714664],[6540850.491428614,3719692.882857181]]],[[[5546407.202857181,3495371.7057143226],[5544488.842857182,3493299.6542857513],[5545817.177142896,3483282.094285749],[5548250.260000035,3479162.294285752],[5555387.514285751,3478991.6285714656],[5555643.814285755,3481692.294285752],[5551601.662857182,3483839.940000035],[5549440.082857184,3490258.1657143235],[5546407.202857181,3495371.7057143226]]],[[[6840224.731428608,2678947.6971428916],[6835864.682857186,2672778.911428608],[6839235.505714327,2666782.6514286064],[6842933.197142899,2669345.680000037],[6846615.474285752,2676266.757142894],[6845370.357142895,2679016.3942857496],[6840224.731428608,2678947.6971428916]]],[[[6138947.745714322,2842706.331428606],[6130021.905714326,2840898.6571428925],[6128681.905714326,2837276.2457143217],[6135620.345714323,2835550.5000000373],[6136035.871428609,2832403.2228571773],[6141809.362857185,2832758.3542857505],[6142756.254285753,2836733.5457143225],[6138947.745714322,2842706.331428606]]],[[[7110685.022857182,3755887.2400000356],[7104826.454285756,3755227.9285714664],[7103861.785714328,3752963.685714323],[7111957.071428612,3752181.108571466],[7124568.962857187,3752193.0942857526],[7121932.991428614,3754715.957142893],[7110685.022857182,3755887.2400000356]]],[[[7458075.265714325,3288798.5742857493],[7457682.874285758,3286546.1628571786],[7461321.068571471,3279616.614285752],[7465355.348571472,3275725.2314286083],[7471814.180000044,3274506.7114286087],[7466668.56000004,3283312.768571466],[7462672.005714327,3287319.4257143214],[7458075.265714325,3288798.5742857493]]],[[[7421372.188571468,3365714.1971428953],[7419145.437142901,3362890.4228571802],[7420315.554285757,3358619.6228571795],[7426313.611428611,3350958.9714286067],[7429444.497142896,3350392.1171428934],[7430969.20000004,3355608.371428609],[7429282.794285752,3359642.300000038],[7426234.848571472,3359860.6571428925],[7421372.188571468,3365714.1971428953]]],[[[5783911.542857185,4649315.722857181],[5788612.134285755,4651490.645714324],[5792649.591428608,4658081.828571465],[5794340.285714328,4663090.654285751],[5789358.451428607,4668089.048571467],[5783911.542857185,4649315.722857181]]],[[[5705250.1657143235,4173665.87428575],[5703907.182857178,4166875.7657143213],[5707747.660000041,4164902.257142894],[5717482.908571467,4166901.3114286102],[5717137.920000039,4170870.1114286073],[5710253.92857147,4173578.377142895],[5705250.1657143235,4173665.87428575]]],[[[6719240.640000038,3613131.405714322],[6714927.502857186,3612381.877142895],[6710289.437142894,3607803.71428575],[6711077.548571467,3602506.4742857516],[6716930.582857184,3600149.4000000358],[6720016.468571469,3601817.477142893],[6723106.825714327,3608450.3514286093],[6718542.940000042,3609722.6257143207],[6719240.640000038,3613131.405714322]]],[[[6716330.357142895,3624549.562857181],[6709073.345714323,3621722.4742857516],[6717438.65142861,3618496.640000038],[6721048.554285757,3614608.1685714647],[6724416.557142898,3613875.4371428937],[6726551.702857181,3616790.834285751],[6725709.000000037,3622178.868571464],[6722276.600000039,3621585.1600000374],[6716330.357142895,3624549.562857181]]],[[[5459718.425714321,3670353.6714286096],[5450047.214285754,3668475.614285752],[5447715.540000036,3666955.5885714665],[5451499.522857182,3662353.677142892],[5462280.980000041,3661609.882857181],[5462900.460000038,3665828.494285751],[5459718.425714321,3670353.6714286096]]],[[[6276128.78285718,3592410.7885714658],[6274896.660000041,3592073.0514286086],[6271954.634285755,3582397.182857178],[6274201.725714326,3576312.148571465],[6277929.974285752,3572935.4714286067],[6281754.205714323,3583893.451428607],[6276271.234285757,3587786.1685714647],[6276128.78285718,3592410.7885714658]]],[[[6593956.537142895,3685547.4342857525],[6592984.762857184,3682590.7000000365],[6588414.900000043,3683843.2485714667],[6580592.557142898,3683501.022857178],[6579037.6571429,3679906.225714322],[6582219.668571465,3674263.691428609],[6585584.628571466,3680698.800000038],[6590705.280000038,3675326.140000038],[6597118.371428609,3677403.865714323],[6593956.537142895,3685547.4342857525]]],[[[7346352.5200000405,3687827.0428571813],[7342422.902857184,3684499.5057143234],[7338136.085714325,3683451.3200000376],[7338945.931428611,3675629.957142893],[7351868.851428613,3681422.6342857517],[7352678.168571472,3685328.522857178],[7346352.5200000405,3687827.0428571813]]],[[[7203663.534285754,3732547.5171428956],[7201330.802857183,3732183.94285718],[7198551.342857182,3726495.911428608],[7194141.551428609,3721978.5742857493],[7188667.931428611,3719765.4200000353],[7190097.317142896,3717158.87428575],[7196200.680000037,3718965.531428609],[7203463.454285756,3718903.8228571787],[7205273.682857186,3722214.7000000365],[7203032.105714329,3726624.4257143214],[7203663.534285754,3732547.5171428956]]],[[[6867558.500000037,3662641.0514286086],[6864281.83142861,3656493.94285718],[6868052.251428612,3650215.6714286096],[6872723.522857182,3650491.985714324],[6880005.362857185,3653741.362857178],[6872919.342857182,3656636.800000038],[6872200.780000038,3661740.377142895],[6867558.500000037,3662641.0514286086]]],[[[5539436.028571464,3548300.1885714643],[5538350.574285753,3547525.6971428953],[5534443.837142892,3535219.140000038],[5537434.040000036,3532590.717142895],[5543152.468571469,3532844.4371428937],[5543953.431428611,3540134.837142892],[5543282.708571464,3545741.6714286096],[5539436.028571464,3548300.1885714643]]],[[[6572695.105714329,3346166.674285751],[6574441.662857182,3340590.911428608],[6573587.305714324,3335040.2428571805],[6583301.188571468,3330574.5057143234],[6586810.3657143265,3330775.948571466],[6589347.174285755,3336538.022857178],[6583283.208571471,3336525.608571466],[6580165.260000043,3341599.294285752],[6575994.842857182,3342566.831428606],[6572695.105714329,3346166.674285751]]],[[[6361350.071428612,4559376.391428608],[6356752.260000043,4558884.197142895],[6353619.585714325,4554419.031428609],[6359058.6657143235,4553169.691428609],[6362850.542857185,4549641.688571468],[6363890.60285718,4544682.457142893],[6370780.15142861,4550981.854285751],[6367654.354285754,4553134.380000036],[6365654.197142899,4558663.577142894],[6361350.071428612,4559376.391428608]]],[[[5797835.280000038,3825845.8942857496],[5795510.257142894,3819647.862857178],[5795478.360000037,3815040.8428571783],[5798226.320000038,3810179.637142893],[5803788.600000039,3808565.7800000384],[5806037.140000038,3815019.882857181],[5803608.040000036,3817291.26285718],[5800791.851428613,3824606.8085714653],[5797835.280000038,3825845.8942857496]]],[[[5947229.69428575,4650173.4771428965],[5945459.051428609,4649391.714285754],[5937746.5200000405,4640168.300000038],[5938219.028571464,4635008.768571466],[5942092.15142861,4634062.911428608],[5945951.397142895,4639273.188571468],[5950231.960000038,4641981.702857181],[5950818.574285753,4647219.162857182],[5947229.69428575,4650173.4771428965]]],[[[6913719.725714326,2799208.568571463],[6907606.757142894,2797207.1628571786],[6904255.097142898,2794047.365714323],[6896878.240000039,2790210.957142893],[6895311.217142895,2782227.44285718],[6898730.905714326,2783213.2457143217],[6903566.722857185,2787294.068571463],[6908439.505714327,2789200.440000035],[6913261.862857185,2794957.9685714655],[6913719.725714326,2799208.568571463]]],[[[7315587.06000004,3708944.597142894],[7316539.725714326,3702415.7714286074],[7315766.574285753,3697212.528571464],[7320062.345714323,3692305.334285751],[7328888.014285758,3697893.228571467],[7325986.668571472,3702648.868571464],[7319917.782857187,3704526.99142861],[7315587.06000004,3708944.597142894]]],[[[7468915.782857187,3554414.994285751],[7462120.085714325,3549308.4285714664],[7466259.254285753,3545168.5885714665],[7466852.931428611,3542060.5885714665],[7472279.980000041,3541806.0342857502],[7477474.557142898,3545365.568571463],[7477632.491428614,3548833.0000000373],[7468915.782857187,3554414.994285751]]],[[[6847952.397142895,3994752.380000036],[6841693.702857181,3991541.6714286096],[6840237.745714329,3988430.5942857526],[6840901.960000038,3983280.640000038],[6848493.105714329,3980517.482857179],[6851594.757142894,3981916.451428607],[6852024.731428608,3988200.905714322],[6847952.397142895,3994752.380000036]]],[[[6134058.314285755,4905607.600000039],[6124180.397142895,4905182.494285751],[6122074.960000038,4902199.5457143225],[6129198.757142894,4900842.111428611],[6137764.360000037,4894896.117142893],[6142452.957142897,4896539.237142894],[6142174.465714328,4901897.457142897],[6140322.702857181,4904730.065714322],[6134058.314285755,4905607.600000039]]],[[[6221214.985714324,4514107.940000039],[6214487.300000042,4511152.642857179],[6215654.120000042,4505738.6228571795],[6221198.320000038,4500975.840000037],[6226243.505714327,4501850.460000038],[6228679.988571465,4506186.745714322],[6226123.905714326,4511954.608571466],[6221214.985714324,4514107.940000039]]],[[[6044349.985714324,4038525.1257143244],[6038160.171428613,4033502.828571465],[6033976.300000042,4024469.8885714673],[6035859.197142899,4020887.834285751],[6042430.3371429,4019388.4400000386],[6046594.840000041,4025611.917142894],[6043851.24857147,4030439.871428609],[6045387.077142894,4034602.291428607],[6044349.985714324,4038525.1257143244]]],[[[6247290.97142861,3648423.760000035],[6243832.128571466,3647151.528571464],[6241145.814285755,3642520.1971428953],[6244360.594285756,3641380.5142857507],[6245804.897142895,3632699.8571428955],[6249070.414285757,3629339.988571465],[6254905.828571469,3633205.33142861],[6254922.448571466,3637807.0942857526],[6251685.0200000405,3640843.1942857504],[6250445.0885714665,3645545.957142893],[6247290.97142861,3648423.760000035]]],[[[7393782.7114286125,3693160.9742857516],[7393721.491428614,3691147.5457143225],[7387341.580000043,3687610.411428608],[7387324.228571467,3679541.4800000377],[7385245.414285757,3676550.2114286087],[7385848.077142894,3668222.4342857525],[7389193.5200000405,3667255.531428609],[7391542.054285757,3673321.2400000356],[7391439.145714328,3678747.8914286084],[7395486.057142898,3685388.6685714647],[7396534.280000038,3690505.257142894],[7393782.7114286125,3693160.9742857516]]],[[[6037523.260000043,4229635.1228571795],[6031693.860000037,4221078.78285718],[6025762.765714325,4216064.757142894],[6029067.820000038,4211861.914285753],[6038158.977142893,4216718.140000038],[6041844.671428613,4226612.660000037],[6037523.260000043,4229635.1228571795]]],[[[5881926.437142894,3644071.60285718],[5875901.645714328,3633562.528571464],[5876947.562857181,3625432.1542857513],[5881825.960000038,3621867.6171428934],[5884976.925714321,3623150.0142857507],[5885298.925714321,3638698.0142857507],[5881926.437142894,3644071.60285718]]],[[[6973553.222857185,1985869.6142857485],[6968552.668571472,1982143.3371428922],[6968814.425714329,1977217.4685714617],[6973027.217142895,1968255.1542857476],[6975710.080000043,1968023.7628571764],[6979772.160000041,1972250.868571464],[6979823.474285752,1976358.32571432],[6977482.171428613,1978907.705714319],[6980295.402857184,1983574.8371428922],[6973553.222857185,1985869.6142857485]]],[[[7000838.731428608,2164020.1457143202],[6977847.705714323,2153335.302857179],[6975518.180000037,2151229.4600000344],[6964975.354285754,2146131.4200000353],[6967527.528571472,2143472.517142892],[6985228.057142898,2151515.674285751],[6989640.757142894,2156660.6257143207],[6992122.671428613,2156496.220000036],[7000414.468571469,2160999.3771428913],[7000838.731428608,2164020.1457143202]]],[[[6891076.528571472,3645369.0428571813],[6887892.06000004,3643143.142857179],[6890573.308571465,3635832.2485714667],[6894324.420000039,3632330.2885714658],[6899445.38000004,3624222.2885714658],[6902719.842857182,3625369.440000035],[6903538.634285755,3635235.097142894],[6900363.654285751,3636877.4228571802],[6895213.197142899,3642884.328571465],[6891076.528571472,3645369.0428571813]]],[[[6263644.485714324,3656317.062857181],[6257744.982857183,3654055.8142857514],[6256851.320000038,3651018.1342857517],[6252163.791428611,3648198.537142895],[6252710.354285754,3643545.977142893],[6257931.625714324,3636172.940000035],[6262022.765714325,3637679.305714324],[6266186.171428613,3649424.5485714637],[6263644.485714324,3656317.062857181]]],[[[5845235.980000041,3697787.4628571793],[5841903.15142861,3696918.522857178],[5840341.460000038,3692962.6257143207],[5845456.600000039,3681101.3542857505],[5844438.414285757,3676309.680000037],[5847517.762857184,3675672.2714286074],[5850400.980000041,3681596.485714324],[5855018.291428611,3682057.685714323],[5850374.974285752,3693396.0771428943],[5846177.420000039,3693041.3428571783],[5845235.980000041,3697787.4628571793]]],[[[6871830.185714327,3145608.5028571784],[6863619.000000037,3144019.9028571807],[6855470.774285756,3140438.791428607],[6855735.974285752,3133084.8142857514],[6860322.8371429,3132237.917142894],[6868941.754285753,3132551.8942857496],[6872672.274285756,3141467.0085714646],[6871830.185714327,3145608.5028571784]]],[[[6090753.465714328,4228003.002857178],[6088621.482857183,4227710.6314286105],[6083716.540000036,4221862.062857181],[6084901.277142897,4218395.5114286095],[6093472.894285753,4211413.968571465],[6100794.168571465,4211604.688571464],[6098285.754285753,4221487.197142895],[6093912.5114286095,4227296.5885714665],[6090753.465714328,4228003.002857178]]],[[[7077113.968571469,3045606.6942857504],[7067410.38000004,3044615.302857179],[7060480.531428613,3040463.5085714646],[7055007.737142898,3044806.2657143213],[7050750.680000037,3044767.845714323],[7047052.465714328,3039879.020000037],[7053657.548571467,3037606.0114286058],[7059409.640000038,3038501.8571428917],[7063191.7200000435,3036562.268571466],[7069587.614285752,3036301.0142857507],[7079196.537142895,3038844.945714321],[7081316.254285753,3040472.5342857502],[7077113.968571469,3045606.6942857504]]],[[[7085420.611428611,3850425.99142861],[7082784.945714325,3852589.3942857496],[7080626.0657143295,3847466.488571465],[7077325.800000042,3845227.2800000384],[7075333.545714326,3837046.457142893],[7078209.937142901,3834424.640000038],[7085926.5657143295,3832318.105714321],[7088934.074285753,3833371.2885714658],[7088256.868571468,3842400.5914286077],[7091341.217142895,3848850.537142895],[7085420.611428611,3850425.99142861]]],[[[5883597.920000039,3813226.4971428923],[5884944.014285751,3807813.642857179],[5882609.617142893,3801669.140000038],[5883659.300000042,3797087.8942857496],[5891926.294285752,3789613.7485714667],[5896310.760000043,3789982.302857179],[5893917.660000041,3794405.5085714646],[5895103.628571466,3796771.9742857516],[5900142.174285755,3799156.76285718],[5892891.382857181,3806102.2342857495],[5891453.062857181,3809705.4228571802],[5884997.122857183,3810718.560000036],[5883597.920000039,3813226.4971428923]]],[[[7625268.614285752,2986421.7885714658],[7616910.371428609,2989080.6942857504],[7614070.322857186,2991647.6571428925],[7609048.625714324,2992467.9314286076],[7606253.742857181,2989777.2885714658],[7602459.622857183,2989644.957142893],[7601095.542857185,2983604.8000000343],[7608993.9428571835,2979072.371428609],[7617367.688571468,2979348.3771428913],[7624053.9771429,2977952.3600000367],[7621885.762857184,2980501.7000000365],[7622537.594285756,2984557.55428575],[7625268.614285752,2986421.7885714658]]],[[[6714263.83142861,3590025.4342857525],[6705427.594285756,3588837.1114286073],[6704628.940000042,3585188.0085714646],[6706478.2971429005,3575056.6571428925],[6712272.0885714665,3569568.7000000365],[6715528.97142861,3571435.5857143216],[6719680.677142896,3578760.037142895],[6720274.128571466,3583851.9971428923],[6714263.83142861,3590025.4342857525]]],[[[7388907.351428613,3398583.6885714643],[7389274.960000038,3388311.131428607],[7384748.74857147,3377655.0828571804],[7385509.5114286095,3369102.2457143217],[7395709.6428571865,3373524.334285751],[7395763.2971429005,3382735.871428609],[7398580.760000043,3384402.1571428925],[7399873.528571472,3388731.751428608],[7396570.97142861,3395584.682857178],[7388907.351428613,3398583.6885714643]]],[[[7479709.757142901,3311568.877142895],[7476363.957142897,3306517.5085714646],[7480008.374285758,3299328.331428606],[7484977.605714329,3297118.957142893],[7486070.445714325,3293027.182857178],[7489156.580000043,3291044.802857179],[7491784.022857182,3285343.5114286095],[7496087.5200000405,3283886.831428606],[7500341.017142899,3279994.6685714647],[7507100.182857186,3282065.3428571783],[7501701.591428615,3286918.065714322],[7498986.688571468,3286621.3885714635],[7491354.06000004,3298595.76285718],[7486096.92285718,3301971.725714322],[7483093.660000041,3309594.8542857505],[7479709.757142901,3311568.877142895]]],[[[7461346.902857184,3331031.720000036],[7457068.3371429,3330252.457142893],[7451191.6657143235,3322179.0400000364],[7448613.448571466,3316856.5400000364],[7450026.5657143295,3312803.0342857502],[7458739.137142897,3311929.957142893],[7461774.022857182,3315833.251428608],[7464292.234285757,3313744.717142895],[7470417.745714329,3313097.2885714658],[7474890.56000004,3308942.0000000373],[7478107.828571469,3312543.94285718],[7476041.417142898,3317257.4228571802],[7471578.0200000405,3320872.5914286077],[7469406.631428614,3316430.1171428934],[7466473.9428571835,3318153.6200000346],[7464988.231428616,3322481.028571464],[7461611.722857185,3324441.682857178],[7461346.902857184,3331031.720000036]]],[[[6837494.448571466,3980937.5885714665],[6831286.688571468,3974007.8600000367],[6832541.328571469,3970131.37428575],[6838613.06000004,3963152.9285714664],[6839833.580000043,3958361.0114286095],[6847980.391428612,3954155.751428608],[6850963.262857184,3955948.0428571813],[6845917.940000042,3964798.222857181],[6846879.522857182,3967690.37428575],[6851410.440000042,3969871.9200000353],[6850851.20000004,3972866.0828571804],[6843622.805714324,3977910.145714324],[6837494.448571466,3980937.5885714665]]],[[[7523755.411428615,3125308.0514286086],[7520080.217142895,3123851.254285749],[7520472.722857185,3115972.37428575],[7524327.417142898,3114957.328571465],[7525257.368571468,3111785.685714323],[7529561.094285756,3109277.7228571773],[7532857.491428614,3110544.945714321],[7541687.277142897,3107236.1342857517],[7546683.008571468,3112001.914285749],[7541027.068571471,3118742.605714321],[7523755.411428615,3125308.0514286086]]],[[[6129887.497142896,4373094.99142861],[6123160.945714325,4370304.834285751],[6118876.065714322,4366980.788571466],[6120664.360000037,4363571.597142894],[6119790.614285752,4353525.440000039],[6123801.145714328,4347873.094285753],[6133633.094285756,4348482.697142895],[6134397.042857185,4351773.065714322],[6131459.260000043,4360947.862857182],[6131150.854285754,4368887.677142896],[6129887.497142896,4373094.99142861]]],[[[6017452.551428609,3677919.140000038],[6021890.491428614,3666334.560000036],[6027955.451428607,3662630.417142894],[6029804.131428614,3658130.9285714664],[6036511.171428613,3650939.940000035],[6040778.55428575,3665829.871428609],[6038383.06000004,3674550.408571467],[6034701.482857183,3673654.608571466],[6031981.620000042,3670231.3857143223],[6028943.525714323,3676234.2657143213],[6019936.634285755,3674569.760000035],[6017452.551428609,3677919.140000038]]],[[[7043486.9428571835,1855002.220000036],[7035182.277142897,1848247.9571428932],[7031505.537142895,1843063.711428605],[7025396.877142899,1840966.9685714617],[7025826.56000004,1835283.9171428904],[7028708.417142898,1830539.2600000352],[7031138.7200000435,1832780.3028571792],[7038936.357142895,1835606.7657143213],[7044851.614285752,1835831.754285749],[7047747.994285755,1840276.5285714641],[7046327.691428609,1846905.5142857507],[7050516.725714326,1852042.4685714617],[7043486.9428571835,1855002.220000036]]],[[[6936668.920000039,2329206.362857178],[6934842.034285754,2312743.3457143195],[6929747.448571466,2306866.0857143216],[6920980.7114286125,2307920.05428575],[6922390.8371429,2302993.637142893],[6920477.451428615,2301103.560000036],[6914634.125714324,2301139.3428571783],[6912318.2114286125,2299634.551428605],[6912302.708571471,2291501.4542857483],[6909919.982857183,2286630.8771428913],[6914137.24857147,2284075.102857176],[6931289.425714329,2300125.980000034],[6936033.771428615,2309053.1857143193],[6938127.92285718,2326591.3400000334],[6936668.920000039,2329206.362857178]]],[[[6330487.24857147,4724574.522857182],[6323316.542857185,4717425.951428611],[6320287.022857182,4717144.788571466],[6320116.154285751,4711242.042857181],[6317081.634285755,4703304.837142896],[6321201.671428613,4703041.634285752],[6332990.351428613,4709344.785714325],[6342079.15142861,4715574.800000038],[6344128.257142894,4720928.394285753],[6340329.140000038,4724025.225714322],[6330487.24857147,4724574.522857182]]],[[[5975099.8657143265,4474211.640000038],[5967011.5114286095,4471499.634285752],[5961833.757142894,4465296.065714322],[5956474.577142894,4464469.957142893],[5946928.308571465,4459582.105714325],[5950028.0885714665,4455927.03428575],[5955750.911428608,4454320.28285718],[5970993.580000035,4460477.177142896],[5985514.437142894,4469803.465714324],[5980983.857142895,4473436.960000038],[5975099.8657143265,4474211.640000038]]],[[[6989694.391428612,2328701.6885714643],[6985032.948571466,2325070.82571432],[6982787.454285756,2318048.8771428913],[6985831.825714327,2308700.6228571795],[6982513.0114286095,2300114.631428607],[6981984.585714325,2291061.6685714647],[6984895.677142896,2290951.1971428916],[6988966.408571467,2295150.837142892],[6990010.805714324,2298808.8485714644],[6994406.234285757,2300212.105714321],[6995986.2114286125,2304945.051428605],[6995332.4885714725,2311160.785714321],[6991943.091428615,2326325.0742857493],[6989694.391428612,2328701.6885714643]]],[[[6544109.485714324,4420971.125714324],[6538165.340000041,4421073.951428607],[6537957.794285752,4414914.705714323],[6535516.191428609,4409113.888571467],[6529933.780000038,4399779.457142893],[6532037.214285754,4390232.297142893],[6531890.65142861,4386426.891428608],[6537637.074285753,4387146.802857179],[6536081.274285756,4390215.137142893],[6540679.5885714665,4393499.697142895],[6550245.5114286095,4392754.751428608],[6547769.925714329,4396378.048571467],[6542061.4428571835,4399189.557142895],[6539980.1657143235,4405104.217142895],[6546210.2114286125,4414597.957142893],[6546651.497142896,4419629.322857179],[6544109.485714324,4420971.125714324]]],[[[5685930.385714322,3616264.022857178],[5681465.314285755,3614544.8085714653],[5681474.10857147,3606153.191428609],[5689761.5114286095,3595397.060000036],[5696158.117142893,3591961.908571467],[5701878.008571468,3593849.5514286086],[5704101.822857179,3599375.7400000356],[5701802.465714328,3606370.460000038],[5698392.065714322,3610609.528571464],[5685930.385714322,3616264.022857178]]],[[[5795334.845714323,4688687.308571465],[5805237.451428607,4687276.405714322],[5809561.551428609,4693792.380000036],[5810903.897142895,4700569.508571465],[5814006.977142893,4703784.605714325],[5813556.025714323,4713625.748571467],[5809608.097142898,4718151.642857179],[5806059.680000037,4725738.371428609],[5795334.845714323,4688687.308571465]]],[[[6377909.062857181,3738665.3942857496],[6373267.897142895,3734308.648571465],[6369787.062857181,3734783.6257143207],[6366663.702857181,3732010.05428575],[6370491.308571465,3728658.5142857507],[6370723.611428611,3725734.528571464],[6376102.834285751,3722093.228571467],[6383430.894285753,3722218.5342857502],[6390491.348571472,3720388.645714324],[6400201.440000042,3723299.0342857502],[6399159.171428613,3729492.871428609],[6395134.091428608,3736454.525714323],[6392458.231428608,3737030.982857179],[6388374.737142898,3732795.9228571802],[6379683.542857185,3735585.2771428935],[6377909.062857181,3738665.3942857496]]],[[[7530486.291428611,3199345.4257143214],[7526011.42285718,3198503.754285749],[7517118.97142861,3193352.3857143223],[7513156.451428615,3194739.185714323],[7509502.900000043,3191609.291428607],[7510145.100000039,3188023.3257143237],[7508057.348571472,3184018.268571466],[7510729.025714323,3177122.345714323],[7519230.040000044,3178009.8200000376],[7526280.777142897,3177302.7742857486],[7530210.254285753,3179327.7400000356],[7532777.931428611,3185086.2800000347],[7533313.902857184,3193053.5571428947],[7530486.291428611,3199345.4257143214]]],[[[6043204.751428612,4070432.220000036],[6035682.671428613,4066168.451428607],[6032569.022857182,4060058.3571428955],[6032905.162857182,4048436.7114286087],[6036107.83142861,4042319.5800000355],[6040328.354285754,4041251.4657143243],[6046442.737142898,4043159.6942857504],[6050578.877142899,4053397.451428607],[6050212.208571471,4058165.2800000384],[6045978.171428613,4064219.114285752],[6046550.97142861,4067064.365714323],[6043204.751428612,4070432.220000036]]],[[[5805158.171428613,3619780.3257143237],[5800799.848571464,3613849.7371428944],[5789142.577142894,3607450.0028571784],[5792659.271428607,3601589.722857181],[5796878.071428612,3597623.1685714647],[5802564.5200000405,3598121.768571466],[5803244.768571466,3593682.8885714635],[5807290.142857179,3593428.37428575],[5809430.9428571835,3597412.7885714658],[5814091.737142898,3600827.4257143214],[5814879.460000038,3611565.6685714647],[5808703.514285751,3618603.3171428926],[5805158.171428613,3619780.3257143237]]],[[[6078426.642857179,4339598.37428575],[6075312.757142894,4338560.440000039],[6075971.494285755,4332669.854285751],[6061024.92285718,4327279.314285751],[6057338.265714325,4324574.568571467],[6057010.574285753,4319918.0542857535],[6059433.640000038,4314843.58285718],[6060869.202857181,4308097.717142895],[6065880.937142894,4314772.022857182],[6069768.888571471,4315975.031428609],[6071975.0885714665,4319986.265714321],[6071369.968571469,4326395.83142861],[6074057.751428612,4326122.148571465],[6081761.445714325,4318290.31142861],[6085316.508571468,4323443.500000037],[6088451.391428612,4330613.837142896],[6086370.014285751,4334597.154285751],[6083482.20000004,4334265.954285752],[6078426.642857179,4339598.37428575]]],[[[5918591.131428607,4408308.274285752],[5908452.625714324,4407613.660000037],[5899958.120000042,4405416.2771428935],[5887512.677142896,4400596.271428607],[5877665.42285718,4399168.428571466],[5876923.980000041,4394466.234285753],[5886426.171428613,4391656.931428608],[5895050.177142896,4392764.608571466],[5912353.128571466,4397333.125714324],[5920057.500000037,4398633.334285751],[5922477.308571465,4403890.548571467],[5918591.131428607,4408308.274285752]]],[[[5867404.10285718,3634431.0142857507],[5860373.948571466,3630255.1171428934],[5862172.577142894,3624699.8085714653],[5859740.522857182,3619458.21428575],[5857912.920000039,3605173.882857181],[5863751.920000039,3604969.105714321],[5865742.774285756,3599900.9314286076],[5870735.234285757,3605351.708571464],[5875814.202857181,3607338.0114286095],[5875783.205714323,3612618.951428607],[5878043.3371429,3619348.8171428926],[5876086.414285757,3620089.0800000355],[5872547.65142861,3626801.4742857516],[5872621.840000041,3632063.208571464],[5867404.10285718,3634431.0142857507]]],[[[6711762.180000037,3744841.4257143214],[6709995.502857186,3738575.828571465],[6704921.848571472,3736920.6542857513],[6705783.114285752,3730771.7828571796],[6700510.348571472,3729627.031428609],[6691894.417142898,3712416.4200000353],[6694451.391428612,3707803.914285749],[6699605.397142895,3715698.6971428953],[6705545.488571465,3713746.828571465],[6707039.822857186,3717473.7714286074],[6712971.134285755,3723751.3171428926],[6719067.185714327,3727095.1942857504],[6722542.38000004,3734425.960000038],[6719566.128571466,3740688.1171428934],[6711762.180000037,3744841.4257143214]]],[[[6052214.397142895,3680694.7828571796],[6045968.137142897,3671826.597142894],[6044218.025714323,3666810.6971428953],[6045976.974285752,3658358.83142861],[6044160.457142897,3651244.648571465],[6047130.877142899,3651342.494285751],[6049417.585714325,3654976.300000038],[6052415.900000036,3664636.380000036],[6052280.042857185,3669049.4228571802],[6050071.574285753,3674029.217142895],[6055230.131428614,3673243.2428571805],[6056938.131428614,3669322.3885714635],[6055613.094285756,3659423.6228571795],[6053797.997142896,3654145.60285718],[6054559.600000039,3648980.83142861],[6058658.37428575,3646194.6200000383],[6061408.274285756,3647790.140000038],[6066133.140000038,3654717.8942857496],[6066076.19428575,3661259.6285714656],[6068500.525714323,3666547.6628571786],[6063986.60857147,3673362.208571464],[6059533.614285752,3677675.708571464],[6055984.545714326,3677315.0342857502],[6052214.397142895,3680694.7828571796]]],[[[6896228.451428615,3942733.0885714665],[6892783.557142898,3940078.49142861],[6893643.291428611,3928598.2400000356],[6890526.374285758,3919294.4314286076],[6896731.660000041,3913582.945714321],[6901151.640000038,3915808.994285751],[6901897.585714325,3919424.65142861],[6911418.100000039,3929517.0857143216],[6916300.900000043,3932743.565714322],[6915809.525714323,3940322.960000038],[6914141.414285757,3942534.7828571796],[6909307.534285754,3940625.494285751],[6899418.097142898,3941327.3142857514],[6896228.451428615,3942733.0885714665]]],[[[5925225.885714322,4396279.977142893],[5913832.3657143265,4394275.574285753],[5898573.497142896,4389658.348571464],[5895724.78285718,4383885.620000038],[5891146.565714322,4381211.814285751],[5887571.980000041,4376840.531428609],[5891398.857142895,4373677.251428608],[5900971.965714328,4372225.097142894],[5903077.474285752,4375107.917142894],[5910117.385714322,4374100.040000036],[5915004.300000042,4383888.274285752],[5926789.69428575,4388094.037142895],[5928868.705714323,4390520.614285752],[5925225.885714322,4396279.977142893]]],[[[6247005.537142895,4468298.405714322],[6236182.348571464,4464012.154285751],[6233103.568571471,4460822.891428608],[6232565.97142861,4455259.614285752],[6235813.15142861,4448258.228571467],[6239848.4428571835,4443128.294285752],[6242827.611428611,4433107.44285718],[6246631.611428611,4428160.1314286105],[6249911.70000004,4430761.771428607],[6254547.351428613,4428914.260000039],[6256900.148571469,4431512.5542857535],[6252623.42857147,4435685.214285754],[6251216.071428612,4442800.140000038],[6255627.768571466,4452108.188571464],[6255231.1657143235,4457406.15142861],[6250160.851428613,4466216.502857182],[6247005.537142895,4468298.405714322]]],[[[6847114.308571465,3662673.805714324],[6845651.680000037,3660036.6257143207],[6844778.465714328,3648864.068571467],[6846257.705714323,3640851.5057143234],[6855081.371428609,3633275.83142861],[6864943.265714325,3630756.1514286064],[6867779.228571467,3625303.8942857496],[6872526.197142899,3625165.977142893],[6875249.662857182,3629007.528571464],[6870860.5114286095,3635144.108571466],[6873126.908571467,3641127.76285718],[6862644.074285753,3650264.0400000364],[6860163.994285755,3657614.0800000355],[6855563.254285753,3660677.337142892],[6851172.828571469,3659253.802857179],[6847114.308571465,3662673.805714324]]],[[[6773552.982857183,3721869.8885714635],[6772630.614285752,3720037.0800000355],[6765085.840000041,3717526.55428575],[6760348.951428615,3720752.720000036],[6755534.745714329,3719993.8542857505],[6750391.097142898,3713791.6200000383],[6752976.202857181,3707292.4342857525],[6752178.74857147,3701779.0171428956],[6753333.631428614,3698011.5800000355],[6759878.4428571835,3687854.982857179],[6766515.705714323,3686925.025714323],[6772335.737142898,3691940.520000037],[6771383.485714324,3699594.691428609],[6776961.054285757,3710435.1971428953],[6776758.645714328,3719408.05428575],[6773552.982857183,3721869.8885714635]]],[[[5960953.774285756,4605931.008571465],[5952712.10857147,4605084.81142861],[5950709.951428607,4603445.408571467],[5948467.857142895,4595842.597142894],[5950862.137142897,4590367.0542857535],[5956880.845714323,4581805.300000038],[5964897.148571469,4580781.320000038],[5971473.034285754,4584292.765714325],[5977467.540000036,4583444.560000036],[5980392.925714321,4581593.26285718],[5985760.345714323,4584068.965714324],[5985029.385714322,4587255.83142861],[5979128.951428607,4597363.637142897],[5968480.948571466,4605180.44285718],[5966325.297142893,4603880.014285751],[5960953.774285756,4605931.008571465]]],[[[6497905.7971429005,3301192.868571464],[6494941.622857183,3296429.0400000364],[6498256.251428612,3287160.5857143216],[6497921.405714326,3280511.0114286095],[6499616.78285718,3272069.285714321],[6505476.9428571835,3266221.6200000346],[6511185.994285755,3263665.405714322],[6514395.120000042,3255303.2314286083],[6519300.42857147,3250314.642857179],[6523335.834285751,3252538.6257143207],[6526078.957142897,3259418.8971428946],[6523512.900000043,3264456.362857178],[6520428.045714326,3275136.225714322],[6517519.9771429,3278008.908571463],[6512045.354285754,3289483.408571463],[6507936.234285757,3292567.482857179],[6505325.988571465,3300607.7714286074],[6497905.7971429005,3301192.868571464]]],[[[7222856.708571471,3111789.380000036],[7210994.485714324,3111345.951428607],[7200877.580000043,3109830.2828571796],[7202427.9771429,3107342.9285714664],[7209056.285714328,3106211.1685714647],[7212834.594285756,3107038.1171428934],[7216964.448571466,3104658.868571464],[7225726.9342857525,3104392.071428608],[7222775.717142895,3100601.791428607],[7231208.354285754,3087389.531428609],[7234721.911428615,3087253.345714323],[7236060.540000044,3083455.8228571787],[7241852.785714328,3085917.600000035],[7247035.342857182,3085516.908571463],[7254156.88571433,3086611.560000036],[7259427.025714323,3091094.491428606],[7260906.791428611,3094729.031428609],[7258220.185714327,3097971.257142894],[7246237.834285758,3104656.3971428946],[7244746.282857187,3107687.520000037],[7237467.9342857525,3109890.597142894],[7222856.708571471,3111789.380000036]]],[[[6905634.92857147,3113557.020000037],[6897445.068571471,3112827.4200000353],[6890017.874285758,3110488.3000000343],[6887888.577142894,3107346.340000037],[6889731.28285718,3100816.680000037],[6894316.485714324,3099123.8428571783],[6905052.885714322,3091800.291428607],[6907566.465714328,3091343.9657143205],[6911342.60285718,3086684.362857178],[6916573.051428609,3085061.8428571783],[6929182.277142897,3084593.37428575],[6929709.777142897,3088164.7285714634],[6934165.357142895,3095052.685714323],[6927328.731428608,3096508.10285718],[6928944.997142896,3101327.3600000367],[6925871.177142896,3102564.220000036],[6919476.502857186,3108455.251428608],[6914576.968571469,3109458.7285714634],[6905634.92857147,3113557.020000037]]],[[[7441999.877142899,2931399.588571463],[7434831.562857181,2931062.1600000374],[7429492.631428614,2927620.8828571774],[7430753.33142861,2910748.340000037],[7430281.357142895,2903672.994285751],[7432062.077142894,2891215.1942857504],[7435155.7885714695,2886523.16571432],[7440042.062857181,2886916.0371428914],[7445535.557142898,2893350.334285751],[7449360.694285758,2901788.208571464],[7454402.368571468,2904480.217142891],[7453218.225714326,2908019.8200000376],[7454916.134285755,2913784.208571464],[7454889.245714329,2922560.171428606],[7452836.111428611,2925857.2714286074],[7449167.38571433,2926298.4628571793],[7441999.877142899,2931399.588571463]]],[[[6662466.685714327,3740339.362857178],[6655147.648571469,3739523.7714286074],[6652844.7885714695,3734201.7114286087],[6646804.094285756,3729096.9657143243],[6640519.508571468,3729361.757142894],[6636421.06000004,3734550.865714323],[6630261.182857186,3733506.914285749],[6625562.208571471,3731125.414285749],[6625412.551428609,3728110.131428607],[6628504.111428611,3722846.5114286095],[6620545.7114286125,3725694.8514286093],[6617140.60285718,3724070.5485714637],[6615292.257142894,3719275.7428571805],[6618209.857142895,3716129.2657143213],[6627723.628571466,3718631.8228571787],[6634710.514285751,3712446.2800000384],[6640455.300000042,3704766.0800000355],[6642998.580000043,3706049.405714322],[6649339.751428612,3703053.5142857507],[6652207.33142861,3706548.5514286086],[6643626.122857183,3717620.5342857502],[6644958.254285753,3719560.294285752],[6649896.762857184,3715793.5400000364],[6654823.091428608,3717973.60285718],[6660318.128571466,3718042.108571466],[6669008.002857186,3728040.33142861],[6669817.820000038,3730433.362857178],[6662466.685714327,3740339.362857178]]],[[[6047303.074285753,4850065.185714323],[6040559.805714324,4843605.408571467],[6038058.445714325,4837993.771428611],[6034771.368571468,4822273.5542857535],[6037125.048571467,4819954.848571468],[6042594.625714324,4819872.420000039],[6045714.745714322,4821422.654285751],[6051424.465714328,4813965.448571466],[6049022.794285752,4805542.497142896],[6056390.517142899,4800562.657142896],[6058270.5200000405,4793753.828571465],[6063834.914285757,4806946.828571465],[6063802.142857179,4814202.242857181],[6062296.342857182,4817614.531428609],[6064361.245714322,4827167.437142894],[6063671.477142893,4832083.365714323],[6061201.817142896,4836930.260000039],[6062899.154285751,4840807.985714324],[6060488.100000039,4845273.1228571795],[6051798.994285755,4844571.140000038],[6047303.074285753,4850065.185714323]]],[[[6023412.771428607,4174978.642857179],[6016359.325714327,4174412.2742857523],[6008639.208571471,4172203.7485714667],[6001541.671428613,4168407.6342857517],[5991170.7114286125,4168359.26285718],[5981099.137142897,4160838.074285753],[5969888.300000042,4156954.3971428946],[5970823.871428609,4152881.3885714673],[5975824.914285757,4149387.8942857496],[5987246.257142894,4148016.8228571787],[5994300.180000037,4146176.2457143217],[6000812.508571468,4146733.2457143217],[6011198.660000041,4151070.071428608],[6013350.445714325,4154830.682857182],[6020933.74857147,4159889.4028571807],[6026096.891428612,4167136.957142893],[6025932.257142894,4171920.868571464],[6023412.771428607,4174978.642857179]]],[[[6526634.78285718,3316711.028571464],[6524328.148571469,3314013.337142892],[6526616.857142895,3304893.571428608],[6531131.005714327,3300175.5742857493],[6534248.500000037,3302708.131428607],[6539478.840000041,3298443.4028571807],[6538682.460000038,3294535.8828571774],[6542334.528571472,3292274.300000038],[6542040.171428613,3288009.6257143207],[6545327.357142895,3281718.1257143207],[6545378.462857179,3277535.5428571776],[6550075.917142898,3274423.451428607],[6557601.962857179,3281448.377142895],[6559430.445714325,3274833.3142857514],[6559264.325714327,3270143.8114286065],[6565762.128571466,3266750.7314286083],[6575268.8657143265,3268887.191428609],[6578704.268571466,3265886.3914286084],[6584866.734285757,3270455.48571432],[6580191.902857184,3278149.0085714646],[6572451.094285756,3276536.2285714634],[6565876.142857179,3279278.3142857514],[6561346.3371429,3283597.605714321],[6562444.177142896,3295264.7000000365],[6560633.037142895,3298129.3600000367],[6549026.317142896,3304675.828571465],[6545998.028571472,3307932.9000000358],[6531430.254285753,3313474.9628571793],[6526634.78285718,3316711.028571464]]],[[[7554625.314285755,3106451.088571463],[7543821.134285755,3102611.448571466],[7538432.282857187,3103518.905714322],[7528685.688571468,3097593.6600000374],[7522063.411428615,3092003.9657143205],[7519989.037142895,3087803.0114286058],[7523124.397142895,3082676.405714322],[7534871.857142895,3079553.1514286064],[7539128.708571471,3080521.720000036],[7541323.168571472,3078161.794285752],[7550655.777142897,3074126.3428571783],[7555656.38571433,3075335.5800000355],[7555863.402857184,3070497.517142892],[7563264.368571468,3071634.457142893],[7564760.582857184,3076394.5514286086],[7562527.774285756,3081043.140000034],[7563999.24857147,3083961.2228571773],[7563655.3657143265,3092866.9600000344],[7559994.042857185,3094575.3228571787],[7561356.314285755,3101634.8085714653],[7553630.554285757,3100794.2114286087],[7554625.314285755,3106451.088571463]]],[[[6716243.328571469,3703285.3571428955],[6708430.231428608,3703719.6114286073],[6704404.360000037,3701648.340000037],[6700927.000000037,3694984.494285751],[6702133.457142897,3688729.49142861],[6698671.997142896,3680682.180000037],[6700023.005714327,3674881.614285752],[6696861.180000037,3669256.488571465],[6687160.2200000435,3665069.0942857526],[6686183.731428608,3651964.2885714658],[6684152.974285752,3646292.405714322],[6685536.345714323,3641351.291428607],[6690884.068571471,3638411.3885714635],[6693875.631428614,3642065.520000037],[6702620.480000041,3648772.0400000364],[6708767.362857185,3656782.0800000355],[6707920.7114286125,3661095.0000000373],[6712684.160000041,3671201.6971428953],[6711365.005714327,3677079.7885714658],[6713872.460000038,3679464.208571464],[6712557.0885714665,3686007.9200000353],[6717842.757142894,3685546.0857143216],[6718380.525714323,3690361.445714321],[6720736.002857186,3695349.5114286095],[6716243.328571469,3703285.3571428955]]],[[[5884207.580000035,4480242.637142893],[5876495.188571468,4477337.880000036],[5871825.0114286095,4474057.868571468],[5870609.834285751,4469535.222857181],[5872918.500000037,4466100.37428575],[5871570.320000038,4461459.1314286105],[5875183.277142897,4459927.365714323],[5874531.042857185,4450393.911428608],[5876363.988571465,4445615.865714323],[5875234.808571465,4442451.625714324],[5880426.05428575,4440541.680000037],[5884513.234285757,4440708.628571466],[5890771.405714326,4437430.49142861],[5900440.500000037,4438757.974285752],[5905106.637142897,4440818.705714323],[5909450.477142893,4444952.822857179],[5911261.900000036,4449486.125714324],[5905852.568571471,4453410.251428608],[5906119.065714322,4456520.908571467],[5901202.034285754,4456986.594285753],[5896576.154285751,4461652.03428575],[5897366.771428607,4465442.697142895],[5895296.640000038,4470628.925714321],[5889598.797142893,4478448.985714324],[5884207.580000035,4480242.637142893]]],[[[6409703.660000041,3540236.062857181],[6407962.885714322,3540019.520000037],[6400466.940000042,3525481.9971428923],[6401182.220000036,3519722.785714321],[6397412.054285757,3514877.560000036],[6403384.5885714665,3509440.868571464],[6403941.868571468,3503604.345714323],[6399954.740000039,3498744.7828571796],[6400186.334285751,3495542.488571465],[6404570.10857147,3485438.371428609],[6407839.354285754,3481666.8114286065],[6412680.611428611,3478872.025714323],[6418493.394285753,3478521.37428575],[6421842.245714322,3483776.845714323],[6423899.745714322,3491128.448571466],[6424320.465714328,3498301.4371428937],[6421825.631428614,3514064.405714322],[6419154.617142893,3525746.10285718],[6419574.38000004,3530137.760000035],[6417881.002857186,3533847.642857179],[6409703.660000041,3540236.062857181]]],[[[5906315.217142895,4435317.520000037],[5895031.465714328,4432513.748571467],[5889071.814285755,4432789.548571467],[5879611.645714328,4430622.757142894],[5874144.431428611,4431037.468571465],[5871345.917142898,4427399.865714323],[5866897.354285754,4424776.734285753],[5868368.180000037,4417162.071428608],[5874272.045714326,4413236.5885714665],[5884860.765714325,4408867.882857181],[5893456.480000041,4406578.840000037],[5908773.817142896,4409417.040000036],[5916039.182857186,4414160.03428575],[5919512.465714328,4422589.231428608],[5915681.642857179,4433917.605714325],[5906315.217142895,4435317.520000037]]],[[[5858470.514285751,4345684.731428608],[5849795.857142895,4343813.6228571795],[5840537.122857183,4331699.840000037],[5841649.92285718,4330064.0542857535],[5835861.320000038,4319938.817142896],[5832144.800000042,4315227.108571466],[5839395.708571471,4305603.388571467],[5849119.70000004,4300672.577142894],[5860271.614285752,4302122.2000000365],[5866184.274285756,4307574.67142861],[5869859.254285753,4312418.58285718],[5868801.414285757,4317951.380000036],[5866551.891428612,4320290.988571465],[5868326.431428611,4327305.120000038],[5864574.062857181,4340285.642857179],[5858470.514285751,4345684.731428608]]],[[[6867309.7971429005,3081741.6142857485],[6858753.945714325,3079640.368571464],[6856543.980000041,3081401.3228571787],[6851781.074285753,3079327.3485714644],[6841705.808571465,3072238.868571464],[6842181.148571469,3069106.6657143235],[6848588.325714327,3064403.4600000344],[6858477.962857179,3055176.2828571796],[6860264.680000037,3054821.871428609],[6868088.994285755,3047101.225714322],[6876408.1657143235,3042066.4714286067],[6880125.480000041,3042773.2800000347],[6889354.628571466,3052845.0371428914],[6893294.074285753,3054747.362857178],[6893804.9428571835,3065210.8971428946],[6891534.420000039,3068586.802857179],[6885674.480000041,3073545.368571464],[6881932.885714322,3080225.717142895],[6878561.182857186,3077390.294285752],[6875889.068571471,3081617.0028571784],[6867309.7971429005,3081741.6142857485]]],[[[5867848.962857179,4608147.317142896],[5863262.142857179,4604852.185714323],[5866451.10285718,4596690.257142894],[5867090.334285751,4591703.728571467],[5864498.594285756,4584076.100000039],[5867878.185714327,4579902.6228571795],[5865058.294285752,4574978.502857182],[5867907.834285751,4563729.537142895],[5866389.722857185,4558078.440000039],[5870811.240000039,4543764.357142895],[5873290.8657143265,4539430.997142896],[5877770.920000039,4536417.731428608],[5878828.5885714665,4531632.842857182],[5881503.19428575,4530421.677142896],[5885375.111428611,4533573.845714323],[5887702.897142895,4531501.702857181],[5890942.5200000405,4533912.105714325],[5893652.417142898,4541966.437142894],[5892790.691428609,4551781.774285752],[5888016.537142895,4559471.185714323],[5886715.217142895,4564269.0885714665],[5881337.728571467,4563843.362857182],[5882165.811428614,4570627.828571465],[5884823.56000004,4573542.482857179],[5884678.737142898,4577915.920000039],[5882026.462857179,4589652.76285718],[5878982.040000036,4597212.845714323],[5873319.642857179,4605690.957142893],[5867848.962857179,4608147.317142896]]],[[[6223565.454285756,4559387.128571466],[6221958.0885714665,4556413.677142896],[6216156.094285756,4553388.7000000365],[6215402.540000036,4551162.108571466],[6216596.0200000405,4534936.657142896],[6215911.517142899,4530861.417142894],[6220842.685714327,4520934.5542857535],[6228540.69428575,4516317.894285753],[6237007.697142899,4508250.174285751],[6242663.214285754,4507918.291428611],[6248607.660000041,4511761.240000039],[6254764.291428611,4523340.125714324],[6252513.362857185,4525976.162857182],[6251679.685714327,4538472.37428575],[6243696.671428613,4549411.740000039],[6239887.808571465,4551376.680000037],[6239587.297142893,4554298.020000037],[6235247.534285754,4556562.454285752],[6231938.42857147,4555829.520000037],[6223565.454285756,4559387.128571466]]],[[[6897986.5885714665,3615286.285714321],[6898264.940000042,3608402.2314286083],[6895186.182857186,3600745.5400000364],[6891316.517142899,3601172.605714321],[6885560.768571466,3599146.5771428943],[6885577.582857184,3593435.8114286065],[6889605.277142897,3584658.834285751],[6899691.054285757,3574089.380000036],[6911261.574285753,3571479.457142893],[6923715.894285753,3578104.2314286083],[6930973.031428613,3578679.571428608],[6939728.194285758,3581553.940000035],[6946314.042857185,3582018.2114286087],[6947780.702857181,3587113.1714286096],[6946260.362857185,3591753.6657143235],[6941555.531428613,3598290.260000035],[6940216.3657143265,3604006.142857179],[6932891.134285755,3606700.114285752],[6927006.097142898,3604102.7485714667],[6925399.325714327,3601060.182857178],[6920434.10857147,3603452.5828571804],[6913227.597142898,3604757.022857178],[6903748.611428611,3605011.0885714665],[6904339.997142896,3612355.877142895],[6897986.5885714665,3615286.285714321]]],[[[6951736.128571466,2341917.8514286056],[6951112.2971429005,2335986.365714319],[6952762.974285752,2313864.257142894],[6952067.668571472,2297486.6171428934],[6950669.234285757,2293877.105714321],[6944116.897142895,2292468.0457143225],[6945243.38000004,2305244.068571463],[6945663.628571466,2320185.5057143196],[6943510.940000042,2320366.7228571773],[6943476.117142901,2306419.522857178],[6942393.480000041,2299447.37428575],[6939550.860000037,2293818.520000037],[6935253.505714327,2288474.640000034],[6932261.591428615,2282315.5000000335],[6928528.468571469,2268900.051428605],[6921281.951428615,2257959.6085714623],[6921201.620000042,2255497.5742857493],[6926856.4428571835,2253933.2314286083],[6928998.5657143295,2249861.8057143204],[6932301.2114286125,2249468.705714319],[6934446.917142898,2257654.977142893],[6938742.451428615,2266759.5028571784],[6940132.148571469,2272445.9685714655],[6944095.491428614,2282488.988571465],[6946609.874285758,2285968.402857177],[6950513.908571467,2283375.0114286058],[6946371.242857181,2271461.557142891],[6941858.574285753,2255698.6457143202],[6945883.208571471,2260059.754285749],[6952553.034285754,2256398.8828571774],[6955378.271428615,2259238.2028571777],[6960200.405714326,2272484.8228571787],[6961814.057142898,2279911.37428575],[6962948.845714323,2291515.568571463],[6965753.048571467,2301036.0371428914],[6970072.334285751,2299128.0314286053],[6969601.034285754,2314303.648571465],[6973586.762857184,2316515.068571463],[6977820.071428612,2312294.4971428923],[6975571.997142896,2324594.1142857485],[6968948.314285755,2322733.022857178],[6963164.960000038,2327153.1685714647],[6961546.594285756,2333298.3057143204],[6952761.911428608,2334089.8428571783],[6951736.128571466,2341917.8514286056]]],[[[6115142.491428614,4577919.528571468],[6112347.042857185,4575826.640000038],[6100516.10285718,4571550.031428609],[6094953.640000038,4566194.440000039],[6093749.094285756,4555876.228571467],[6098217.271428607,4544539.457142893],[6103406.5200000405,4540558.111428607],[6113344.371428609,4541325.677142896],[6117829.882857181,4539011.997142896],[6127587.20000004,4541803.917142894],[6132775.991428614,4539762.945714325],[6137962.457142897,4540274.17142861],[6144837.251428612,4536506.071428608],[6151948.500000037,4537107.6314286105],[6158787.285714328,4535635.094285753],[6161014.260000043,4538707.162857182],[6160705.037142895,4547605.185714323],[6162791.171428613,4549770.080000039],[6163153.114285752,4555080.708571468],[6165127.894285753,4558094.1228571795],[6169402.825714327,4557418.794285752],[6170746.957142897,4559987.722857181],[6167434.3657143265,4567693.185714323],[6157465.800000042,4573308.877142895],[6149326.0114286095,4569228.740000039],[6148451.137142897,4571831.97142861],[6141543.548571467,4570995.097142894],[6132472.414285757,4575602.368571468],[6126128.968571469,4575343.411428608],[6123396.7885714695,4572035.94285718],[6115431.845714323,4570872.737142894],[6115142.491428614,4577919.528571468]]],[[[6905902.094285756,1950857.3914286047],[6901400.408571467,1950081.1200000346],[6891956.682857186,1951619.0114286058],[6884368.10285718,1948402.782857176],[6879746.402857184,1949478.1942857504],[6871826.74857147,1946998.634285748],[6861471.042857185,1941756.2085714638],[6858981.740000039,1942055.1457143202],[6854098.791428611,1937891.5371428914],[6850380.191428609,1931512.9057143219],[6847093.077142894,1923244.7428571768],[6847944.054285757,1921111.2571428902],[6854929.3371429,1917655.094285749],[6867073.688571468,1915982.060000036],[6882528.9885714725,1911891.0542857498],[6899663.268571466,1911332.6485714614],[6917273.691428609,1904286.942857176],[6922992.620000042,1904469.5485714637],[6936898.500000037,1902032.8514286056],[6941111.925714329,1899399.174285747],[6942823.077142894,1907300.5085714646],[6942074.302857183,1911608.6028571762],[6936915.285714328,1918010.408571463],[6933473.888571471,1926596.2800000347],[6927540.525714323,1934228.711428605],[6918673.834285751,1940911.4257143214],[6916812.074285753,1944191.0800000355],[6907718.491428614,1948546.1485714614],[6905902.094285756,1950857.3914286047]]],[[[6810975.997142896,2953629.1685714647],[6802674.271428615,2947888.994285751],[6799032.754285753,2948699.2885714658],[6795234.714285754,2945522.4600000344],[6793161.742857181,2934506.1685714647],[6788146.240000039,2926293.180000037],[6786375.842857182,2918489.8857143223],[6787292.648571469,2914543.9600000344],[6786337.771428615,2903684.8085714653],[6787944.697142899,2893753.631428607],[6790721.397142895,2886632.26285718],[6794933.417142898,2881350.445714321],[6800768.965714328,2879369.6942857504],[6806206.462857179,2876016.87428575],[6813775.677142896,2863954.525714323],[6818165.525714323,2862117.1285714656],[6822325.671428613,2865348.1942857504],[6823839.068571471,2868811.871428609],[6822991.902857184,2873073.76285718],[6826106.948571466,2878034.3885714635],[6827938.5114286095,2887565.760000035],[6826941.025714323,2889976.8085714653],[6829713.868571468,2897845.8114286065],[6828005.377142899,2904193.637142893],[6832296.448571466,2917614.6257143207],[6830701.1571429,2924329.328571465],[6831845.354285754,2931453.6285714656],[6830023.445714325,2935521.268571466],[6831531.4771429,2938368.4685714655],[6827531.045714326,2942560.5428571776],[6819449.054285757,2948628.87428575],[6818030.957142897,2951525.21428575],[6810975.997142896,2953629.1685714647]]],[[[5746598.1571428925,4170392.8571428955],[5738802.057142898,4159697.7828571796],[5731467.980000041,4152728.4657143243],[5740553.92285718,4145862.7314286083],[5747340.040000036,4138630.794285752],[5750353.460000038,4129913.834285751],[5754864.37428575,4124256.8485714644],[5753609.674285755,4113246.2771428935],[5757701.405714326,4110032.9000000358],[5756951.411428608,4106639.717142895],[5759495.300000042,4103244.3257143237],[5759827.640000038,4097434.914285753],[5762976.122857183,4090178.0800000355],[5767383.025714323,4083142.5342857502],[5766470.500000037,4081448.417142894],[5770409.017142899,4074802.411428608],[5774018.262857184,4078597.297142893],[5776869.988571465,4084634.1971428953],[5782740.717142895,4087124.1285714656],[5786981.2885714695,4097205.5457143225],[5797030.042857185,4108447.37428575],[5802419.10857147,4116764.0942857526],[5806780.431428611,4128056.028571464],[5806666.745714322,4132756.334285751],[5810980.185714327,4141960.097142894],[5810099.525714323,4147492.1771428958],[5806696.60285718,4152471.7828571796],[5803860.842857182,4153115.2000000365],[5801907.522857182,4157929.225714322],[5797125.134285755,4163461.420000039],[5796104.034285754,4167728.877142895],[5789817.740000039,4171086.497142896],[5783714.025714323,4172501.7742857523],[5777241.477142893,4170111.5914286077],[5759564.640000038,4173718.4028571807],[5753183.10857147,4173580.4742857516],[5746598.1571428925,4170392.8571428955]]],[[[6674112.845714323,2992455.6257143207],[6667660.997142896,2991175.7714286074],[6663059.362857185,2984412.1542857513],[6652951.4771429,2984500.994285751],[6648999.237142898,2983679.6142857485],[6644900.794285752,2980542.6228571795],[6635783.217142895,2971251.3085714653],[6630214.085714325,2971873.3000000343],[6627356.485714324,2977130.3885714635],[6620686.911428608,2978501.4714286067],[6616641.42857147,2975179.642857179],[6610742.105714329,2966931.1342857517],[6609111.4342857525,2957270.7057143226],[6610724.497142896,2950632.2314286083],[6608271.322857186,2948394.3114286065],[6603969.045714326,2936715.9971428923],[6595512.774285756,2926663.2000000365],[6595075.468571469,2920859.6885714643],[6598596.274285756,2916057.5000000373],[6607189.645714328,2909029.8200000376],[6608695.111428611,2905732.685714323],[6610084.242857181,2893171.0485714637],[6611532.757142894,2891277.4228571802],[6617028.328571469,2895601.060000036],[6619609.885714322,2900564.9657143205],[6624363.548571467,2905010.2800000347],[6630115.954285756,2906602.951428607],[6637997.074285753,2901923.1942857504],[6643058.342857182,2900504.2457143217],[6654881.280000038,2912538.66571432],[6659965.237142898,2923135.177142892],[6664401.38000004,2929466.4200000353],[6668789.645714328,2932978.5914286077],[6670803.568571471,2941091.2714286074],[6675306.457142897,2948816.908571463],[6683042.245714329,2952968.017142892],[6684896.491428614,2957537.257142894],[6689773.414285757,2964685.785714321],[6687951.002857186,2977922.5742857493],[6690771.160000041,2987197.9657143205],[6688700.274285756,2989952.2714286074],[6685219.5114286095,2989250.8228571787],[6674112.845714323,2992455.6257143207]]],[[[6062913.5114286095,4696384.071428608],[6058812.9342857525,4692513.300000038],[6056036.637142897,4686442.645714324],[6056277.74857147,4680123.108571466],[6058073.342857182,4674120.408571467],[6060710.654285751,4670243.834285751],[6060316.514285751,4664056.742857181],[6056148.24857147,4664519.5542857535],[6053081.405714326,4661897.385714322],[6053742.742857181,4655572.148571465],[6058636.688571468,4647469.340000037],[6059784.15142861,4637438.668571465],[6063177.777142897,4635986.791428611],[6064637.502857178,4630685.480000038],[6068306.540000036,4625498.525714323],[6074975.177142896,4626403.248571467],[6077406.311428614,4621715.842857182],[6084095.860000037,4616911.611428611],[6083946.111428611,4612879.100000039],[6080659.440000042,4610265.765714325],[6070310.605714329,4611641.025714323],[6061963.628571466,4607562.094285753],[6066949.342857182,4604346.697142895],[6072602.717142895,4596985.388571467],[6079273.445714325,4592530.500000037],[6076362.551428609,4588563.025714323],[6075414.714285754,4580710.177142896],[6080261.762857184,4578195.440000039],[6084824.054285757,4584445.374285754],[6091650.631428614,4590746.868571468],[6093621.754285753,4585684.668571465],[6101973.180000037,4586888.882857181],[6109362.300000042,4591765.954285752],[6115766.257142894,4593475.688571468],[6119232.551428609,4596097.180000037],[6123567.19428575,4593505.594285753],[6126308.60857147,4599396.748571467],[6129832.1571429,4611221.585714322],[6125570.368571468,4616326.634285752],[6122616.517142899,4623693.025714323],[6122243.37428575,4627720.28285718],[6124811.811428614,4631808.771428607],[6132087.037142895,4637665.6314286105],[6132345.937142894,4641434.451428611],[6128318.980000041,4647505.117142893],[6120193.931428611,4655238.580000039],[6113960.342857182,4658426.408571467],[6108372.265714325,4653993.188571468],[6100622.105714329,4660354.537142895],[6104179.231428608,4671723.174285751],[6100216.797142893,4670552.871428609],[6096840.8657143265,4677928.0542857535],[6088793.4428571835,4680615.574285753],[6086453.7114286125,4685491.702857181],[6076416.345714323,4693164.268571466],[6072245.734285757,4694838.6657143235],[6062913.5114286095,4696384.071428608]]],[[[6116757.3657143265,4335947.468571465],[6110989.600000039,4333251.220000036],[6103913.631428614,4328105.402857181],[6096791.6571429,4327489.360000037],[6091094.37428575,4322465.802857179],[6090124.817142896,4316406.19428575],[6086509.054285757,4315728.425714321],[6085463.308571465,4308346.957142893],[6081104.448571466,4299541.917142894],[6081595.137142897,4293735.711428609],[6076815.988571465,4294764.297142893],[6072777.334285751,4291540.251428608],[6065634.1571429,4277131.517142896],[6063925.137142897,4267750.28285718],[6067377.014285751,4269774.76285718],[6071195.040000036,4268422.1228571795],[6070127.354285754,4260494.074285753],[6072134.854285754,4257550.648571465],[6077559.391428612,4259966.47142861],[6081853.5885714665,4252208.60285718],[6085745.197142899,4247596.388571467],[6090057.497142896,4247475.891428608],[6095911.828571469,4244332.802857179],[6101516.820000038,4244560.085714322],[6107321.117142893,4238330.708571468],[6106363.20000004,4230537.42285718],[6110663.274285756,4229112.954285752],[6113172.557142898,4231453.237142894],[6116631.70000004,4225847.100000039],[6121853.100000039,4223736.4342857525],[6130603.185714327,4226365.745714322],[6131817.937142894,4224259.377142895],[6139178.414285757,4225448.377142895],[6145725.917142898,4224545.871428609],[6152761.274285756,4227994.625714324],[6155185.000000037,4240601.580000035],[6156112.940000042,4250711.142857179],[6155564.877142899,4260735.291428607],[6152778.968571469,4268746.19428575],[6154521.917142898,4279099.928571466],[6151676.960000038,4286420.900000036],[6153912.5114286095,4289727.83142861],[6154117.582857184,4294273.240000036],[6150832.834285751,4297933.428571466],[6150243.811428614,4303532.220000036],[6143593.142857179,4310302.925714321],[6140339.685714327,4316994.254285753],[6132609.577142894,4329773.397142895],[6127456.731428608,4333254.351428609],[6116757.3657143265,4335947.468571465]]],[[[6838446.222857185,3616258.3228571787],[6833166.568571471,3615826.7800000384],[6826862.191428609,3608805.6971428953],[6819944.725714326,3608601.0800000355],[6818415.660000041,3611500.8857143223],[6813343.148571469,3605624.5400000364],[6805894.557142898,3600170.708571464],[6803068.42857147,3594307.751428608],[6800574.185714327,3583783.805714324],[6798213.960000038,3578658.8085714653],[6798270.988571465,3573784.0942857526],[6794506.308571465,3550468.1885714643],[6793804.454285756,3537470.977142893],[6795144.5657143295,3532119.494285751],[6801356.10285718,3518939.645714324],[6803467.340000041,3509164.8228571787],[6805757.4771429,3507161.6200000383],[6810269.994285755,3499059.594285749],[6817910.517142899,3488788.905714322],[6826210.374285758,3489332.8600000367],[6830972.440000042,3488526.3885714635],[6835740.457142897,3491069.6942857504],[6838493.105714329,3494528.340000037],[6841280.371428609,3493388.708571464],[6846939.4428571835,3497556.105714321],[6856986.854285754,3498474.4714286067],[6867323.468571469,3504527.828571465],[6877967.002857186,3515242.71428575],[6886562.174285755,3530631.148571465],[6887087.760000043,3546551.5828571804],[6881198.465714328,3566186.4000000358],[6873560.2114286125,3580869.3257143237],[6872953.202857181,3584905.1114286073],[6874924.097142898,3592490.2657143213],[6874002.951428615,3600369.177142892],[6871535.077142894,3606829.5400000364],[6862555.862857185,3612813.951428607],[6854588.948571466,3611834.068571467],[6846034.980000041,3614847.9285714664],[6838446.222857185,3616258.3228571787]]],[[[6622569.545714326,4162000.4685714655],[6616654.851428613,4161400.994285751],[6608958.065714322,4158528.5142857507],[6596989.671428613,4156297.145714324],[6593312.522857182,4152201.2485714667],[6579946.348571472,4150008.760000039],[6576978.531428613,4152624.068571467],[6562127.240000039,4156192.7028571814],[6560768.142857179,4152528.180000037],[6550131.528571472,4158829.5857143216],[6539356.605714329,4155867.565714322],[6541346.974285752,4146545.2485714667],[6538704.820000038,4139600.9285714664],[6540805.400000043,4132717.145714324],[6544238.482857183,4129750.488571465],[6542229.502857186,4125292.0114286095],[6544129.437142894,4118115.751428608],[6542883.308571465,4115442.8628571816],[6544270.834285751,4110484.528571464],[6548962.0885714665,4104159.8514286093],[6560919.308571465,4103077.751428608],[6566466.234285757,4104361.1685714647],[6570088.251428612,4101368.185714323],[6571464.594285756,4096975.0828571804],[6572289.06000004,4084515.371428609],[6575410.920000039,4075114.2371428944],[6579327.205714323,4070779.1342857517],[6581097.951428615,4064207.3971428946],[6588436.38000004,4061318.1000000387],[6596917.474285752,4054815.6000000387],[6604459.654285751,4054674.031428609],[6611514.268571466,4058147.865714323],[6618559.154285751,4065262.6000000387],[6630775.625714324,4075754.76285718],[6636939.217142895,4079067.2857143246],[6641288.5114286095,4079311.414285753],[6652508.691428609,4082978.3628571816],[6662207.268571466,4083136.9800000377],[6667741.882857181,4081591.574285753],[6681885.388571471,4082492.220000036],[6686455.828571469,4083931.908571467],[6692985.622857183,4082853.0571428947],[6701350.2971429005,4086620.7428571805],[6705123.594285756,4091265.571428608],[6703861.062857181,4098007.9228571802],[6694560.38000004,4099157.300000038],[6691819.485714324,4110863.460000038],[6693386.097142898,4114208.37428575],[6687394.437142894,4115987.5800000355],[6681099.9771429,4115300.6942857504],[6678923.728571467,4119695.182857182],[6680782.242857181,4122868.520000037],[6679653.697142899,4126317.2742857523],[6673550.951428615,4130859.291428607],[6672031.808571465,4134996.1171428934],[6666938.640000038,4133676.3114286102],[6661659.9342857525,4137691.105714321],[6661707.662857182,4140933.6971428953],[6656514.757142894,4145937.4685714655],[6656185.085714325,4149282.7657143213],[6653129.408571467,4152065.60285718],[6648199.817142896,4152418.7714286074],[6645884.257142894,4154860.754285753],[6632252.260000043,4157329.0142857507],[6622569.545714326,4162000.4685714655]]],[[[5917768.754285753,4777846.057142895],[5917009.78285718,4773499.154285751],[5911574.991428614,4766448.214285754],[5908668.60285718,4759668.111428611],[5907070.20000004,4744265.137142897],[5910912.562857181,4741883.040000036],[5916176.385714322,4741810.748571467],[5920825.105714321,4745285.06000004],[5925583.231428608,4741819.5542857535],[5924712.60857147,4736243.657142896],[5918498.022857182,4724849.860000037],[5915495.042857185,4722670.080000039],[5914560.185714327,4716400.505714323],[5919463.897142895,4717208.017142896],[5923521.400000036,4720692.457142893],[5928409.685714327,4730305.402857181],[5933159.854285754,4734030.022857182],[5937078.994285755,4733408.28285718],[5937936.0200000405,4727823.300000038],[5941471.234285757,4722907.260000039],[5932228.514285751,4715545.460000038],[5930746.185714327,4710071.805714324],[5934344.297142893,4708198.354285751],[5938997.328571469,4711435.157142896],[5941284.145714328,4708247.688571468],[5947331.625714324,4709347.231428608],[5948664.785714328,4702575.368571468],[5944086.640000038,4700085.791428611],[5943322.454285756,4695775.191428609],[5935816.085714325,4697414.800000038],[5931377.237142898,4693749.937142894],[5943457.565714322,4688706.960000038],[5941735.225714326,4685046.337142896],[5942640.080000035,4681122.017142896],[5939329.085714325,4678299.634285752],[5935895.808571465,4680754.662857182],[5930994.671428613,4681055.368571468],[5925776.654285751,4683397.154285751],[5922486.88000004,4688173.94285718],[5913694.460000038,4691976.508571465],[5906838.351428613,4685055.720000036],[5905906.277142897,4678233.337142896],[5909450.385714322,4667364.642857179],[5914203.754285753,4655456.1228571795],[5920978.111428611,4653854.605714325],[5925461.794285752,4651158.557142895],[5928538.537142895,4656195.162857182],[5932632.1657143235,4657995.765714325],[5942487.717142895,4659774.625714324],[5945051.662857182,4661639.628571466],[5952858.911428608,4661858.457142893],[5955983.017142899,4660483.951428611],[5951135.914285757,4651604.860000037],[5954374.768571466,4645876.42285718],[5956698.5114286095,4645814.428571466],[5965812.55428575,4649428.522857182],[5969740.262857184,4645751.648571465],[5975234.474285752,4644503.597142894],[5976440.342857182,4641668.771428607],[5981518.065714322,4640502.3228571825],[5981392.24857147,4636813.042857181],[5983933.277142897,4633156.482857179],[5988705.534285754,4635278.065714322],[5989594.062857181,4628991.688571468],[5994695.117142893,4622145.19428575],[5992282.708571471,4619312.557142895],[5992370.345714323,4608641.294285752],[5995602.291428611,4598630.002857182],[5994805.988571465,4596836.03428575],[6000458.540000036,4592808.805714324],[6001920.845714323,4589610.928571466],[6010889.302857183,4585154.894285753],[6012552.002857178,4588986.677142896],[6023740.785714328,4588544.182857182],[6028201.214285754,4590981.497142896],[6030956.417142898,4597010.148571465],[6031494.731428608,4604842.137142897],[6036388.677142896,4612924.954285752],[6033488.294285752,4616156.691428609],[6032970.988571465,4620245.128571466],[6026701.225714326,4631127.062857181],[6026211.777142897,4639598.445714325],[6023084.708571471,4642496.940000039],[6019980.771428607,4641945.108571466],[6021866.154285751,4653928.805714324],[6019508.031428613,4657680.4771428965],[6025389.8657143265,4662081.191428609],[6026449.897142895,4670097.720000036],[6030494.982857183,4673553.717142895],[6026078.648571469,4676275.494285751],[6024050.362857185,4680746.788571466],[6019731.794285752,4679907.428571466],[6023247.33142861,4687894.005714323],[6021083.037142895,4692185.78285718],[6015254.774285756,4698050.885714322],[6014696.597142898,4703889.462857179],[6008985.92285718,4700462.508571465],[5999931.377142899,4699821.58285718],[5995817.208571471,4702986.014285751],[5998754.680000037,4709665.474285752],[6003364.740000039,4716803.120000038],[6000795.5200000405,4721715.594285753],[5998381.894285753,4720340.7771428935],[5991843.988571465,4733054.134285752],[5987453.117142893,4736860.974285752],[5983963.660000041,4736957.911428608],[5979584.708571471,4732396.000000037],[5973945.877142899,4730284.111428611],[5973430.965714328,4723840.642857179],[5965690.508571468,4723087.882857181],[5970625.017142899,4737029.820000038],[5966911.397142895,4749151.385714322],[5967131.254285753,4755194.885714322],[5964906.951428607,4762696.520000037],[5961613.760000043,4766144.868571468],[5958700.3657143265,4765112.071428608],[5953119.474285752,4774085.771428611],[5949344.722857185,4776113.097142894],[5921489.231428608,4773296.337142896],[5917768.754285753,4777846.057142895]]],[[[5972840.080000035,3716172.340000037],[5970183.340000041,3714821.522857178],[5967350.594285756,3707057.5885714665],[5962438.822857179,3705132.1171428934],[5958212.462857179,3697735.254285753],[5957288.55428575,3689799.1228571795],[5955197.0114286095,3686082.605714321],[5959346.805714324,3682605.0485714637],[5960355.217142895,3677267.914285749],[5967480.634285755,3666784.33142861],[5965991.19428575,3664923.417142894],[5959328.785714328,3671273.182857178],[5955272.0114286095,3680861.5857143216],[5948976.7885714695,3684566.065714322],[5945905.20000004,3681015.0028571784],[5945903.237142898,3677888.3114286065],[5949358.962857179,3674385.8971428946],[5945940.371428609,3672325.7342857495],[5944351.531428613,3666986.485714324],[5946702.802857183,3662892.7485714667],[5950313.340000041,3660885.522857178],[5951623.33142861,3653034.491428606],[5946293.937142894,3653970.0571428947],[5939143.794285752,3650711.180000037],[5936560.482857183,3641731.5028571784],[5927511.008571468,3639121.948571466],[5922148.5885714665,3638575.334285751],[5912875.888571471,3639195.6942857504],[5906574.677142896,3637661.108571466],[5902188.88000004,3626299.2885714658],[5905201.394285753,3624042.208571464],[5906990.245714322,3612094.6257143207],[5911189.808571465,3610438.8228571787],[5912779.0200000405,3607215.6685714647],[5920447.562857181,3609190.448571466],[5918936.19428575,3613931.6171428934],[5926252.805714324,3617155.254285749],[5930096.145714328,3614305.537142895],[5927504.0114286095,3608030.5742857493],[5928064.0114286095,3604300.4657143205],[5933256.500000037,3598394.614285752],[5938666.068571471,3597643.328571465],[5940482.514285751,3593322.648571465],[5944125.854285754,3594052.131428607],[5944816.408571467,3604565.877142895],[5951031.528571464,3601937.642857179],[5951454.740000039,3597362.254285749],[5948457.3371429,3595133.1514286064],[5951287.917142898,3588596.8428571783],[5956013.617142893,3585509.3971428946],[5969203.885714322,3581006.4200000353],[5971589.55428575,3575274.991428606],[5977568.097142898,3568599.5057143234],[5982444.1657143235,3568298.028571464],[5991247.05428575,3563022.1685714647],[5994303.688571468,3565741.945714321],[6002029.300000042,3563573.8971428946],[6014371.900000036,3554529.1600000374],[6025340.920000039,3556147.991428606],[6027959.225714326,3561410.44285718],[6032652.9428571835,3564802.4257143214],[6039070.028571464,3572830.182857178],[6041865.842857182,3570097.1971428953],[6048090.411428608,3584658.3542857505],[6056280.19428575,3585142.6685714647],[6056723.777142897,3577061.0114286095],[6061981.740000039,3586333.3485714644],[6067732.742857181,3589725.2771428935],[6069468.542857185,3595141.380000036],[6068180.034285754,3599610.2485714667],[6065122.937142894,3600638.0342857502],[6058011.925714321,3594537.785714321],[6051952.497142896,3593744.1942857504],[6050498.320000038,3599178.3971428946],[6045209.525714323,3598967.5742857493],[6045141.65142861,3606282.7885714658],[6041229.88000004,3619198.0742857493],[6043381.254285753,3624696.8085714653],[6043464.33142861,3629448.482857179],[6039874.911428608,3634686.5857143216],[6036724.568571471,3633579.371428609],[6034000.920000039,3638243.1514286064],[6035709.017142899,3642995.802857179],[6030810.820000038,3651905.802857179],[6024427.277142897,3657088.4314286076],[6021353.240000039,3661996.751428608],[6018409.500000037,3661302.868571464],[6014747.062857181,3667699.9742857516],[6010381.028571464,3668253.6342857517],[6002514.300000042,3678647.605714321],[6001111.142857179,3687472.411428608],[5996043.245714322,3690665.83142861],[5993877.268571466,3684261.720000036],[5989765.877142899,3685593.794285752],[5987980.4342857525,3689710.7000000365],[5992547.977142893,3693508.3971428946],[5991030.162857182,3700758.9342857525],[5987668.494285755,3700137.708571464],[5983222.597142898,3705224.8085714653],[5981536.385714322,3709120.560000036],[5976583.508571468,3714443.9028571807],[5972840.080000035,3716172.340000037]]],[[[5800657.562857181,4315624.748571467],[5799142.308571465,4319543.44285718],[5801912.257142894,4322967.19428575],[5806271.220000036,4322960.551428609],[5807985.688571468,4332472.660000037],[5809942.05428575,4337549.485714324],[5814101.408571467,4339342.848571464],[5818223.240000039,4345391.220000036],[5817512.425714321,4350550.477142893],[5820751.217142895,4352862.802857179],[5821226.180000037,4356871.28285718],[5818710.765714325,4359240.008571465],[5822472.260000043,4363625.111428607],[5827340.745714322,4365322.44285718],[5830915.262857184,4372372.982857179],[5833412.462857179,4381372.925714321],[5833673.65142861,4391240.040000036],[5835076.228571467,4396355.174285751],[5833592.47142861,4405616.480000038],[5831620.394285753,4409968.857142895],[5825434.111428611,4417791.9771428965],[5816194.585714325,4424771.414285753],[5810970.974285752,4426898.21428575],[5807331.562857181,4424400.385714322],[5798472.78285718,4414936.128571466],[5798445.860000037,4409353.685714323],[5796353.951428607,4403436.5114286095],[5797992.522857182,4399325.842857182],[5792793.945714325,4395197.817142896],[5790440.305714324,4406493.420000039],[5793921.737142898,4411391.931428608],[5784689.731428608,4415883.974285752],[5774957.617142893,4414984.114285752],[5768733.951428607,4406371.125714324],[5765229.214285754,4408392.15142861],[5769814.340000041,4413196.202857181],[5771758.222857185,4417552.774285752],[5781252.328571469,4425769.228571467],[5779013.625714324,4428775.114285752],[5778008.342857182,4433992.945714325],[5774120.251428612,4435995.834285751],[5768116.114285752,4435044.334285751],[5762845.437142894,4436703.877142895],[5762495.274285756,4442151.728571467],[5766030.468571469,4445866.162857179],[5767034.420000039,4450084.845714323],[5776068.660000041,4453847.542857181],[5777745.402857184,4458451.562857181],[5775421.600000039,4463549.177142896],[5775563.034285754,4472490.062857181],[5773353.062857181,4475185.15142861],[5768352.302857183,4477344.017142896],[5772861.397142895,4481966.591428608],[5770242.3371429,4487959.825714324],[5774672.431428611,4492361.025714323],[5770615.342857182,4498531.285714325],[5771850.222857185,4502945.834285751],[5775532.048571467,4502120.53428575],[5781793.654285751,4509391.020000037],[5778190.271428607,4519402.605714325],[5775174.074285753,4523717.354285751],[5771334.302857183,4521948.28285718],[5766756.068571471,4525041.482857179],[5759907.777142897,4521447.342857182],[5755560.642857179,4517165.202857181],[5750768.720000036,4506927.742857181],[5745485.191428609,4505178.797142893],[5743032.980000041,4500909.362857182],[5744007.868571468,4496963.574285753],[5739254.682857178,4495819.745714322],[5731189.937142894,4467955.822857179],[5734901.885714322,4464654.771428607],[5734888.460000038,4461417.502857182],[5737740.114285752,4458029.9771428965],[5741429.6657143235,4448771.071428608],[5738309.800000042,4447429.068571467],[5738576.214285754,4442414.865714323],[5731499.537142895,4438859.022857182],[5728107.242857181,4435606.108571466],[5721565.825714327,4434648.988571465],[5719430.7342857495,4427236.594285753],[5724700.137142897,4425879.085714322],[5722272.514285751,4419793.245714322],[5726180.182857178,4418146.828571465],[5736660.702857181,4408171.65142861],[5738291.888571471,4402977.022857182],[5739471.965714328,4393018.837142896],[5733387.688571468,4388614.094285753],[5733053.148571469,4379168.105714325],[5727806.480000041,4383568.800000038],[5718608.042857185,4387685.737142894],[5713644.957142897,4391035.19428575],[5709253.42857147,4392064.254285753],[5688977.965714328,4322115.368571468],[5695261.7342857495,4318638.5885714665],[5698358.768571466,4318989.508571465],[5706096.037142895,4326826.017142896],[5710605.502857178,4326541.620000038],[5717443.811428614,4328836.680000037],[5720127.834285751,4333888.637142893],[5723740.637142897,4335298.451428607],[5728822.265714325,4330961.954285752],[5729445.531428613,4323092.728571467],[5727540.20000004,4318949.522857182],[5729963.985714324,4316062.668571465],[5738100.425714321,4315058.800000038],[5744020.568571471,4316296.78285718],[5746238.160000041,4321148.468571465],[5752177.680000037,4323388.71428575],[5752086.274285756,4316538.911428608],[5756234.2342857495,4311968.111428607],[5763663.47142861,4306428.565714322],[5770354.19428575,4307029.834285751],[5776341.920000039,4308887.242857181],[5779992.777142897,4313018.477142893],[5784484.771428607,4311364.271428607],[5792976.825714327,4311704.522857182],[5800560.388571471,4315194.645714324],[5800657.562857181,4315624.748571467]]],[[[6023724.148571469,4459859.897142895],[6022138.828571469,4456277.617142893],[6028198.045714326,4455300.060000036],[6028070.074285753,4451831.157142896],[6018543.005714327,4452430.0114286095],[6014366.057142898,4449081.6314286105],[6015181.917142898,4443311.457142893],[6018421.828571469,4434842.642857179],[6014084.24857147,4436846.657142896],[6007875.122857183,4435027.202857181],[6008388.271428607,4438409.037142895],[6002047.911428608,4452854.774285752],[6002212.514285751,4455279.605714325],[5996770.074285753,4456907.577142894],[5992792.33142861,4455203.37428575],[5985961.285714328,4459757.2771428935],[5979012.42857147,4457514.722857181],[5973018.325714327,4453273.742857181],[5969185.800000042,4448422.580000039],[5963768.214285754,4446777.348571464],[5964032.965714328,4443577.4342857525],[5970250.600000039,4431536.662857179],[5976786.740000039,4430383.408571467],[5980244.191428609,4431363.345714323],[5984748.577142894,4426325.4342857525],[5985838.74857147,4421407.788571466],[5981762.242857181,4419324.988571465],[5977648.128571466,4420764.325714324],[5972546.957142897,4418388.634285752],[5973704.24857147,4413390.580000039],[5980570.025714323,4409520.808571465],[5986201.668571465,4410126.228571467],[5988315.300000042,4403933.642857179],[5983575.885714322,4405341.725714322],[5978045.620000042,4403583.908571467],[5980381.185714327,4400308.925714321],[5980819.991428614,4392495.842857182],[5984287.120000042,4382523.017142896],[5989534.628571466,4382363.428571466],[5988665.774285756,4377331.108571466],[5979873.534285754,4379797.040000036],[5976322.2114286125,4387046.71428575],[5974874.154285751,4395163.857142895],[5968649.585714325,4398595.537142895],[5966512.568571471,4401653.468571465],[5968165.611428611,4405086.242857181],[5961138.7885714695,4417122.848571464],[5957235.92857147,4418460.65142861],[5958168.802857183,4430802.697142895],[5955994.3371429,4432349.642857179],[5954740.957142897,4438221.482857179],[5949758.791428611,4442504.005714323],[5943495.268571466,4444576.948571466],[5939336.857142895,4444366.462857179],[5934848.460000038,4438782.702857181],[5931388.160000041,4429642.0114286095],[5932420.65142861,4425300.902857181],[5928656.345714323,4422300.6228571795],[5931199.457142897,4419234.668571465],[5935764.548571467,4420180.022857182],[5945051.7885714695,4418473.645714324],[5938037.457142897,4413948.5457143225],[5937619.940000042,4410780.26285718],[5933035.405714326,4407572.1228571795],[5932483.174285755,4403011.7771428935],[5933659.177142896,4397032.617142893],[5937582.5114286095,4391540.768571466],[5941716.3657143265,4389364.574285753],[5938124.154285751,4386280.71428575],[5939722.688571468,4377925.865714323],[5942756.525714323,4377888.428571466],[5943770.931428611,4368611.228571467],[5940008.908571467,4367566.205714323],[5940687.620000042,4374001.591428608],[5937173.705714323,4375653.620000038],[5930652.957142897,4384531.485714324],[5922731.654285751,4383522.314285751],[5916754.914285757,4379227.408571467],[5915338.805714324,4373391.062857181],[5921310.1571429,4371443.657142896],[5917521.954285756,4368486.614285752],[5908542.525714323,4367115.108571466],[5905063.354285754,4363338.854285751],[5904689.945714325,4360151.37428575],[5898910.334285751,4359408.065714322],[5900128.645714328,4350184.882857181],[5905318.080000035,4343932.768571466],[5909394.540000036,4347294.114285752],[5916611.300000042,4347903.485714324],[5921077.111428611,4346347.697142895],[5934306.440000042,4348851.302857179],[5935283.28285718,4350265.914285753],[5945561.228571467,4347493.448571466],[5961882.114285752,4351049.094285753],[5976116.542857185,4351539.760000039],[5987598.314285755,4352958.105714325],[5989629.480000041,4350657.294285752],[5999284.768571466,4352456.037142895],[6007422.254285753,4352813.771428607],[6005814.802857183,4349818.291428611],[5992961.257142894,4351037.69428575],[5983295.460000038,4349269.505714323],[5980572.571428612,4345744.314285751],[5980637.148571469,4341794.340000037],[5975090.097142898,4339472.668571465],[5972746.228571467,4331511.425714321],[5973804.940000042,4328169.242857181],[5957492.528571464,4328217.5457143225],[5961902.228571467,4321543.317142896],[5954729.400000036,4318514.840000037],[5957773.885714322,4312438.5542857535],[5967255.765714325,4311979.091428608],[5961363.448571466,4307934.337142896],[5957506.111428611,4300346.071428608],[5959562.168571465,4290995.485714324],[5957902.600000039,4282881.362857182],[5960364.177142896,4279867.49142861],[5965885.034285754,4276926.071428608],[5980791.994285755,4274019.497142896],[5983195.634285755,4277973.931428608],[5986414.65142861,4274625.365714323],[5991437.437142894,4275614.237142894],[5996024.720000036,4274593.108571466],[6000225.197142899,4275920.882857181],[6005909.648571469,4272764.137142893],[6011260.474285752,4273400.428571466],[6015917.871428609,4275669.845714323],[6025710.1657143235,4274276.962857179],[6027490.488571465,4278220.085714322],[6027266.882857181,4283858.937142894],[6036340.542857185,4284298.668571465],[6038814.142857179,4287824.137142893],[6032321.680000037,4293518.745714322],[6034193.585714325,4296395.062857181],[6027691.065714322,4303693.108571466],[6026587.937142894,4307495.042857181],[6030963.74857147,4317131.257142894],[6031095.285714328,4322073.7771428935],[6037431.188571468,4322484.288571466],[6035499.068571471,4330551.211428609],[6039262.925714321,4333481.4342857525],[6046677.300000042,4320106.111428607],[6047263.328571469,4337577.451428607],[6049434.900000036,4346268.0542857535],[6042856.917142898,4348989.274285752],[6037072.314285755,4355618.15142861],[6042931.371428609,4358521.1657143235],[6044354.860000037,4361582.78285718],[6045413.980000041,4372769.202857181],[6044619.300000042,4379253.205714323],[6046977.482857183,4388093.800000038],[6050190.871428609,4394683.562857181],[6050829.754285753,4403093.305714324],[6045827.128571466,4411225.5114286095],[6044236.785714328,4416070.697142895],[6048950.577142894,4427566.53428575],[6049148.3371429,4435151.994285751],[6046872.722857185,4438241.802857179],[6036682.408571467,4442101.268571466],[6031976.057142898,4446799.720000036],[6033916.617142893,4448327.014285751],[6029838.671428613,4459130.92285718],[6023724.148571469,4459859.897142895]]],[[[6151213.742857181,4173271.448571466],[6144433.577142894,4171526.1971428953],[6143593.980000041,4162924.10285718],[6140765.385714322,4162961.4342857525],[6138151.445714325,4169850.5085714646],[6123977.805714324,4167830.988571465],[6121039.354285754,4165497.8485714644],[6115149.565714322,4164916.1657143235],[6101435.611428611,4158512.6942857504],[6095673.811428614,4154353.371428609],[6094456.851428613,4146585.871428609],[6103716.268571466,4128048.4314286076],[6106177.085714325,4126988.977142893],[6107323.528571472,4117567.0914286077],[6099293.708571471,4122865.9228571802],[6098398.145714328,4126856.865714323],[6095220.911428608,4130870.180000037],[6091903.754285753,4131517.3114286102],[6083160.271428607,4126219.4257143214],[6081450.634285755,4116724.097142894],[6083232.845714323,4104560.5800000355],[6081023.071428612,4096151.191428609],[6082467.245714322,4091813.8114286102],[6081985.680000037,4083305.2057143226],[6082809.557142898,4078713.071428608],[6082184.122857183,4068992.071428608],[6084119.800000042,4061261.377142895],[6079952.131428614,4061147.4657143243],[6078666.642857179,4055909.411428608],[6079206.7885714695,4049217.685714323],[6077435.625714324,4044952.7314286083],[6079398.851428613,4041619.0114286095],[6078033.582857184,4036346.8428571783],[6076880.802857183,4025413.3485714644],[6080204.294285752,4022417.060000036],[6078245.848571464,4017460.488571465],[6079412.960000038,4012702.2400000356],[6086917.38000004,4005905.4657143243],[6086802.051428609,3996336.5342857502],[6090238.960000038,3994401.957142893],[6092164.182857186,3986479.5400000364],[6090234.768571466,3984650.33142861],[6090996.180000037,3976821.3428571783],[6089440.10857147,3969892.5571428947],[6088645.945714325,3961013.8914286084],[6090010.034285754,3946482.097142894],[6088088.182857186,3944115.8600000367],[6087008.265714325,3938051.674285751],[6088477.482857183,3933389.6714286096],[6100501.37428575,3935812.5457143225],[6104850.857142895,3937725.6885714643],[6108080.311428614,3936883.642857179],[6113194.271428607,3938462.7342857495],[6125081.140000038,3933354.2114286087],[6127048.751428612,3936120.682857178],[6119857.554285757,3938243.3628571816],[6120803.314285755,3941119.2828571796],[6126040.082857184,3942468.0457143225],[6127859.048571467,3952231.3228571787],[6133462.994285755,3963200.685714323],[6134807.37428575,3968922.4200000353],[6141387.562857181,3971850.954285752],[6145006.474285752,3981406.345714323],[6147968.074285753,3983559.131428607],[6146953.180000037,3991668.9400000386],[6144233.708571471,3999077.837142896],[6136912.640000038,4006547.4028571807],[6134826.302857183,4012054.8171428926],[6123326.69428575,4015595.365714323],[6124264.825714327,4020103.648571465],[6128638.508571468,4018324.1200000383],[6132657.714285754,4020077.334285751],[6145589.911428608,4020575.140000038],[6147194.797142893,4023173.260000039],[6151869.10857147,4022170.871428609],[6154625.662857182,4023535.794285752],[6160728.931428611,4018821.5400000364],[6173779.260000043,4015480.871428609],[6183634.60285718,4011467.7114286087],[6187227.251428612,4011412.728571467],[6192010.862857185,4014515.945714321],[6201725.10285718,4028456.5057143234],[6213099.025714323,4056220.1257143244],[6216760.431428611,4066353.1257143244],[6212385.177142896,4069887.8542857505],[6218093.702857181,4071098.225714322],[6220008.548571467,4073627.0000000373],[6223749.554285757,4084623.1342857517],[6229658.988571465,4099006.5885714665],[6227467.448571466,4102623.8857143223],[6233619.722857185,4103757.3171428926],[6242037.545714326,4119183.520000037],[6246938.351428613,4132116.8885714673],[6245977.257142894,4138271.682857182],[6250004.142857179,4137317.2400000356],[6251953.894285753,4141853.725714322],[6248107.357142895,4146283.5114286095],[6244966.594285756,4144395.877142895],[6235923.028571472,4150862.0457143225],[6233484.754285753,4150246.3600000367],[6222987.277142897,4154597.55428575],[6212388.720000036,4154664.5228571817],[6210092.728571467,4156467.768571466],[6198350.37428575,4154922.1000000387],[6194091.38000004,4152793.2400000356],[6192602.962857179,4148170.9228571802],[6188048.005714327,4147877.865714323],[6187107.294285752,4157106.382857181],[6178595.722857185,4164270.2000000365],[6165190.914285757,4170148.4000000358],[6151213.742857181,4173271.448571466]]],[[[5952702.9342857525,4163158.157142896],[5944697.760000043,4160752.4314286076],[5942702.134285755,4155549.3885714673],[5944349.925714321,4152255.254285753],[5950908.034285754,4151466.365714323],[5953815.74857147,4155267.794285752],[5956188.334285751,4151118.9314286076],[5949400.611428611,4143737.220000036],[5946016.968571469,4148417.5057143234],[5943243.277142897,4148573.2800000384],[5938934.485714324,4154268.3600000367],[5935519.640000038,4156284.951428607],[5926779.402857184,4152494.7457143217],[5920053.2114286125,4151194.377142895],[5919713.0885714665,4145960.7771428935],[5915893.902857184,4144751.365714323],[5919484.437142894,4138561.0485714674],[5923077.891428612,4135130.94285718],[5920752.068571471,4131800.4342857525],[5926931.991428614,4129879.794285752],[5930858.285714328,4126519.382857181],[5931182.531428613,4123145.3171428926],[5925689.500000037,4113816.485714324],[5924021.56000004,4121880.408571467],[5921754.120000042,4124201.871428609],[5921512.917142898,4128651.142857179],[5918000.180000037,4128397.8085714653],[5911552.751428612,4131309.8228571787],[5908649.340000041,4126133.5142857507],[5902888.917142898,4125941.9314286076],[5897945.945714325,4119342.328571465],[5901446.757142894,4111413.3200000376],[5907194.785714328,4102661.6714286096],[5913055.37428575,4100071.9371428937],[5913269.42285718,4094604.7714286074],[5918094.47142861,4092273.3428571783],[5925781.142857179,4093173.9371428937],[5927319.92285718,4095751.294285752],[5933883.920000039,4097335.994285751],[5932690.031428613,4100454.565714322],[5934821.494285755,4104432.4314286076],[5938454.400000036,4096705.1628571786],[5939187.280000038,4092338.7828571796],[5945346.38000004,4083395.65142861],[5943414.305714324,4080578.368571464],[5938272.562857181,4086051.1971428953],[5935341.022857182,4092001.7714286074],[5929629.962857179,4090049.6228571795],[5923253.445714325,4078133.1600000374],[5933310.568571471,4072425.0057143234],[5933668.722857185,4067118.9314286076],[5936676.60857147,4063833.837142896],[5934274.191428609,4059701.114285752],[5938539.351428613,4053628.722857181],[5937706.10285718,4048668.7400000356],[5927711.417142898,4047479.454285752],[5931152.348571464,4055963.3114286102],[5926722.482857183,4056176.7028571814],[5924872.540000036,4053888.020000037],[5927693.420000039,4044068.2057143226],[5927684.562857181,4040294.060000036],[5922076.040000036,4033171.5885714665],[5920118.400000036,4035867.260000039],[5915357.137142897,4032445.5571428947],[5911533.388571471,4035489.537142895],[5908569.480000041,4030345.2428571805],[5895950.174285755,4034021.1000000387],[5892920.297142893,4036474.2657143213],[5892431.494285755,4043801.225714322],[5889271.205714323,4055103.5571428947],[5886256.925714321,4056390.5485714674],[5883351.968571469,4060808.954285752],[5883494.340000041,4066113.37428575],[5880470.234285757,4073252.948571466],[5874160.965714328,4079129.760000039],[5860431.645714328,4074282.9342857525],[5856962.4342857525,4066606.448571466],[5854907.177142896,4059544.0828571804],[5850895.0200000405,4054197.1657143235],[5848642.162857182,4047492.9657143243],[5848821.83142861,4042912.560000036],[5851271.482857183,4034945.2657143213],[5857764.525714323,4026703.5428571813],[5861222.574285753,4020445.6771428958],[5866167.845714323,4018582.8971428946],[5870011.131428607,4012726.5457143225],[5868602.817142896,4010967.7657143213],[5869989.854285754,4001267.6942857504],[5868643.600000039,3999813.220000036],[5870858.631428607,3994012.114285752],[5877026.305714324,3991964.9257143214],[5881480.137142897,3985739.0571428947],[5889114.65142861,3993623.685714323],[5891937.617142893,3991055.565714322],[5895292.048571467,3980563.6600000374],[5898029.8657143265,3975923.21428575],[5903939.071428612,3976878.3914286084],[5907746.531428613,3974844.4400000386],[5912260.908571467,3959063.0000000373],[5915407.940000042,3955818.097142894],[5914785.9428571835,3952990.302857179],[5916799.594285756,3947734.768571466],[5920084.111428611,3945268.037142895],[5923232.994285755,3936577.44285718],[5929308.740000039,3934310.5171428956],[5929555.725714326,3930303.488571465],[5933770.094285756,3924378.7800000384],[5935422.682857186,3917567.137142893],[5934664.83142861,3912694.5514286086],[5936129.488571465,3907696.3600000367],[5942367.237142898,3902765.222857181],[5940934.677142896,3899113.340000037],[5942530.3657143265,3891614.6657143235],[5942537.5114286095,3883941.0057143234],[5943982.140000038,3877805.4228571802],[5954323.277142897,3877939.371428609],[5957478.322857179,3870511.0028571784],[5961500.794285752,3867862.720000036],[5966373.574285753,3868773.877142895],[5970214.5114286095,3871521.0771428943],[5976466.828571469,3879435.8085714653],[5979598.177142896,3881071.5942857526],[5984639.522857182,3888245.0514286086],[5986095.92857147,3892583.6000000387],[5981147.751428612,3899687.877142895],[5974054.900000036,3916396.411428608],[5973863.068571471,3919938.148571465],[5978189.1571429,3927042.7457143217],[5982079.888571471,3926555.574285753],[5978127.234285757,3917440.145714324],[5982764.634285755,3906205.1628571786],[5985275.917142898,3905174.251428608],[5991414.134285755,3906631.7714286074],[5997129.045714326,3905697.222857181],[5999391.305714324,3902783.297142893],[6006291.565714322,3900303.5057143234],[6009944.0885714665,3901259.805714324],[6021367.348571464,3908599.208571464],[6027286.900000036,3919430.865714323],[6034896.545714326,3918139.5914286077],[6041335.342857182,3921591.720000036],[6044316.328571469,3932545.217142895],[6045144.357142895,3944060.417142894],[6039429.834285751,3941997.305714324],[6034801.542857185,3945110.9800000377],[6044499.528571464,3947694.568571467],[6045819.114285752,3951512.225714322],[6043927.368571468,3969800.562857181],[6040900.491428614,3973390.9657143243],[6042855.565714322,3976451.408571467],[6048377.20000004,3979130.76285718],[6050956.185714327,3983778.405714322],[6054322.454285756,3983883.7742857523],[6053416.594285756,3995200.114285752],[6050641.814285755,3999415.8628571816],[6051087.534285754,4003968.4314286076],[6049962.122857183,4011440.9228571802],[6043302.725714326,4017912.685714323],[6036243.134285755,4014987.768571466],[6028696.962857179,4006458.0085714646],[6025687.988571465,4007649.6114286073],[6028207.242857181,4015959.648571465],[6032311.931428611,4019304.5828571804],[6031208.0200000405,4025954.0114286095],[6028306.040000036,4027467.7428571805],[6026150.322857179,4034146.997142896],[6027473.062857181,4043186.83142861],[6026266.24857147,4047444.417142894],[6017035.840000041,4054019.914285753],[6005485.4342857525,4056712.94285718],[5995997.677142896,4052138.5771428943],[5990603.20000004,4047428.497142896],[5988153.10857147,4055244.6257143244],[5994942.10285718,4060580.805714324],[6000977.528571464,4068015.6228571795],[6006254.008571468,4071855.4628571793],[6011598.551428609,4082579.300000038],[6016781.780000038,4086517.8485714644],[6024814.445714325,4088668.914285753],[6033719.397142895,4089565.5057143234],[6034751.857142895,4093651.6285714656],[6031968.291428611,4095577.028571464],[6034033.160000041,4099016.528571464],[6023614.400000036,4104355.0400000364],[6018946.625714324,4103357.6714286096],[6021176.294285752,4111378.6114286073],[6023781.014285751,4108120.3971428946],[6026712.051428609,4109409.6342857517],[6025794.500000037,4113421.682857182],[6028053.42285718,4115435.8885714673],[6033473.465714328,4111261.9400000386],[6034789.197142899,4113661.062857181],[6042584.0114286095,4119537.3600000367],[6044002.988571465,4129859.0085714646],[6039218.925714321,4137509.8628571816],[6037168.080000043,4144183.948571466],[6028587.7114286125,4145667.260000039],[6024639.654285751,4149804.6885714643],[6016391.208571471,4150161.2857143246],[6014257.277142897,4145280.44285718],[6006808.951428607,4141740.914285753],[5995399.400000036,4140954.791428607],[5988995.631428614,4138903.6285714656],[5977125.794285752,4138346.44285718],[5974209.55428575,4137316.791428607],[5967577.954285756,4147825.0885714665],[5960695.708571471,4150893.7085714675],[5957640.217142895,4157356.0028571784],[5959880.468571469,4160798.8628571816],[5952702.9342857525,4163158.157142896]]],[[[6480866.554285757,3287757.605714321],[6476541.065714322,3285803.2314286083],[6471292.948571466,3279533.0457143225],[6469541.688571468,3275448.3257143237],[6465703.377142899,3271799.9028571807],[6461070.391428612,3262085.26285718],[6460002.811428614,3246482.9000000358],[6458585.914285757,3239554.260000035],[6457922.025714323,3229764.0771428943],[6460114.617142893,3223771.8428571783],[6458003.597142898,3216471.9371428937],[6461044.571428612,3203257.1571428925],[6461177.9771429,3196844.8171428926],[6458478.957142897,3183934.0571428947],[6462791.725714326,3177121.4257143214],[6460167.137142897,3170980.21428575],[6461301.4771429,3166674.1342857517],[6458252.988571465,3158352.1514286064],[6458188.225714326,3154906.1542857513],[6454183.320000038,3141664.3057143204],[6454797.465714328,3129386.171428606],[6459589.65142861,3106932.957142893],[6461385.454285756,3101848.362857178],[6467512.60857147,3096176.76285718],[6468854.591428608,3092589.334285751],[6468455.885714322,3087000.182857178],[6460272.162857182,3083836.3228571787],[6455537.640000038,3078662.191428609],[6440143.042857185,3069525.1600000374],[6432569.737142898,3060729.411428608],[6426143.125714324,3047025.2371428944],[6423033.691428609,3043112.608571466],[6423654.237142898,3032406.060000036],[6429488.728571467,3026058.062857177],[6437415.257142894,3026015.6971428916],[6445568.642857179,3030290.3914286084],[6449586.500000037,3037133.8514286056],[6453715.094285756,3039785.7742857486],[6461182.100000039,3040312.725714322],[6468867.15142861,3038235.7742857486],[6480801.677142896,3044776.0400000364],[6494423.980000041,3047695.791428607],[6499378.868571468,3046292.105714321],[6501034.397142895,3043358.028571464],[6501197.925714329,3033068.488571465],[6502339.140000038,3026485.3114286065],[6500471.065714322,3019767.1457143202],[6500786.902857184,3009541.185714323],[6504179.197142899,2997603.671428606],[6505098.894285753,2991807.3542857505],[6510884.705714323,2984939.1142857485],[6518433.065714322,2986466.2800000347],[6525125.9428571835,2986481.725714322],[6535881.771428615,2993455.028571464],[6543730.842857182,3000764.9200000353],[6549537.897142895,3008989.948571466],[6553634.005714327,3011754.597142894],[6558288.225714326,3018731.8828571774],[6558062.171428613,3030961.8542857505],[6560854.600000039,3040182.5342857502],[6565437.037142895,3046475.520000037],[6568288.145714328,3047301.1342857517],[6572034.254285753,3044672.4742857516],[6575429.005714327,3047406.6342857517],[6576845.334285751,3051722.1457143202],[6580957.38000004,3054243.7057143226],[6587928.765714325,3066223.948571466],[6591920.8657143265,3064523.3085714653],[6594280.994285755,3067067.180000037],[6594644.148571469,3071996.2828571796],[6591667.448571466,3076462.2771428935],[6592416.6571429,3083068.3914286084],[6588082.260000043,3092610.405714322],[6590796.817142896,3094118.5571428947],[6592872.614285752,3102734.794285752],[6595796.737142898,3104919.457142893],[6599180.33142861,3103528.1628571786],[6603429.717142895,3108406.834285751],[6608118.488571465,3105788.7742857486],[6610975.051428609,3112126.797142893],[6615981.137142897,3114076.6542857513],[6620409.931428611,3109597.140000038],[6619625.154285751,3106737.3200000376],[6613257.460000038,3095487.225714322],[6613854.194285758,3090430.7114286087],[6617123.360000037,3088139.94285718],[6624267.900000043,3092848.8485714644],[6629389.06000004,3092197.8885714635],[6642274.860000037,3093419.8571428917],[6651447.514285751,3087744.291428607],[6654299.805714324,3081932.794285752],[6651229.685714327,3080726.5028571784],[6646464.514285751,3075885.2800000347],[6645580.148571469,3070253.994285751],[6651984.145714328,3063881.9228571802],[6658034.631428614,3061955.6542857513],[6662047.545714326,3066505.565714322],[6668528.965714328,3068060.3000000343],[6677599.83142861,3062696.1257143207],[6684953.105714329,3062825.2000000365],[6691609.7200000435,3058124.71428575],[6696781.820000038,3059116.2314286083],[6708675.917142898,3053524.7714286074],[6721452.034285754,3050409.871428609],[6726408.531428613,3053080.0428571776],[6725154.022857182,3058198.022857178],[6729180.7114286125,3060752.8485714644],[6730542.480000041,3064877.797142893],[6739874.840000041,3074240.6114286073],[6742003.10857147,3078580.0742857493],[6742889.425714329,3084636.7771428935],[6751423.1428571865,3087751.345714323],[6755104.328571469,3087055.2371428944],[6757006.440000042,3091661.1600000374],[6754205.437142894,3094959.0828571804],[6740837.254285753,3098371.5000000373],[6734369.628571466,3097949.457142893],[6735181.911428608,3103824.588571463],[6734847.311428614,3111659.565714322],[6727163.745714329,3111532.7714286074],[6724274.451428615,3117629.4371428937],[6714710.585714325,3122944.82571432],[6715559.191428609,3118915.1514286064],[6713130.411428608,3116278.5485714637],[6713326.974285752,3108100.951428607],[6709023.945714325,3111475.9314286076],[6700262.842857182,3112542.631428607],[6698177.92857147,3115357.717142895],[6693625.954285756,3113013.017142892],[6689442.745714329,3108542.5800000355],[6683956.022857182,3107363.3228571787],[6680154.000000037,3104451.0114286058],[6669078.637142897,3099378.1171428934],[6665778.6571429,3100992.6114286073],[6665799.051428609,3105211.7885714658],[6670388.454285756,3111036.865714323],[6678413.9342857525,3113468.637142893],[6681601.640000038,3117933.0742857493],[6682839.697142899,3122940.185714323],[6672319.985714324,3137197.494285751],[6673074.7114286125,3140036.7771428935],[6671339.4428571835,3147831.674285751],[6669353.42285718,3150702.954285752],[6669740.980000041,3156228.571428608],[6662140.682857186,3164167.451428607],[6653916.728571467,3169793.2400000356],[6652349.268571466,3173396.8000000343],[6646141.940000042,3175025.4257143214],[6636480.654285751,3181187.637142893],[6631888.728571467,3177260.988571465],[6627422.65142861,3179704.87428575],[6623018.254285753,3179703.754285749],[6617406.722857185,3182917.9685714655],[6613916.760000043,3187817.768571466],[6604981.237142898,3193023.0857143216],[6597072.420000039,3195313.3057143204],[6590457.420000039,3200634.488571465],[6588989.7971429005,3208090.8000000343],[6583163.294285752,3215088.1971428916],[6579359.845714323,3216228.871428609],[6570027.19428575,3213805.4800000377],[6565635.402857184,3214202.225714322],[6556925.637142897,3217203.751428608],[6551114.345714323,3217990.862857178],[6545707.222857185,3223259.5000000373],[6548170.140000038,3226994.757142894],[6545155.768571466,3233925.597142894],[6538431.214285754,3234790.7742857486],[6534551.671428613,3238571.3971428946],[6533750.394285753,3242911.1228571795],[6529065.537142895,3244999.345714323],[6521645.634285755,3227191.108571466],[6522911.06000004,3221949.4342857487],[6521050.937142894,3214702.2428571805],[6517161.171428613,3213665.517142892],[6510268.182857186,3226487.4971428923],[6508573.637142897,3236103.597142894],[6505511.388571471,3239646.6942857504],[6495474.88000004,3245874.4657143205],[6503939.285714328,3252071.174285751],[6505201.314285755,3256508.417142894],[6499702.885714322,3264453.800000038],[6499454.408571467,3269019.5828571804],[6495990.585714325,3276399.0914286077],[6487794.557142898,3278285.9685714655],[6484215.414285757,3273862.8485714644],[6481624.980000041,3278405.917142894],[6482755.8657143265,3283351.225714322],[6480866.554285757,3287757.605714321]]],[[[6171334.3371429,4982164.9428571835],[6172580.925714321,4975221.137142897],[6170788.197142899,4974458.488571465],[6162216.028571472,4980799.294285752],[6158565.911428608,4978470.205714323],[6156303.225714326,4967525.342857182],[6159234.685714327,4963624.257142894],[6167520.531428613,4961772.008571468],[6172877.2885714695,4963706.580000039],[6175612.202857181,4962520.465714324],[6180049.528571472,4956690.894285753],[6177707.06000004,4953530.402857181],[6178102.960000038,4949091.525714323],[6174425.631428614,4946900.94285718],[6165023.597142898,4950523.308571465],[6160286.940000042,4948839.514285751],[6159837.728571467,4940844.928571466],[6154024.474285752,4933509.8228571825],[6152626.708571471,4943174.840000037],[6145794.742857181,4944034.302857179],[6139394.751428612,4939785.291428611],[6139496.188571468,4936542.365714323],[6134816.505714327,4926692.854285751],[6139121.514285751,4926140.191428609],[6134036.808571465,4920199.368571468],[6134036.360000037,4917692.351428609],[6138154.997142896,4914638.83142861],[6140352.237142898,4916376.742857181],[6148326.414285757,4907512.33142861],[6155068.362857185,4907913.83142861],[6156664.042857185,4906162.137142897],[6149126.437142894,4902822.248571467],[6150288.680000037,4893375.562857181],[6153525.482857183,4894022.960000038],[6159939.402857184,4891795.157142896],[6159657.851428613,4887319.857142895],[6145640.0885714665,4889071.242857181],[6141268.600000039,4894083.580000039],[6139513.131428614,4892736.385714322],[6132926.765714325,4893013.042857181],[6127681.648571469,4891535.534285754],[6123240.60285718,4892740.680000037],[6124942.291428611,4884122.4342857525],[6120961.465714328,4881685.49142861],[6125667.480000041,4877467.645714324],[6129222.702857181,4870784.47142861],[6129060.917142898,4866467.208571468],[6121973.037142895,4869954.445714325],[6116072.045714326,4868536.305714324],[6114579.234285757,4865063.600000039],[6110682.397142895,4868006.06000004],[6108664.080000043,4865124.94285718],[6115065.008571468,4854629.022857182],[6121525.754285753,4848087.948571466],[6128391.094285756,4851073.517142896],[6128486.42857147,4847991.074285753],[6125296.185714327,4845160.742857181],[6132184.322857179,4838942.005714323],[6139325.328571469,4840695.502857182],[6144313.908571467,4843691.49142861],[6150237.148571469,4850516.097142894],[6150905.525714323,4844049.345714323],[6142705.634285755,4834708.785714325],[6150491.925714321,4823576.871428609],[6141535.605714329,4830756.611428611],[6135332.360000037,4829097.0542857535],[6122797.897142895,4831772.520000037],[6118557.494285755,4834854.0542857535],[6114815.034285754,4841212.06000004],[6105998.485714324,4843875.428571466],[6104309.391428612,4836929.180000037],[6106244.822857179,4832056.954285752],[6106175.400000036,4822972.360000037],[6112272.914285757,4819562.974285752],[6104985.988571465,4815946.4000000395],[6105936.557142898,4810491.982857183],[6112050.937142894,4803302.174285751],[6111924.42857147,4798238.265714325],[6114995.168571465,4793973.882857181],[6117688.582857184,4786625.340000037],[6124952.668571465,4784031.497142896],[6131507.1571429,4784712.574285753],[6136610.031428613,4787224.340000037],[6141023.085714325,4786771.494285751],[6146759.034285754,4795422.534285754],[6149115.480000041,4792144.525714323],[6149913.814285755,4787156.162857182],[6145240.905714326,4782419.514285751],[6137183.445714325,4778222.191428609],[6134836.848571464,4778552.142857179],[6127386.648571469,4774832.482857183],[6120974.897142895,4773553.657142896],[6119132.877142899,4761048.191428609],[6122861.5114286095,4756115.605714325],[6129470.771428607,4757095.345714323],[6131047.302857183,4752437.057142895],[6129980.454285756,4744241.648571465],[6132893.5885714665,4742202.734285753],[6138110.15142861,4745456.808571465],[6141480.688571468,4749689.968571465],[6146916.92285718,4752525.728571467],[6145597.06000004,4756338.345714323],[6147420.962857179,4759804.734285753],[6154976.9342857525,4753485.000000037],[6152091.557142898,4749588.354285751],[6152667.317142896,4741161.78285718],[6154619.228571467,4739730.92285718],[6160371.514285751,4742641.211428609],[6166277.137142897,4750306.7000000365],[6169422.034285754,4760949.754285753],[6171804.508571468,4759946.220000036],[6168914.985714324,4751538.305714324],[6174819.908571467,4752041.15142861],[6177260.037142895,4754867.420000039],[6186703.402857184,4762237.354285751],[6188731.757142894,4757523.757142894],[6185042.057142898,4753376.414285753],[6194943.357142895,4748772.2771428935],[6201554.325714327,4748161.994285751],[6204180.5114286095,4751005.1314286105],[6213600.648571469,4753578.388571467],[6213734.497142896,4749043.294285752],[6201287.440000042,4746038.56000004],[6198509.925714321,4743578.345714323],[6186544.420000039,4744939.2000000365],[6183163.565714322,4739887.5457143225],[6191895.814285755,4733361.648571465],[6196927.860000037,4733319.81142861],[6204903.900000036,4735682.925714325],[6219051.191428609,4738244.394285753],[6224419.368571468,4736836.345714323],[6231196.768571466,4739398.728571467],[6231788.400000036,4737142.851428609],[6223283.062857181,4733791.60285718],[6215391.868571468,4733433.745714322],[6213449.360000037,4731765.380000036],[6204123.97142861,4730240.722857181],[6197062.614285752,4727483.0885714665],[6188753.502857186,4727177.868571468],[6180707.862857185,4729170.47142861],[6176613.674285755,4728028.69428575],[6172365.951428607,4729357.47142861],[6167421.808571465,4728521.911428608],[6166517.87428575,4724240.231428608],[6161961.9428571835,4717611.525714323],[6157614.822857179,4714670.014285751],[6153552.571428612,4714277.568571467],[6147490.60285718,4709533.317142896],[6150300.188571468,4702733.720000036],[6153541.731428608,4698156.548571467],[6156371.688571468,4691221.791428611],[6162139.182857186,4691942.6657143235],[6167285.005714327,4690004.920000039],[6174347.062857181,4680795.000000037],[6169661.325714327,4680996.980000038],[6162282.425714321,4686460.954285752],[6156967.125714324,4684940.848571468],[6161849.625714324,4674412.657142896],[6168084.625714324,4663252.091428608],[6176019.820000038,4665395.957142893],[6181022.794285752,4668013.774285752],[6184481.47142861,4664002.594285753],[6192259.205714323,4661856.0114286095],[6196968.685714327,4662054.340000037],[6199038.794285752,4657619.025714323],[6194938.974285752,4655814.725714322],[6187557.33142861,4655760.142857179],[6182627.228571467,4651838.145714324],[6177858.185714327,4653985.585714325],[6174872.834285751,4651087.074285753],[6175948.714285754,4644965.67142861],[6186497.377142899,4631722.17142861],[6191710.60857147,4633811.997142896],[6192508.565714322,4626358.6657143235],[6196456.328571469,4620062.637142897],[6200454.214285754,4624246.845714323],[6205116.10285718,4618281.0542857535],[6212907.8657143265,4615708.257142894],[6215088.697142899,4616849.251428608],[6219559.60857147,4613630.185714323],[6227661.38000004,4612715.137142897],[6235204.985714324,4613678.845714323],[6236714.328571469,4618867.817142896],[6235027.271428607,4622827.69428575],[6234763.87428575,4629243.448571466],[6230836.717142895,4628544.974285752],[6229685.6657143235,4633547.725714322],[6236737.134285755,4635515.888571467],[6242150.357142895,4631670.67142861],[6245291.142857179,4622125.431428608],[6250143.905714326,4622163.520000037],[6253108.137142897,4614520.28285718],[6255471.128571466,4617751.851428609],[6252860.005714327,4622890.657142896],[6251273.285714328,4630490.005714323],[6248004.074285753,4640801.497142896],[6242964.328571469,4648810.377142895],[6239292.057142898,4660145.957142893],[6239573.88000004,4665841.994285751],[6243676.817142896,4662815.28285718],[6246960.757142894,4653655.468571465],[6256209.728571467,4636997.8228571825],[6262073.848571464,4622173.08285718],[6265783.425714329,4617788.10285718],[6270586.408571467,4616308.802857179],[6271871.622857183,4620505.60285718],[6272879.845714323,4635655.340000037],[6274601.051428609,4639658.431428608],[6275292.594285756,4646597.802857179],[6270182.142857179,4657254.371428609],[6269632.974285752,4667723.114285752],[6273872.845714323,4665118.180000037],[6282218.574285753,4650853.92285718],[6286602.485714324,4653668.462857179],[6289338.120000042,4665920.620000038],[6283363.071428612,4676687.897142895],[6279302.8657143265,4691486.78285718],[6280334.885714322,4701433.031428609],[6279120.405714326,4708236.0885714665],[6280003.825714327,4711857.9771428965],[6283963.625714324,4713584.08285718],[6285281.960000038,4703221.60285718],[6284525.580000043,4694297.022857182],[6285630.217142895,4686321.948571466],[6288422.47142861,4678378.814285751],[6294681.882857181,4673034.117142893],[6298622.83142861,4684470.9342857525],[6299766.37428575,4691317.92285718],[6306451.362857185,4701225.760000039],[6304919.117142893,4717647.128571466],[6306470.048571467,4718196.431428608],[6309988.754285753,4709879.074285753],[6314161.120000042,4712708.048571467],[6315261.720000036,4721628.677142896],[6339798.494285755,4737936.231428608],[6341300.920000039,4743594.120000038],[6347145.154285751,4748633.448571466],[6342807.722857185,4759169.81142861],[6337643.597142898,4762503.145714324],[6330297.840000041,4778671.4771428965],[6330246.6657143235,4782020.062857181],[6326117.340000041,4786582.92285718],[6323675.448571466,4785711.105714325],[6323663.360000037,4772529.714285754],[6320281.725714326,4768883.814285751],[6320325.145714328,4777522.15142861],[6317341.265714325,4784340.357142895],[6313363.4771429,4788504.280000038],[6306262.220000036,4789547.222857181],[6303751.148571469,4786764.497142896],[6306401.540000036,4779091.674285751],[6300367.500000037,4782854.365714323],[6296380.745714322,4779180.220000036],[6294211.0200000405,4771278.474285752],[6290853.371428609,4775064.405714322],[6291219.585714325,4778329.33142861],[6296486.191428609,4786233.585714325],[6297684.368571468,4797092.757142894],[6296873.237142898,4801313.820000038],[6298338.222857185,4813685.69428575],[6292345.83142861,4817521.425714325],[6295993.780000038,4819948.740000039],[6290743.800000042,4835553.182857182],[6286701.754285753,4834108.468571465],[6284188.522857182,4835790.26285718],[6279539.082857184,4833133.988571465],[6276937.960000038,4835530.980000038],[6275041.554285757,4841012.002857182],[6282721.051428609,4844610.225714322],[6284156.640000038,4847287.780000038],[6283496.308571465,4859116.65142861],[6281801.480000041,4865274.574285753],[6281240.540000036,4872641.128571466],[6275317.242857181,4874568.134285752],[6267191.771428607,4875672.591428608],[6262259.328571469,4869225.65142861],[6263445.222857185,4861741.17142861],[6261699.688571468,4857102.500000037],[6264251.214285754,4851424.974285752],[6270575.100000039,4847651.99142861],[6268344.262857184,4844887.488571465],[6270002.614285752,4840771.842857182],[6267707.340000041,4836030.108571466],[6260691.4771429,4840795.368571468],[6255924.594285756,4845504.808571465],[6253289.714285754,4850263.328571465],[6251335.145714328,4858016.980000038],[6254222.128571466,4862616.397142895],[6254077.634285755,4869392.731428608],[6250280.125714324,4869821.242857181],[6254474.742857181,4875904.080000039],[6253192.760000043,4879896.042857181],[6247036.080000043,4886227.897142895],[6238571.280000038,4884328.402857181],[6225925.360000037,4888215.828571465],[6220968.708571471,4886700.062857181],[6221789.42857147,4891507.482857183],[6224653.220000036,4896854.948571466],[6222513.842857182,4903520.380000036],[6217659.134285755,4906631.208571468],[6213579.491428614,4912059.682857182],[6213940.597142898,4917211.157142896],[6211356.134285755,4919418.085714325],[6203232.525714323,4943142.885714322],[6200850.737142898,4952405.408571467],[6201193.217142895,4956691.742857181],[6196596.728571467,4964187.177142896],[6193039.982857183,4967610.465714324],[6185497.042857185,4972427.737142894],[6178546.7885714695,4979214.22000004],[6171334.3371429,4982164.9428571835]]],[[[6104550.920000039,4495799.451428611],[6089442.400000036,4494211.500000037],[6090126.985714324,4489921.580000039],[6083948.622857183,4485882.911428608],[6077972.457142897,4485640.902857181],[6073551.962857179,4481150.1228571795],[6074507.234285757,4474105.53428575],[6078403.068571471,4474676.391428608],[6081216.794285752,4468529.385714322],[6077451.614285752,4465064.585714322],[6072432.47142861,4470526.362857182],[6069563.360000037,4461415.5885714665],[6071131.294285752,4457415.525714323],[6076736.037142895,4457211.297142893],[6081965.640000038,4454942.031428609],[6083326.908571467,4448679.402857181],[6086936.257142894,4448597.574285753],[6089216.451428607,4442087.385714322],[6091754.0885714665,4439357.125714324],[6098128.191428609,4439405.305714324],[6095675.38000004,4435286.094285753],[6091086.368571468,4436353.357142895],[6089369.074285753,4433973.03428575],[6092711.725714326,4424907.431428608],[6097580.531428613,4421270.2771428935],[6104928.017142899,4418601.240000039],[6114349.802857183,4416516.765714325],[6116297.394285753,4413475.17142861],[6114668.071428612,4409975.160000037],[6106789.554285757,4408980.902857181],[6106642.222857185,4402986.891428608],[6111658.128571466,4402739.594285753],[6115303.42285718,4400523.408571467],[6123661.177142896,4407846.745714322],[6126949.42285718,4406694.42285718],[6138566.19428575,4406362.99142861],[6140165.254285753,4404273.722857181],[6144968.857142895,4404269.174285751],[6158358.468571469,4411242.317142896],[6160121.8657143265,4414253.1314286105],[6168017.174285755,4414653.842857182],[6167802.245714322,4408629.114285752],[6170686.182857186,4401550.520000037],[6175513.334285751,4397352.725714322],[6175922.400000036,4392226.362857182],[6179042.771428607,4388257.897142895],[6179539.117142893,4377773.742857181],[6181901.197142899,4369918.902857181],[6189747.388571471,4362053.002857178],[6192582.797142893,4360691.725714322],[6193434.851428613,4351776.954285752],[6193107.762857184,4342603.937142894],[6196437.148571469,4336518.614285752],[6193764.197142899,4332706.605714325],[6196202.300000042,4328769.7771428935],[6191093.082857184,4324971.757142894],[6185614.914285757,4314380.654285751],[6183350.168571465,4303881.44285718],[6184650.617142893,4302416.6314286105],[6182772.234285757,4295651.920000039],[6181956.88000004,4287297.925714321],[6186590.237142898,4279067.800000038],[6192453.568571471,4278056.848571464],[6195343.988571465,4273424.905714322],[6189586.265714325,4271440.008571465],[6191836.388571471,4261720.42285718],[6195687.360000037,4251856.828571465],[6194182.317142896,4244439.94285718],[6194832.414285757,4238475.688571464],[6199884.69428575,4234478.065714322],[6206267.785714328,4232596.460000038],[6204910.565714322,4226959.462857179],[6216615.071428612,4222193.334285751],[6222104.231428608,4223604.748571467],[6218437.474285752,4233183.928571466],[6221888.491428614,4234866.03428575],[6228391.594285756,4245938.240000036],[6231860.228571467,4245053.368571468],[6226801.817142896,4236498.074285753],[6225432.005714327,4230219.908571467],[6228729.271428607,4229027.094285753],[6231739.028571472,4231872.345714323],[6233788.714285754,4225357.514285751],[6236520.33142861,4221586.428571466],[6244045.680000037,4219153.911428608],[6248172.10285718,4215750.594285753],[6255374.9428571835,4212259.682857182],[6267098.354285754,4213542.965714324],[6278912.025714323,4220312.445714325],[6282564.131428614,4242502.531428609],[6285365.480000041,4240430.074285753],[6285101.622857183,4234245.560000036],[6289330.671428613,4230405.6657143235],[6290076.245714322,4240999.797142893],[6292647.482857183,4245733.9342857525],[6297412.542857185,4248440.574285753],[6297103.720000036,4242075.065714322],[6298797.114285752,4239340.357142895],[6298631.717142895,4228309.1228571795],[6296975.820000038,4224818.428571466],[6296289.448571466,4215831.317142893],[6297879.88000004,4210358.365714323],[6306783.534285754,4208893.154285751],[6309424.085714325,4209753.174285751],[6321974.080000043,4207291.202857181],[6329485.600000039,4209147.580000035],[6344672.42857147,4209297.937142894],[6354137.9771429,4210558.371428609],[6348227.360000037,4219586.37428575],[6360200.954285756,4212419.074285753],[6363682.245714322,4214227.845714323],[6369299.111428611,4222352.1228571795],[6369264.285714328,4213421.000000037],[6384231.300000042,4216565.817142893],[6390201.620000042,4224264.160000037],[6391941.360000037,4217514.305714324],[6395455.1571429,4216956.608571466],[6399356.208571471,4219359.431428608],[6401585.360000037,4227836.94285718],[6404925.320000038,4219122.911428608],[6410295.968571469,4223126.305714324],[6412399.78285718,4220410.42285718],[6423952.968571469,4222038.500000037],[6432969.031428613,4227808.531428609],[6442621.400000043,4228492.065714322],[6446314.945714325,4234930.994285751],[6444558.100000039,4240074.748571467],[6447024.5885714665,4245060.340000037],[6447300.0885714665,4255461.391428608],[6442796.8371429,4257577.705714323],[6438219.260000043,4265091.231428608],[6439927.674285755,4268388.10285718],[6448685.10285718,4259265.805714324],[6453380.9342857525,4257765.754285753],[6453429.10285718,4249055.817142893],[6455731.860000037,4240769.377142895],[6461001.962857179,4233554.114285752],[6466215.231428608,4230141.265714321],[6473263.531428613,4230136.188571464],[6475675.9771429,4234208.340000037],[6488821.737142898,4229005.71428575],[6497368.820000038,4228492.220000036],[6503103.962857179,4234364.928571466],[6506948.862857185,4240523.068571467],[6510126.631428614,4243405.0885714665],[6515259.917142898,4244340.451428607],[6519122.965714328,4242946.542857181],[6529919.294285752,4244433.711428609],[6530684.705714323,4246555.600000039],[6537385.540000036,4247483.768571466],[6539446.897142895,4253816.94285718],[6536294.180000037,4257474.6228571795],[6538691.105714329,4262247.388571467],[6534382.47142861,4267356.751428608],[6533574.897142895,4272279.488571465],[6535640.33142861,4274552.5457143225],[6528884.468571469,4278925.517142896],[6526561.502857186,4281745.320000038],[6529288.885714322,4286275.520000037],[6532171.5200000405,4279272.080000039],[6534969.045714326,4279315.377142895],[6542404.237142898,4274688.642857179],[6549424.305714324,4278720.857142895],[6553515.980000041,4282614.091428608],[6557443.277142897,4284046.44285718],[6549005.174285755,4298792.840000037],[6543513.168571465,4299029.565714322],[6537341.302857183,4295122.734285753],[6535681.094285756,4288579.551428609],[6525780.054285757,4293818.44285718],[6527871.268571466,4300087.08285718],[6532699.2114286125,4300840.251428608],[6536378.251428612,4304588.637142893],[6538771.048571467,4314496.834285751],[6541733.322857186,4314246.6657143235],[6546560.351428613,4322048.4342857525],[6547047.620000042,4328601.394285753],[6543228.9428571835,4327381.954285752],[6544083.317142896,4338497.368571468],[6539588.462857179,4340459.08285718],[6535671.905714326,4347550.537142895],[6528816.440000042,4347019.47142861],[6523024.082857184,4343925.937142894],[6516896.100000039,4342188.58285718],[6516080.791428611,4344659.734285753],[6522790.785714328,4348068.451428607],[6527423.717142895,4352766.022857182],[6523407.448571466,4357977.114285752],[6516035.114285752,4362477.597142894],[6511177.765714325,4363361.845714323],[6497401.620000042,4357199.731428608],[6495471.534285754,4359702.814285751],[6489164.960000038,4359277.840000037],[6487434.671428613,4363721.431428608],[6491535.38000004,4368407.188571464],[6492364.762857184,4372821.705714323],[6486794.611428611,4372976.182857182],[6481565.7971429005,4374977.08285718],[6457805.254285753,4375287.468571465],[6449656.9771429,4371136.6657143235],[6443096.960000038,4364129.191428609],[6430472.371428609,4360772.771428607],[6425751.228571467,4365414.880000036],[6414817.562857181,4365589.477142893],[6413631.7114286125,4361478.882857181],[6408949.554285757,4360555.325714324],[6405731.3371429,4353441.168571465],[6397343.005714327,4350087.15142861],[6397748.114285752,4345550.69428575],[6386393.202857181,4346685.211428609],[6385548.631428614,4342856.148571465],[6379878.722857185,4338184.682857182],[6380001.251428612,4334841.5885714665],[6375493.574285753,4334207.791428611],[6371007.7114286125,4335661.445714325],[6366552.042857185,4331127.351428609],[6359731.1571429,4328556.094285753],[6357951.9771429,4326260.917142894],[6366442.277142897,4320026.28285718],[6367372.931428611,4317132.951428607],[6352859.965714328,4316333.6228571795],[6346274.037142895,4321716.445714325],[6340734.322857179,4321472.940000039],[6333739.822857179,4326326.248571467],[6330927.705714323,4332891.680000037],[6325321.857142895,4336546.160000037],[6319370.368571468,4329554.740000036],[6315462.9342857525,4330007.69428575],[6309365.614285752,4328120.645714324],[6302995.5114286095,4321330.08285718],[6301827.348571464,4324584.551428609],[6293518.508571468,4332347.105714325],[6289139.625714324,4339301.174285751],[6285277.234285757,4341114.5542857535],[6284690.468571469,4334878.888571467],[6281966.47142861,4333727.6314286105],[6282491.000000037,4327734.528571464],[6286787.2114286125,4317235.240000036],[6286054.031428613,4313431.728571467],[6280655.745714322,4313112.157142896],[6276022.131428614,4320281.025714323],[6273671.580000043,4329506.954285752],[6267113.254285753,4329885.365714323],[6267419.354285754,4333494.668571465],[6272077.202857181,4334331.325714324],[6273722.317142896,4348061.97142861],[6271996.888571471,4352624.468571465],[6265857.24857147,4357799.065714322],[6255897.528571472,4356019.342857182],[6259433.120000042,4363173.928571466],[6255211.285714328,4367627.211428609],[6254342.351428613,4370878.951428607],[6248068.87428575,4372831.237142894],[6238657.4428571835,4370089.334285751],[6238110.514285751,4372825.5885714665],[6229748.682857186,4373867.608571466],[6225890.148571469,4365564.540000036],[6223671.185714327,4366757.242857181],[6224774.6571429,4376142.294285752],[6238596.242857181,4377864.791428611],[6243730.265714325,4379464.920000039],[6244494.2114286125,4381760.08285718],[6232275.88000004,4387334.500000037],[6216180.862857185,4392523.342857182],[6218218.997142896,4395704.840000037],[6226117.688571468,4393473.185714323],[6235593.120000042,4392659.617142893],[6240381.131428614,4390592.337142896],[6243522.208571471,4393461.142857179],[6259139.120000042,4393582.288571466],[6268030.611428611,4397170.814285751],[6270632.762857184,4402755.451428607],[6267945.908571467,4408429.642857179],[6255882.828571469,4410573.251428608],[6248481.4428571835,4415134.237142894],[6241231.7114286125,4417836.500000037],[6225330.105714329,4422013.594285753],[6222297.268571466,4424487.9342857525],[6215315.2885714695,4424843.162857179],[6208908.448571466,4429207.945714325],[6212552.528571472,4431597.405714322],[6219144.625714324,4427395.702857181],[6221714.240000039,4430086.431428608],[6226432.265714325,4425259.260000039],[6231170.2885714695,4424554.0885714665],[6235833.177142896,4425899.111428607],[6233420.920000039,4436533.805714324],[6226740.87428575,4440312.317142896],[6226464.720000036,4443037.220000036],[6218607.522857182,4448567.828571465],[6210129.594285756,4451032.288571466],[6198036.768571466,4448206.328571465],[6193464.702857181,4443443.688571464],[6185835.240000039,4440636.97142861],[6184137.60857147,4443001.437142894],[6178819.854285754,4440131.81142861],[6173800.554285757,4443458.000000037],[6167954.068571471,4440931.828571465],[6161066.702857181,4426695.697142895],[6158085.937142894,4430693.325714324],[6162599.382857181,4435160.497142896],[6162279.5200000405,4438258.002857182],[6166078.640000038,4449843.988571465],[6166323.740000039,4457719.47142861],[6160598.688571468,4463383.257142894],[6155526.982857183,4470967.188571468],[6154707.717142895,4476180.851428609],[6148942.974285752,4479252.454285752],[6146108.100000039,4478695.362857182],[6145321.385714322,4474394.885714322],[6138762.760000043,4474421.877142895],[6137451.094285756,4477933.722857181],[6133717.06000004,4479365.328571465],[6133610.705714323,4483219.248571467],[6130600.131428614,4484987.640000038],[6123113.600000039,4484531.731428608],[6120109.9342857525,4487496.228571467],[6117014.74857147,4486776.771428607],[6111190.508571468,4494469.900000036],[6104550.920000039,4495799.451428611]]],[[[5276132.4342857525,3867074.405714322],[5279300.771428607,3862025.2400000356],[5278853.080000035,3857655.985714324],[5275929.354285754,3856616.6885714643],[5278008.19428575,3851261.8257143237],[5284570.914285749,3848657.5114286095],[5283314.882857181,3843935.6342857517],[5279549.317142896,3838513.4742857516],[5281576.680000037,3831566.21428575],[5286646.74857147,3828274.568571467],[5290107.202857181,3821496.948571466],[5295674.014285751,3817964.5457143225],[5297081.205714323,3812308.3942857496],[5310121.160000041,3804939.340000037],[5315391.92857147,3800641.5914286077],[5318993.025714323,3800859.525714323],[5325184.600000039,3795905.631428607],[5331747.731428608,3796721.445714321],[5334196.682857178,3794060.631428607],[5349260.92285718,3790181.131428607],[5353069.425714321,3790381.8428571783],[5359558.714285754,3786592.6971428953],[5360651.377142899,3783045.597142894],[5367460.508571468,3781560.4971428923],[5367841.188571468,3778396.914285753],[5375362.640000038,3773103.1285714656],[5373321.357142895,3766628.7885714658],[5373844.071428612,3753775.457142893],[5370648.840000041,3744852.977142893],[5364815.177142896,3740048.405714322],[5362723.871428609,3724740.8085714653],[5365970.771428607,3716637.100000035],[5364145.614285752,3711601.8600000367],[5365783.042857185,3704828.0171428956],[5373975.877142899,3696276.21428575],[5371189.905714326,3692913.3228571787],[5365692.031428613,3694046.4228571802],[5366492.948571466,3689577.562857181],[5379326.031428613,3688491.3257143237],[5383289.674285755,3684913.8085714653],[5390855.740000039,3687043.8200000376],[5395150.111428611,3683980.642857179],[5399876.411428608,3682834.528571464],[5409998.55428575,3683501.908571467],[5420135.945714325,3679625.020000037],[5421548.425714321,3680493.525714323],[5431425.828571469,3678430.645714324],[5444732.280000038,3671085.4971428923],[5444454.92285718,3675471.4800000377],[5449010.55428575,3676509.414285749],[5453998.56000004,3671228.3885714635],[5459913.420000039,3671161.0514286086],[5471660.660000041,3674511.6657143235],[5476678.465714328,3670891.185714323],[5478762.900000036,3666827.608571466],[5482671.197142899,3670798.9800000377],[5488315.805714324,3671078.371428609],[5491043.771428607,3667964.260000035],[5506655.125714324,3666023.182857178],[5517880.997142896,3668972.985714324],[5526913.034285754,3667512.457142893],[5534732.680000037,3668571.691428609],[5548019.128571466,3674670.837142892],[5557099.568571471,3681218.6571428925],[5558334.008571468,3685543.1114286073],[5572367.205714323,3680713.2400000356],[5597360.894285753,3679624.185714323],[5607143.605714321,3683743.4685714655],[5611539.548571467,3687919.071428608],[5616408.625714324,3694786.637142893],[5626451.691428609,3702156.0428571813],[5626290.0114286095,3712158.1342857517],[5627755.228571467,3714380.680000037],[5636421.462857179,3715451.2485714667],[5637666.154285751,3720755.3857143223],[5642355.38000004,3725010.645714324],[5645267.28285718,3725525.882857181],[5649064.28285718,3721594.140000038],[5651867.302857183,3711818.260000035],[5650906.991428614,3704666.868571464],[5652092.1571428925,3700376.3114286065],[5645139.100000039,3696708.2371428944],[5644256.662857182,3690100.677142892],[5655527.237142898,3684656.0914286077],[5659593.228571467,3684413.5771428943],[5664784.891428612,3686208.108571466],[5669244.805714324,3684796.7828571796],[5676296.114285752,3679471.108571466],[5677518.214285754,3673269.408571467],[5681672.817142896,3673423.0057143234],[5689885.497142896,3668786.9800000377],[5692083.480000041,3666092.4800000377],[5697435.394285753,3667745.948571466],[5698389.042857185,3665034.7057143226],[5691740.10285718,3659939.9257143214],[5682378.082857184,3657448.9000000358],[5685330.674285755,3649528.905714322],[5702496.982857183,3642146.6542857513],[5707627.265714325,3641518.2742857523],[5711501.514285751,3647337.560000036],[5719915.468571469,3642235.0514286086],[5723924.774285756,3637552.940000035],[5729732.291428611,3638171.7285714634],[5732249.551428609,3634581.408571467],[5735903.7114286125,3633905.6542857513],[5741434.448571466,3629824.365714323],[5743960.534285754,3630698.0400000364],[5750710.69428575,3624117.6600000374],[5755974.180000037,3628262.5114286095],[5760822.968571469,3629702.5000000373],[5765032.634285755,3623722.951428607],[5769004.094285756,3622761.220000036],[5777606.92857147,3626445.0742857493],[5777114.24857147,3632820.071428608],[5782380.448571466,3627617.440000035],[5787964.348571464,3628655.7428571805],[5791797.094285756,3633267.605714321],[5798828.42285718,3635761.3942857496],[5801487.42857147,3634436.862857178],[5804540.860000037,3639670.8542857505],[5807638.345714323,3635867.7114286087],[5815456.357142895,3638335.7342857495],[5813526.137142897,3641892.0914286077],[5815995.640000038,3644420.562857181],[5820259.720000036,3656522.268571466],[5817408.137142897,3661962.2885714658],[5812434.6571428925,3666035.131428607],[5809478.448571466,3663240.3142857514],[5805208.271428607,3662326.4714286067],[5803708.080000035,3668797.191428609],[5805831.082857184,3670653.9028571807],[5809618.637142897,3664296.685714323],[5811568.371428609,3668568.8600000367],[5809691.322857179,3678443.2742857523],[5817574.648571469,3681565.87428575],[5816518.674285755,3687359.8971428946],[5811720.388571471,3692488.3885714635],[5810015.87428575,3691403.0057143234],[5805062.014285751,3694695.9342857525],[5802899.962857179,3692047.185714323],[5797830.820000038,3693083.0571428947],[5796364.462857179,3686552.3428571783],[5791091.585714325,3687354.9628571793],[5784256.800000042,3685456.21428575],[5780875.834285751,3679488.460000038],[5776582.468571469,3676662.445714321],[5773158.9342857525,3668653.305714324],[5767234.562857181,3664384.8485714644],[5764859.642857179,3667511.5942857526],[5773330.508571468,3672681.7400000356],[5774104.214285754,3683683.994285751],[5777541.820000038,3688201.1942857504],[5778197.537142895,3696891.454285752],[5772648.897142895,3700000.448571466],[5772017.3371429,3707234.3228571787],[5767025.551428609,3709554.9371428937],[5762895.308571465,3721308.5742857493],[5767817.137142897,3723925.3971428946],[5771538.294285752,3722273.1542857513],[5775773.962857179,3711581.6114286073],[5779665.991428614,3708947.7714286074],[5783174.340000041,3703243.0942857526],[5786648.4342857525,3700397.571428608],[5790717.394285753,3702489.7485714667],[5797014.014285751,3700864.720000036],[5799443.242857181,3705074.208571464],[5800405.742857181,3713021.454285752],[5796705.671428613,3717883.5428571813],[5801606.342857182,3721980.1971428953],[5802814.094285756,3725621.148571465],[5806176.357142895,3727107.382857181],[5808401.391428612,3722219.8942857496],[5813817.768571466,3730684.454285752],[5813906.911428608,3738057.0057143234],[5816821.368571468,3736410.5000000373],[5816614.297142893,3730869.9714286067],[5821747.937142894,3724846.87428575],[5823865.600000039,3716522.5000000373],[5829994.308571465,3715147.0457143225],[5831827.465714328,3711490.3428571783],[5836414.394285753,3714990.717142895],[5839227.680000037,3724167.3257143237],[5841960.860000037,3720163.880000036],[5845084.317142896,3709901.6257143207],[5844768.851428613,3706833.4371428937],[5848885.268571466,3705461.0742857493],[5852242.951428607,3707504.2114286087],[5859219.122857183,3705447.2028571777],[5863728.180000037,3718720.268571466],[5864825.605714321,3729546.368571464],[5863565.448571466,3735463.5914286077],[5865534.400000036,3741465.9257143214],[5863931.385714322,3749019.022857178],[5864374.3371429,3761760.6685714647],[5859402.7114286125,3758803.8914286084],[5849782.88000004,3757297.754285753],[5841771.140000038,3759510.951428607],[5840826.854285754,3766554.99142861],[5844331.068571471,3771509.448571466],[5842280.7885714695,3777301.4314286076],[5837111.188571468,3774878.060000036],[5831809.654285751,3775241.5514286086],[5830906.405714326,3777858.2028571814],[5823803.034285754,3782797.985714324],[5823627.900000036,3787815.685714323],[5818006.828571469,3791892.4314286076],[5814607.508571468,3798793.1885714643],[5804326.040000036,3806043.257142894],[5797981.777142897,3804874.2342857495],[5794454.042857185,3806652.1114286073],[5793139.42285718,3811687.954285752],[5789961.774285756,3816728.5400000364],[5781053.517142899,3817206.7771428935],[5778250.562857181,3824161.2342857495],[5778157.10285718,3828784.44285718],[5772640.862857185,3837790.0000000373],[5767045.5200000405,3840053.2657143213],[5767992.291428611,3848574.985714324],[5766481.534285754,3860822.2314286083],[5764569.502857178,3863854.0571428947],[5758335.105714321,3867776.8114286065],[5755379.577142894,3872103.597142894],[5752773.60285718,3883825.1342857517],[5760441.040000036,3890184.297142893],[5763264.028571464,3897547.220000036],[5761802.55428575,3901554.0485714637],[5762777.502857178,3905976.405714322],[5770772.888571471,3909381.828571465],[5769726.540000036,3912974.7114286087],[5771418.531428613,3916121.2057143226],[5769930.691428609,3922497.2114286087],[5773134.482857183,3934253.7057143226],[5771211.92857147,3937559.3857143223],[5771025.014285751,3945871.6714286096],[5769704.811428614,3951464.4742857516],[5765130.277142897,3957191.680000037],[5762856.100000039,3967032.5942857526],[5765473.962857179,3975007.3600000367],[5762575.0200000405,3993946.0885714665],[5765130.314285755,3998194.408571467],[5762938.325714327,4011489.4742857516],[5763423.268571466,4019518.345714323],[5761016.217142895,4024186.5342857502],[5764080.925714321,4033304.680000037],[5762484.302857183,4034407.642857179],[5763817.394285753,4051882.1942857504],[5761243.225714326,4058237.6657143235],[5766195.574285753,4060620.6942857504],[5766650.47142861,4065542.257142894],[5764333.317142896,4070774.708571464],[5767757.771428607,4072303.9314286076],[5765798.802857183,4080780.680000037],[5760552.351428613,4082078.6000000387],[5756725.480000041,4089608.180000037],[5756919.128571466,4097211.8600000367],[5751605.717142895,4097354.6771428958],[5747275.271428607,4102163.751428608],[5745817.257142894,4107296.768571466],[5742321.528571464,4113094.9400000386],[5741887.760000035,4120989.87428575],[5736402.454285756,4121788.954285752],[5735174.002857178,4129364.6342857517],[5731591.185714327,4133152.65142861],[5724568.42857147,4130182.8628571816],[5722791.648571469,4124524.494285751],[5718532.42285718,4123507.988571465],[5713661.645714328,4134273.8885714673],[5708990.042857185,4139778.605714321],[5698017.968571469,4145835.234285753],[5696679.425714321,4141125.4314286076],[5692489.860000037,4138333.3514286093],[5697270.568571471,4127466.754285753],[5691167.062857181,4131160.7800000384],[5685355.742857181,4128982.297142893],[5683391.611428611,4123727.642857179],[5683764.6657143235,4119332.94285718],[5686281.400000036,4114269.865714323],[5683021.42285718,4106389.834285751],[5682852.074285753,4097735.680000037],[5681095.968571469,4096010.05428575],[5681275.645714328,4089703.565714322],[5679856.168571465,4079168.6771428958],[5679487.125714324,4067926.21428575],[5681957.622857183,4062290.722857181],[5680114.094285756,4057390.5571428947],[5676408.697142899,4055991.3142857514],[5676836.808571465,4047473.905714322],[5678364.20000004,4042387.525714323],[5678095.83142861,4031501.5400000364],[5675275.834285751,4030454.1285714656],[5673524.537142895,4021616.642857179],[5675251.382857181,4013589.871428609],[5674393.1657143235,4000954.800000038],[5679403.8371429,3995828.8485714644],[5679168.514285751,3991482.1657143235],[5682450.522857182,3985309.068571467],[5674854.637142897,3983548.9657143243],[5677699.028571464,3979547.0485714674],[5675714.5200000405,3976661.26285718],[5670811.991428614,3976162.071428608],[5663302.925714321,3968486.5114286095],[5659920.920000039,3972468.880000036],[5657962.277142897,3968584.6114286073],[5660160.051428609,3962392.880000036],[5655338.305714324,3962273.1657143235],[5651856.517142899,3965125.0800000355],[5652846.137142897,3972850.71428575],[5648466.160000041,3977650.217142895],[5646024.431428611,3985006.380000036],[5648451.280000038,3987035.334285751],[5647871.328571469,3991518.337142896],[5652753.765714325,3996910.454285752],[5651218.757142894,4002613.9657143243],[5647909.917142898,4006943.142857179],[5650966.537142895,4014699.0400000364],[5651193.580000035,4020319.680000037],[5649806.062857181,4030639.520000037],[5650446.677142896,4034129.208571464],[5649685.685714327,4045723.7457143217],[5653645.605714321,4056306.5885714665],[5656896.857142895,4060090.0857143216],[5657205.714285754,4065765.76285718],[5654749.354285754,4070530.5028571784],[5645072.662857182,4070856.382857181],[5646903.231428608,4079880.1971428953],[5646466.83142861,4092697.2314286083],[5638429.691428609,4093095.4800000377],[5640053.142857179,4096131.21428575],[5631576.462857179,4110562.1257143244],[5636130.245714322,4112110.7742857523],[5635326.014285751,4115598.60285718],[5628898.251428612,4116242.9742857516],[5622706.745714322,4095091.868571464],[5622243.045714326,4093507.802857179],[5622226.437142894,4093451.068571467],[5621998.917142898,4092673.83142861],[5621850.402857184,4092166.485714324],[5620908.508571468,4088948.834285751],[5617013.140000038,4075696.631428607],[5615305.960000038,4069910.4657143243],[5614436.708571464,4066964.300000038],[5614029.620000042,4065584.5514286086],[5602824.322857179,4027178.8628571816],[5539032.120000042,3809553.9657143243],[5463133.445714325,3833356.1285714656],[5445069.074285753,3839419.257142894],[5439468.397142895,3823627.9400000386],[5428799.322857179,3827210.485714324],[5434021.114285752,3843265.55428575],[5398149.405714326,3855576.8942857496],[5375210.251428612,3863947.294285752],[5310857.2114286125,3888859.37428575],[5287876.965714321,3898425.8085714653],[5286367.38000004,3893909.837142896],[5286244.357142895,3884929.2371428944],[5288212.70000004,3873119.137142893],[5294855.882857181,3860570.905714322],[5276132.4342857525,3867074.405714322]]],[[[6580832.482857183,5241993.814285755],[6576618.925714329,5237009.242857181],[6579136.877142899,5230772.697142899],[6572388.894285753,5230797.002857178],[6564716.068571471,5217261.405714326],[6563420.245714329,5210656.205714323],[6560516.642857179,5208908.062857181],[6556606.425714329,5198663.174285755],[6551821.271428615,5197843.817142896],[6543537.780000038,5192026.642857179],[6543124.988571465,5197910.111428611],[6547544.080000043,5200686.88000004],[6547703.20000004,5203386.3114286065],[6552147.034285754,5209142.477142893],[6556887.6571429,5217385.045714326],[6560007.137142897,5226740.780000038],[6560046.302857183,5235313.254285753],[6553975.302857183,5234000.611428611],[6547860.317142896,5234679.542857185],[6544696.002857186,5232050.171428613],[6537853.017142899,5230594.360000037],[6528484.74857147,5232769.3114286065],[6526445.137142897,5231202.845714323],[6526141.940000042,5221783.345714323],[6521866.051428609,5227556.902857184],[6519748.462857179,5232552.2342857495],[6515415.077142894,5227675.702857181],[6505661.474285752,5237326.69428575],[6494949.022857182,5232930.854285754],[6488277.528571472,5223723.20000004],[6488604.877142899,5218624.897142895],[6499521.077142894,5208327.877142899],[6489298.362857185,5211245.791428611],[6484187.734285757,5216638.991428606],[6482637.097142898,5222045.905714326],[6482824.885714322,5228027.92285718],[6477080.888571471,5226626.06000004],[6468514.328571469,5222845.302857183],[6466628.74857147,5216158.042857178],[6462941.557142898,5211635.125714324],[6462913.417142898,5205581.160000041],[6460699.168571465,5201731.525714323],[6464993.514285751,5197063.397142895],[6472238.8371429,5187143.594285756],[6483006.488571465,5182769.077142894],[6486696.040000036,5177023.425714321],[6471884.205714323,5182732.7114286125],[6461056.737142898,5190463.242857181],[6454694.251428612,5201901.420000039],[6450275.605714329,5205794.720000036],[6445046.228571467,5208170.10857147],[6438003.531428613,5207801.454285756],[6435000.308571465,5203464.080000035],[6427993.83142861,5205942.094285756],[6410812.854285754,5205919.085714325],[6405260.271428607,5202002.754285753],[6405717.648571469,5193408.802857183],[6408646.274285756,5189633.008571468],[6419475.6657143235,5182875.55428575],[6423360.117142893,5175701.580000035],[6427840.002857186,5173294.06000004],[6430762.517142899,5163383.134285755],[6442069.834285751,5158094.931428611],[6444698.417142898,5157859.202857181],[6441477.400000043,5150038.33142861],[6436628.662857182,5153676.500000037],[6426940.325714327,5159107.1571428925],[6423833.077142894,5165311.685714327],[6418842.140000038,5170716.005714327],[6414345.488571465,5178550.9342857525],[6401741.097142898,5184763.134285755],[6400034.017142899,5182346.254285753],[6400238.114285752,5176535.160000041],[6394630.317142896,5174748.120000042],[6392217.717142895,5182146.902857184],[6388940.691428609,5183892.385714322],[6384436.271428607,5179730.137142897],[6379394.322857179,5183449.931428611],[6373391.47142861,5181874.60285718],[6369185.2885714695,5177770.740000039],[6367207.480000041,5170431.228571467],[6374473.208571471,5164621.411428608],[6376390.120000042,5158378.440000035],[6387299.900000043,5153353.131428607],[6388758.217142895,5150216.517142892],[6373691.222857185,5154893.117142893],[6367448.725714326,5161332.317142896],[6361185.820000038,5162950.671428613],[6354799.508571468,5162715.8657143265],[6351567.925714329,5158376.722857185],[6358336.128571466,5152202.954285756],[6360244.085714325,5147199.940000035],[6366006.468571469,5140567.142857179],[6376723.262857184,5125047.600000039],[6374013.988571465,5121331.502857178],[6368737.462857179,5126223.265714325],[6361522.045714326,5136444.960000038],[6355989.671428613,5140432.220000036],[6344889.685714327,5142939.840000041],[6342517.2114286125,5138906.780000038],[6345190.171428613,5131387.031428613],[6351359.762857184,5127307.28285718],[6358435.082857184,5125291.437142894],[6355333.180000037,5122750.094285749],[6350739.834285751,5123587.291428611],[6342563.522857182,5122117.125714324],[6342048.714285754,5116813.040000036],[6344082.662857182,5113532.908571467],[6341617.517142899,5109772.7342857495],[6343728.468571469,5104987.982857183],[6353597.38000004,5097696.180000037],[6358265.634285755,5092631.162857182],[6365639.940000042,5087805.188571468],[6373948.722857185,5086072.951428607],[6374984.974285752,5080203.802857183],[6384314.137142897,5074879.960000038],[6394509.528571472,5074697.697142899],[6393827.065714322,5071212.071428612],[6397216.56000004,5065939.780000038],[6401819.125714324,5062263.682857178],[6398182.940000042,5059506.394285753],[6391033.057142898,5067909.6571428925],[6381237.4428571835,5069702.180000037],[6369484.240000039,5078131.148571469],[6361851.857142895,5081662.271428607],[6351992.625714324,5088967.614285752],[6350504.702857181,5092234.845714323],[6344574.874285758,5097014.631428607],[6339593.177142896,5097041.977142893],[6339567.771428607,5089215.728571467],[6344178.817142896,5084980.542857178],[6347021.285714328,5076350.105714321],[6356437.174285755,5075851.848571464],[6357018.960000038,5073111.877142899],[6346968.611428611,5072682.251428612],[6342620.308571465,5073737.648571469],[6341091.962857179,5083130.297142893],[6335240.328571469,5087993.340000041],[6334385.368571468,5093335.914285749],[6327222.814285755,5102578.828571469],[6316298.091428608,5104681.334285751],[6309439.154285751,5107268.214285754],[6309006.968571469,5113753.360000037],[6301611.737142898,5114783.760000035],[6293502.5885714665,5110878.334285751],[6295423.408571467,5106765.760000035],[6298102.65142861,5106928.022857182],[6299514.720000036,5096273.568571463],[6302600.671428613,5091322.60857147],[6298676.10857147,5086757.320000038],[6285967.802857183,5083286.8885714635],[6279528.734285757,5082225.668571465],[6281430.405714326,5073703.69428575],[6283541.637142897,5071097.565714322],[6293882.6657143235,5068386.074285753],[6301208.10285718,5063746.722857185],[6309851.014285751,5063166.42857147],[6313913.754285753,5061923.871428609],[6310884.931428611,5056843.851428613],[6308759.685714327,5058922.022857182],[6299772.402857184,5058650.2342857495],[6298862.871428609,5054661.185714327],[6290766.728571467,5062838.771428607],[6280432.445714325,5062681.454285756],[6276395.597142898,5056935.271428607],[6272307.454285756,5064384.611428611],[6263477.662857182,5067205.828571469],[6260211.508571468,5064460.33142861],[6253875.920000039,5062817.302857183],[6247444.114285752,5056135.917142898],[6245682.254285753,5051348.868571468],[6240793.314285755,5043530.122857183],[6244533.87428575,5041195.100000039],[6243222.642857179,5035130.300000042],[6239479.814285755,5035063.528571464],[6236380.545714326,5041998.548571467],[6233472.345714323,5043264.2885714695],[6221208.842857182,5039494.597142898],[6220355.937142894,5034724.805714324],[6213953.308571465,5033326.3885714635],[6213426.677142896,5026645.217142895],[6210861.905714326,5024316.677142896],[6207086.15142861,5026425.160000041],[6203161.19428575,5022278.408571467],[6203326.342857182,5016327.057142898],[6199639.328571469,5013127.728571467],[6199653.677142896,5010311.605714321],[6206985.160000041,5006241.648571469],[6208532.2885714695,4997554.937142894],[6213391.891428612,5001894.902857184],[6216109.425714321,5002285.562857181],[6215921.242857181,5009759.894285753],[6219116.38000004,5010942.994285755],[6219963.794285752,5014850.000000037],[6225488.168571465,5013239.022857182],[6228891.348571464,5016347.2114286125],[6232504.051428609,5010951.774285756],[6236305.674285755,5008271.325714327],[6233269.071428612,5003175.6657143235],[6230515.740000039,5003277.377142899],[6223536.082857184,4994926.9342857525],[6219008.342857182,4991124.274285756],[6219437.745714322,4986836.92285718],[6223157.091428608,4985919.6657143235],[6227153.751428612,4981976.085714325],[6243860.728571467,4995170.411428608],[6250822.254285753,5001447.228571467],[6257597.740000039,5003097.594285749],[6260625.47142861,5005373.268571466],[6263766.7885714695,5002520.120000035],[6252735.174285755,4996991.631428607],[6248810.128571466,4990182.64571432],[6245668.154285751,4987600.220000036],[6240921.740000039,4979849.542857181],[6235642.514285751,4978228.534285754],[6236402.268571466,4973351.208571468],[6241463.937142894,4970640.674285751],[6246944.080000043,4964497.368571468],[6243576.317142896,4963305.760000039],[6234229.637142897,4966466.834285751],[6228780.688571468,4961098.640000038],[6228063.460000038,4958410.694285754],[6231713.06000004,4943995.500000037],[6236500.705714323,4940377.357142895],[6240542.531428613,4939482.248571467],[6249915.205714323,4942087.882857181],[6265680.777142897,4947803.500000037],[6273337.122857183,4946789.251428608],[6278895.168571465,4947810.81142861],[6287602.005714327,4953096.482857183],[6296473.037142895,4955802.945714325],[6304283.834285751,4968623.882857181],[6313938.06000004,4975884.300000038],[6321374.662857182,4980485.691428609],[6325610.728571467,4976747.568571467],[6314831.025714323,4968103.882857181],[6306765.514285751,4956188.594285753],[6306215.262857184,4953374.265714325],[6299278.905714326,4948603.042857181],[6292861.308571465,4941600.5542857535],[6287382.460000038,4941230.891428608],[6285430.105714329,4939139.49142861],[6278314.6571429,4938188.722857181],[6269076.031428613,4940860.891428608],[6264360.448571466,4939604.565714322],[6249267.697142899,4933157.9342857525],[6244525.648571469,4928887.257142894],[6247171.145714328,4922150.825714324],[6259561.6571429,4912636.154285751],[6268372.9428571835,4903550.248571467],[6281810.620000042,4897587.317142896],[6287732.840000041,4899212.668571468],[6289899.531428613,4905306.377142895],[6289209.0885714665,4909111.988571465],[6296818.83142861,4921510.314285751],[6301538.991428614,4934759.962857179],[6306275.42285718,4943079.814285751],[6310869.988571465,4948664.348571468],[6315581.354285754,4950809.960000038],[6319583.237142898,4950120.068571467],[6323272.24857147,4953034.94285718],[6335257.654285751,4957296.937142894],[6342960.542857185,4959074.788571466],[6348988.4771429,4963067.81142861],[6359512.10857147,4968548.260000039],[6362360.125714324,4964213.757142894],[6354362.60285718,4962511.508571468],[6347671.514285751,4956988.280000038],[6339902.622857183,4954115.351428609],[6331148.614285752,4949375.660000037],[6318450.314285755,4944727.314285751],[6310087.325714327,4936038.571428608],[6308813.97142861,4930153.142857183],[6299780.091428608,4910537.180000037],[6296574.394285753,4895634.957142897],[6305057.605714329,4890820.397142895],[6309800.1657143235,4889130.808571465],[6319719.622857183,4889850.240000039],[6326494.571428612,4888402.868571468],[6335163.0200000405,4891447.714285754],[6338946.902857184,4890072.725714322],[6351620.817142896,4895099.742857181],[6352521.168571465,4905380.880000036],[6349079.8657143265,4916344.6314286105],[6355768.351428613,4924455.1228571795],[6357764.834285751,4930365.980000038],[6360272.071428612,4929192.094285753],[6356755.094285756,4920262.44285718],[6353388.42857147,4918788.431428611],[6357735.9771429,4911868.960000038],[6371904.408571467,4921215.620000038],[6372191.800000042,4923511.251428608],[6380343.10857147,4932841.188571468],[6384937.322857179,4931615.480000038],[6383150.311428614,4926663.462857179],[6377903.785714328,4918821.294285752],[6373603.4342857525,4918067.134285752],[6367949.417142898,4914022.642857183],[6363377.154285751,4908037.531428609],[6363113.488571465,4898932.474285752],[6369058.857142895,4897290.717142895],[6377214.402857184,4900471.982857183],[6391011.982857183,4907475.071428608],[6402562.391428612,4915951.585714325],[6407320.4771429,4921928.542857181],[6415647.577142894,4929523.717142895],[6425199.765714325,4942898.577142894],[6424978.517142899,4951387.774285752],[6427762.125714324,4957139.682857182],[6423663.480000041,4958953.708571468],[6424308.857142895,4964997.257142894],[6427523.205714323,4971139.4342857525],[6432672.868571468,4977098.080000039],[6431917.271428607,4984537.308571465],[6435903.034285754,4992862.140000038],[6437629.208571471,4998692.222857185],[6456075.574285753,5020685.568571463],[6458343.585714325,5019330.24857147],[6456572.728571467,5014198.220000036],[6451947.888571471,5006842.028571464],[6447369.771428607,5002017.60857147],[6442060.982857183,4993948.240000039],[6441601.737142898,4988674.448571466],[6437420.542857185,4982681.065714322],[6438353.068571471,4979825.688571468],[6437581.074285753,4971884.068571467],[6434119.762857184,4966845.394285753],[6431298.42285718,4959414.31142861],[6433898.077142894,4955829.945714325],[6434700.3657143265,4945093.420000039],[6449240.808571465,4953903.111428611],[6458038.120000042,4957490.26285718],[6464916.6657143235,4956072.837142896],[6473813.254285753,4958363.540000036],[6478773.900000043,4964184.328571465],[6489309.074285753,4972234.3228571825],[6490297.231428608,4969166.94285718],[6483361.994285755,4964723.051428609],[6478901.582857184,4964195.0542857535],[6475968.834285751,4960698.222857181],[6478481.140000038,4957697.874285754],[6477393.5114286095,4953020.757142894],[6460050.620000042,4948007.67142861],[6454283.040000036,4945477.60285718],[6441867.737142898,4936679.274285752],[6433968.697142899,4929237.208571468],[6422763.262857184,4916954.080000039],[6421385.145714328,4914000.360000037],[6428559.600000039,4913975.0542857535],[6437384.294285752,4918178.611428611],[6450262.094285756,4919705.337142896],[6457291.082857184,4919755.274285752],[6455284.905714326,4916145.685714323],[6434582.56000004,4910129.802857179],[6431365.222857185,4908130.805714324],[6418493.914285757,4904095.711428609],[6415893.860000037,4900157.965714324],[6417927.914285757,4896514.388571467],[6411960.948571466,4895606.111428611],[6399636.291428611,4888443.305714324],[6389179.177142896,4883317.014285751],[6387181.134285755,4883730.897142895],[6377499.414285757,4877943.628571466],[6367369.148571469,4873456.0114286095],[6367826.814285755,4869173.28285718],[6372113.145714328,4865540.808571465],[6376725.405714326,4858060.614285752],[6384161.468571469,4849389.931428611],[6388221.668571465,4843485.845714323],[6394749.411428608,4838039.802857179],[6407537.840000041,4833813.951428611],[6402922.4428571835,4828172.371428609],[6406758.5885714665,4820018.5885714665],[6407141.120000042,4815349.08285718],[6409971.325714327,4811851.474285752],[6409322.677142896,4808280.091428608],[6418542.660000041,4807138.69428575],[6422101.9428571835,4803299.774285752],[6429516.817142896,4804678.33142861],[6433658.862857185,4809024.642857179],[6441398.080000043,4811701.788571466],[6441225.245714322,4806469.957142897],[6432571.077142894,4801277.808571465],[6429500.83142861,4798383.474285752],[6430917.757142894,4794305.760000039],[6411246.068571471,4799690.957142893],[6410203.008571468,4795552.300000038],[6406295.188571468,4797418.985714324],[6406615.142857179,4804721.094285753],[6404018.328571469,4804301.454285752],[6400040.60857147,4807654.397142895],[6397202.017142899,4814657.6657143235],[6395653.591428608,4821551.268571466],[6382156.888571471,4834176.185714323],[6379240.988571465,4838392.882857181],[6368649.582857184,4847682.694285754],[6361021.100000039,4857872.688571468],[6354879.505714327,4862479.702857181],[6349868.240000039,4863592.81142861],[6325928.582857184,4860737.182857182],[6318131.517142899,4866329.905714322],[6311762.542857185,4866731.008571468],[6304177.634285755,4863264.297142897],[6303080.600000039,4856893.5885714665],[6302538.8371429,4841904.080000039],[6305469.628571466,4831653.325714324],[6308059.025714323,4828815.382857181],[6312408.842857182,4829313.794285752],[6323378.10857147,4825637.188571468],[6320274.228571467,4822568.305714324],[6310322.005714327,4825509.9342857525],[6307957.4342857525,4820885.768571466],[6309377.888571471,4809670.205714323],[6309331.137142897,4802873.26285718],[6312268.1657143235,4799938.085714325],[6319758.611428611,4797934.808571465],[6322348.031428613,4795990.951428611],[6328595.322857179,4796289.680000037],[6337356.762857184,4790294.980000038],[6339693.268571466,4787465.497142896],[6342490.300000042,4777182.288571466],[6345062.591428608,4772088.454285752],[6353369.542857185,4766176.234285753],[6355908.0200000405,4755502.285714325],[6360443.2885714695,4742053.642857179],[6366707.6657143235,4739327.868571468],[6374429.134285755,4729135.288571466],[6375175.688571468,4724497.9000000395],[6368778.054285757,4726470.3228571825],[6366963.094285756,4730516.60285718],[6363275.160000041,4733512.840000037],[6355520.714285754,4735136.654285751],[6351809.2885714695,4726263.642857179],[6354093.234285757,4720966.754285753],[6365504.325714327,4715955.7771428935],[6374230.622857183,4715746.820000038],[6379476.828571469,4714301.740000039],[6386070.600000039,4715942.042857181],[6394237.228571467,4716403.462857179],[6405365.231428608,4713387.848571468],[6411154.28285718,4716353.380000036],[6415501.054285757,4729543.334285751],[6419944.817142896,4728230.931428608],[6418600.080000043,4718866.785714325],[6421677.69428575,4716204.008571465],[6421558.351428613,4710818.354285751],[6416863.714285754,4712038.008571465],[6412546.091428608,4710913.245714322],[6405040.28285718,4706593.600000039],[6396520.188571468,4706639.205714323],[6393520.1571429,4707687.19428575],[6387748.9342857525,4705794.0885714665],[6391009.474285752,4700688.334285751],[6402615.311428614,4693981.711428609],[6406779.860000037,4686741.862857182],[6414554.351428613,4679858.682857182],[6411505.397142895,4677010.368571468],[6405354.431428611,4680878.94285718],[6405006.908571467,4683252.9342857525],[6399561.634285755,4690022.28285718],[6393116.628571466,4690749.525714323],[6386065.0885714665,4697410.834285751],[6383613.357142895,4697111.2000000365],[6379014.920000039,4701744.245714322],[6368332.774285756,4703730.662857182],[6359225.460000038,4702425.537142895],[6355555.140000038,4703362.408571467],[6349827.997142896,4707440.368571468],[6343862.160000041,4707712.465714324],[6341364.845714323,4703746.6314286105],[6335126.957142897,4699272.365714323],[6314328.974285752,4690687.071428608],[6310449.762857184,4685254.502857182],[6309165.465714328,4676080.617142893],[6306482.180000037,4666677.33142861],[6307021.185714327,4663983.522857182],[6302260.597142898,4658158.882857181],[6298958.542857185,4650887.654285751],[6299728.022857182,4626325.968571465],[6305730.757142894,4622984.334285751],[6301464.591428608,4620039.83142861],[6301874.4342857525,4614584.028571468],[6309342.674285755,4613125.517142896],[6319360.377142899,4615614.242857181],[6323179.251428612,4621711.600000039],[6323209.237142898,4625548.774285752],[6329766.7885714695,4625703.057142895],[6332454.582857184,4630933.051428609],[6332497.757142894,4637555.957142893],[6336514.891428612,4639632.6657143235],[6336052.877142899,4630159.928571466],[6330452.122857183,4619194.42285718],[6329470.525714323,4612707.885714322],[6333157.222857185,4609625.608571466],[6342652.160000041,4615218.842857182],[6348891.114285752,4616729.465714324],[6353066.065714322,4627957.497142896],[6354097.822857179,4634770.965714324],[6357104.1571429,4644390.597142894],[6356219.008571468,4652634.180000037],[6357907.345714323,4661027.220000036],[6359622.300000042,4661390.220000036],[6358771.962857179,4648346.26285718],[6361209.871428609,4644324.345714323],[6358220.468571469,4631697.225714322],[6360512.508571468,4627681.494285751],[6363390.231428608,4631382.271428607],[6370733.071428612,4631868.288571466],[6363620.388571471,4626587.128571466],[6358425.174285755,4626020.260000039],[6357223.174285755,4616992.49142861],[6362321.208571471,4614410.33142861],[6356803.111428611,4611741.814285751],[6345293.357142895,4598890.9771428965],[6350515.314285755,4589744.745714322],[6354259.660000041,4594370.985714324],[6356723.160000041,4592898.885714322],[6352377.902857184,4586928.620000038],[6354827.728571467,4582864.057142895],[6358845.845714323,4583457.917142894],[6358366.1657143235,4577769.6314286105],[6356187.325714327,4576425.291428611],[6357929.505714327,4571613.67142861],[6357181.328571469,4568480.711428609],[6363917.420000039,4564173.78285718],[6368580.097142898,4559442.451428611],[6368977.000000037,4555287.865714323],[6377112.777142897,4552727.137142897],[6378613.871428609,4554418.274285752],[6391291.254285753,4552956.254285753],[6397061.222857185,4556651.608571466],[6401122.214285754,4563435.868571468],[6406450.585714325,4580025.611428611],[6406517.345714323,4588061.080000039],[6409505.000000037,4597971.980000038],[6412716.56000004,4602595.451428611],[6413527.734285757,4606985.834285751],[6411270.028571472,4613545.960000038],[6415505.357142895,4621754.368571468],[6420324.120000042,4621712.031428609],[6420712.92285718,4618002.382857181],[6415637.128571466,4615471.254285753],[6418215.9428571835,4608682.03428575],[6415752.691428609,4592673.911428608],[6413300.205714323,4581636.280000038],[6411429.242857181,4579631.982857179],[6407640.0200000405,4563515.017142896],[6403787.188571468,4555124.562857181],[6400852.274285756,4551583.78285718],[6394651.002857186,4549172.214285754],[6399902.557142898,4542129.080000039],[6403594.868571468,4542450.654285751],[6405311.640000038,4538707.577142894],[6396547.065714322,4539094.6314286105],[6387884.19428575,4541443.0542857535],[6383809.502857186,4539336.142857179],[6377938.397142895,4540757.962857179],[6376929.6657143235,4538595.0114286095],[6380473.482857183,4528857.7000000365],[6374066.274285756,4531021.825714324],[6368494.462857179,4537214.705714323],[6358573.757142894,4537282.300000038],[6355928.605714329,4539151.814285751],[6354167.280000038,4544346.842857182],[6349470.840000041,4541062.120000038],[6348963.785714328,4546272.408571467],[6346801.2885714695,4549280.548571467],[6343612.294285752,4562864.051428609],[6340719.417142898,4570086.265714325],[6334607.325714327,4580226.53428575],[6328309.245714322,4585091.562857181],[6318233.371428609,4589119.605714325],[6313349.571428612,4588330.1314286105],[6307355.42857147,4589733.997142896],[6298028.0200000405,4584512.960000038],[6287912.080000043,4577310.348571464],[6288441.400000043,4568023.0114286095],[6287077.431428611,4561680.485714324],[6288448.085714325,4558715.397142895],[6293272.357142895,4556429.065714322],[6296896.117142893,4550283.174285751],[6301101.902857184,4548367.742857181],[6302478.508571468,4541380.49142861],[6299562.031428613,4536467.134285752],[6301246.254285753,4529119.288571466],[6310773.480000041,4526431.894285753],[6316088.508571468,4531134.882857181],[6317195.908571467,4528292.9000000395],[6313680.508571468,4523984.774285752],[6316713.420000039,4516962.917142894],[6311656.6571429,4509334.662857182],[6309092.611428611,4500948.751428608],[6305803.402857184,4501188.002857182],[6303621.034285754,4504544.540000036],[6297904.737142898,4503521.78285718],[6294488.488571465,4500392.202857181],[6289630.968571469,4502593.060000036],[6286592.731428608,4501282.080000039],[6278639.274285756,4487151.580000039],[6272844.611428611,4485717.177142896],[6272447.371428609,4481254.325714324],[6267613.008571468,4478319.817142896],[6259366.105714329,4469508.220000036],[6261659.140000038,4454749.400000036],[6263194.0200000405,4450241.351428609],[6258376.557142898,4443263.105714325],[6256925.474285752,4438524.81142861],[6264399.78285718,4434021.308571465],[6263407.394285753,4430402.7771428935],[6267738.351428613,4427370.840000037],[6268609.197142899,4424096.985714324],[6274753.497142896,4421128.83142861],[6280455.208571471,4426384.445714325],[6278979.674285755,4431436.057142895],[6280922.591428608,4441977.348571464],[6284065.185714327,4438012.788571466],[6282438.534285754,4421793.211428609],[6287885.228571467,4432476.968571465],[6287355.268571466,4438522.402857181],[6284853.7885714695,4446697.494285751],[6280947.325714327,4455212.182857182],[6285590.4342857525,4457211.97142861],[6287618.954285756,4449394.60285718],[6286806.128571466,4443935.0114286095],[6289644.274285756,4440009.49142861],[6292065.2114286125,4431033.388571467],[6290216.174285755,4427950.697142895],[6291637.620000042,4424837.928571466],[6289978.682857186,4421123.108571466],[6292562.577142894,4419229.580000039],[6304747.262857184,4418009.10285718],[6311485.47142861,4415247.954285752],[6311667.24857147,4418467.911428608],[6316157.305714324,4424105.657142896],[6312594.662857182,4428323.19428575],[6313688.145714328,4433342.44285718],[6311610.960000038,4435319.1228571795],[6310634.105714329,4445601.705714323],[6314009.177142896,4443326.751428608],[6313299.177142896,4437576.728571467],[6316095.917142898,4435593.614285752],[6315355.20000004,4428773.81142861],[6321404.8371429,4428069.065714322],[6324473.351428613,4420835.191428609],[6335326.834285751,4419704.377142895],[6338174.734285757,4432954.211428609],[6341278.7885714695,4436778.008571465],[6342560.920000039,4425335.99142861],[6345316.265714325,4422127.42285718],[6353636.500000037,4421663.15142861],[6357525.871428609,4419686.240000039],[6360867.357142895,4420750.988571465],[6368452.8371429,4416085.81142861],[6373664.19428575,4416919.211428609],[6374683.531428613,4414037.517142896],[6382641.722857185,4415287.154285751],[6388465.960000038,4418275.99142861],[6395342.474285752,4418705.902857181],[6394996.885714322,4422459.474285752],[6387736.085714325,4425566.771428607],[6379731.280000038,4430662.1228571795],[6376348.760000043,4440828.020000037],[6375793.394285753,4447860.894285753],[6371236.377142899,4453252.828571465],[6372640.040000036,4456237.334285751],[6379047.1571429,4449258.368571468],[6384097.611428611,4438278.360000037],[6388432.171428613,4432943.451428607],[6393694.534285754,4433247.688571464],[6399354.600000039,4436135.482857179],[6399419.482857183,4440416.480000038],[6396772.534285754,4446656.385714322],[6397431.931428611,4454365.265714325],[6400752.385714322,4454577.025714323],[6400636.722857185,4449144.128571466],[6405771.742857181,4441788.345714323],[6409633.140000038,4439751.734285753],[6412787.691428609,4434750.33142861],[6423343.897142895,4434474.197142895],[6426224.228571467,4436867.260000039],[6423697.568571471,4439759.185714323],[6425403.640000038,4444125.47142861],[6423353.88000004,4447023.928571466],[6422426.557142898,4452726.5114286095],[6417457.605714329,4458394.065714322],[6415710.482857183,4466212.58285718],[6423168.145714328,4457939.31142861],[6428407.234285757,4445566.320000038],[6426727.160000041,4441585.225714322],[6433114.7114286125,4437458.685714323],[6437157.791428611,4433258.508571465],[6441570.8657143265,4436075.617142893],[6450316.70000004,4436567.548571467],[6452991.597142898,4442531.068571467],[6448692.817142896,4451414.522857182],[6451366.5200000405,4456013.44285718],[6450208.897142895,4458405.345714323],[6441802.451428615,4461832.460000038],[6437895.70000004,4467823.100000039],[6440022.720000036,4469578.49142861],[6443632.780000038,4464393.428571466],[6449433.948571466,4462223.142857179],[6454084.740000039,4458570.697142895],[6452584.271428607,4450962.357142895],[6458232.517142899,4447883.488571465],[6465261.454285756,4447140.4771428965],[6470007.634285755,4448489.405714322],[6473018.9771429,4453357.025714323],[6481655.368571468,4451811.882857181],[6484121.6657143235,4448548.474285752],[6488981.468571469,4445865.92285718],[6489367.091428608,4441848.0542857535],[6487318.60285718,4437827.048571467],[6486308.794285752,4428757.765714325],[6483928.074285753,4421653.385714322],[6487932.794285752,4419477.540000036],[6489690.42857147,4415060.637142893],[6501453.917142898,4422538.451428607],[6506585.33142861,4429243.911428608],[6510182.42857147,4428182.494285751],[6522471.4428571835,4439841.5114286095],[6526756.6571429,4439679.305714324],[6529802.082857184,4452386.760000039],[6534102.614285752,4454464.514285751],[6535337.522857182,4464139.4342857525],[6534788.931428611,4467613.668571465],[6537944.314285755,4474529.685714323],[6542870.554285757,4464868.382857181],[6546505.405714326,4460653.285714325],[6548892.565714322,4462384.840000037],[6548576.10857147,4466972.982857179],[6551562.2885714695,4469035.448571466],[6550974.028571472,4475766.58285718],[6553468.642857179,4483678.342857182],[6557778.83142861,4483718.145714324],[6558682.022857182,4488634.6314286105],[6556839.597142898,4490681.837142896],[6557729.420000039,4495144.44285718],[6555550.562857181,4502207.294285752],[6556711.562857181,4505143.691428609],[6551187.188571468,4508907.28285718],[6552298.920000039,4512672.111428607],[6542844.857142895,4524885.462857179],[6536662.671428613,4522028.417142894],[6536682.791428611,4517806.302857179],[6532556.600000039,4511710.08285718],[6534628.217142895,4504969.897142895],[6531196.554285757,4499740.531428609],[6525554.631428614,4500835.685714323],[6525727.217142895,4511444.0542857535],[6521925.897142895,4512323.302857179],[6515127.580000043,4506534.042857181],[6511698.068571471,4508963.860000037],[6514943.960000038,4517065.860000037],[6518379.734285757,4529587.860000037],[6512829.785714328,4538945.500000037],[6508882.902857184,4540751.048571467],[6498329.354285754,4541223.291428611],[6490659.171428613,4534869.271428607],[6485006.482857183,4534933.705714323],[6474585.691428609,4538240.845714323],[6463858.405714326,4539941.140000038],[6455826.500000037,4529743.271428607],[6449212.634285755,4522476.1314286105],[6445817.565714322,4526213.842857182],[6445548.842857182,4531384.351428609],[6439343.014285751,4534505.722857181],[6438152.968571469,4538920.682857182],[6446135.765714325,4536607.78285718],[6448349.78285718,4538564.140000038],[6453650.374285758,4539196.894285753],[6461811.228571467,4544212.125714324],[6459864.214285754,4547935.5114286095],[6450962.702857181,4548408.417142894],[6448984.38000004,4551334.385714322],[6444096.548571467,4553895.17142861],[6445207.960000038,4556333.4000000395],[6445717.474285752,4565145.000000037],[6450900.168571465,4560462.114285752],[6455131.814285755,4558482.342857182],[6456235.000000037,4554234.862857182],[6463173.340000041,4552507.120000038],[6463045.2114286125,4550415.885714322],[6471590.308571465,4545800.517142896],[6480906.454285756,4543461.937142894],[6490702.391428612,4543099.108571466],[6497771.417142898,4549584.905714322],[6507271.917142898,4548345.585714322],[6510800.902857184,4549070.691428609],[6514653.260000043,4554994.180000037],[6514806.388571471,4558262.60285718],[6519385.508571468,4561929.571428608],[6518499.391428612,4552363.60285718],[6523694.425714329,4557130.565714322],[6525049.900000043,4560620.057142895],[6529902.305714324,4565179.65142861],[6528823.765714325,4570394.091428608],[6533275.662857182,4574323.634285752],[6533928.457142897,4576963.688571468],[6531561.951428615,4583205.800000038],[6534586.017142899,4585082.1657143235],[6536956.74857147,4590684.222857181],[6533402.92285718,4594715.105714325],[6527017.24857147,4597011.325714324],[6528123.034285754,4605874.625714324],[6526651.562857181,4610897.185714323],[6519918.791428611,4615169.9000000395],[6515881.854285754,4616143.868571468],[6511028.620000042,4627103.137142897],[6519629.911428608,4628988.888571467],[6522177.871428609,4627422.525714323],[6534903.960000038,4628451.117142893],[6541098.857142895,4630266.268571466],[6548748.7971429005,4627477.197142895],[6551690.83142861,4631406.091428608],[6555787.8371429,4632808.048571467],[6556211.765714325,4639315.060000036],[6561595.548571467,4643605.160000037],[6566231.742857181,4641118.857142895],[6570923.040000036,4641395.185714323],[6573639.262857184,4648542.097142894],[6572374.105714329,4652895.677142896],[6572358.980000041,4659838.845714323],[6558051.60857147,4656954.868571468],[6545224.317142896,4657691.397142895],[6539570.705714323,4661453.348571468],[6546599.191428609,4667017.008571465],[6550900.860000037,4666741.857142895],[6556053.085714325,4668589.397142895],[6564317.65142861,4668823.717142895],[6569382.174285755,4666963.068571467],[6572428.874285758,4669318.911428608],[6572933.960000038,4679543.440000039],[6578290.668571465,4682411.148571465],[6576716.2200000435,4688594.180000037],[6564281.742857181,4693622.571428608],[6552992.414285757,4693162.914285753],[6548817.662857182,4697697.988571465],[6542833.682857186,4695408.874285754],[6543240.808571465,4700234.680000037],[6549633.9428571835,4701278.140000038],[6557147.88000004,4698959.325714324],[6573560.917142898,4706861.702857181],[6576248.225714326,4713929.957142893],[6580461.822857186,4716782.928571466],[6574663.462857179,4719721.020000037],[6572500.557142898,4726254.448571466],[6573318.5200000405,4734661.368571468],[6571508.414285757,4739699.611428611],[6566543.357142895,4742582.591428608],[6557741.214285754,4744421.26285718],[6540125.271428615,4738540.562857181],[6536056.882857181,4740216.92285718],[6546099.908571467,4747280.962857179],[6546186.048571467,4750652.817142896],[6541423.702857181,4750499.1314286105],[6539074.322857186,4752458.191428609],[6523782.765714325,4751605.140000038],[6513818.145714328,4745034.842857182],[6505266.040000036,4741506.680000037],[6500624.42857147,4731129.654285751],[6500281.028571472,4724793.877142895],[6496447.38000004,4722052.328571465],[6500152.97142861,4738930.337142896],[6503761.214285754,4744451.354285751],[6508203.69428575,4747276.028571468],[6511813.314285755,4752967.182857182],[6518288.42285718,4756769.957142893],[6526215.688571468,4759687.142857179],[6532988.900000043,4759585.494285751],[6534631.4342857525,4763475.337142896],[6531647.74857147,4765281.451428611],[6518308.362857185,4765419.47142861],[6515550.085714325,4763877.417142894],[6507269.285714328,4764654.1228571795],[6493137.637142897,4762145.940000039],[6494961.557142898,4766160.997142896],[6500976.182857186,4766391.114285752],[6508118.354285754,4768127.522857182],[6513567.482857183,4767285.174285751],[6518730.640000038,4770288.580000039],[6534561.908571467,4772950.251428608],[6538608.000000037,4768872.071428608],[6539171.354285754,4765920.751428608],[6544002.597142898,4762374.542857181],[6556769.8657143265,4760704.837142896],[6566697.822857186,4761413.83142861],[6570963.037142895,4765293.520000037],[6564055.78285718,4776302.988571465],[6558768.334285751,4779389.094285753],[6563685.005714327,4782449.711428609],[6562093.242857181,4786108.525714323],[6539716.962857179,4780845.982857183],[6537426.0200000405,4778202.585714325],[6533403.294285752,4777982.411428608],[6528842.197142899,4781626.425714325],[6520294.397142895,4779302.508571468],[6516136.857142895,4779637.637142897],[6504662.951428615,4774601.528571468],[6494172.320000038,4781670.677142896],[6506358.017142899,4783435.771428611],[6501023.38000004,4792469.417142894],[6504225.440000042,4794747.508571468],[6509911.751428612,4787059.180000037],[6527970.325714327,4788737.988571465],[6529403.42285718,4792624.134285752],[6525109.9771429,4795076.520000037],[6521687.688571468,4801755.142857179],[6513481.234285757,4800973.291428611],[6511072.6571429,4805894.865714323],[6520852.340000041,4805972.394285753],[6524178.680000037,4804049.260000039],[6526783.142857179,4799364.33142861],[6539348.285714328,4797737.634285752],[6546050.8371429,4797705.548571467],[6550908.505714327,4799873.982857183],[6550577.745714329,4803704.917142894],[6545292.594285756,4809944.731428608],[6548708.214285754,4811680.65142861],[6554918.382857181,4807489.771428611],[6566611.06000004,4811459.817142896],[6567983.025714323,4815283.902857181],[6563722.037142895,4823471.648571465],[6567205.085714325,4822899.437142894],[6572572.040000036,4819232.722857181],[6577492.002857186,4822014.828571465],[6581334.820000038,4827298.0114286095],[6578169.394285753,4833500.4000000395],[6578189.982857183,4837350.062857181],[6568398.631428614,4849931.468571465],[6565408.214285754,4848290.722857181],[6554733.374285758,4850039.497142896],[6542045.540000036,4845928.2771428935],[6538868.017142899,4850219.94285718],[6548207.3657143265,4859298.074285753],[6555096.171428613,4859713.368571468],[6557753.631428614,4855372.242857181],[6564982.15142861,4856951.208571468],[6573554.937142894,4856816.911428608],[6577703.074285753,4851274.931428611],[6579022.9342857525,4847177.962857179],[6585818.47142861,4844706.345714323],[6591154.954285756,4848219.83142861],[6594164.605714329,4844909.614285752],[6599260.540000036,4852215.551428609],[6607090.002857186,4857819.81142861],[6611359.551428609,4865584.994285751],[6612810.528571472,4879358.251428608],[6606480.78285718,4880575.417142894],[6604201.080000043,4876636.891428608],[6600926.000000037,4880391.722857181],[6608424.374285758,4888865.760000039],[6612796.780000038,4892421.780000038],[6611239.174285755,4894722.260000039],[6613810.10285718,4899104.982857183],[6612844.911428608,4903470.808571465],[6608510.114285752,4907216.802857179],[6605693.294285752,4906335.44285718],[6595818.962857179,4895605.65142861],[6584361.160000041,4890327.445714325],[6578834.765714325,4889460.528571468],[6586290.620000042,4897315.920000039],[6582950.762857184,4900081.737142894],[6572192.257142894,4905088.571428608],[6575231.231428608,4906779.982857183],[6584304.497142896,4902053.468571465],[6586594.997142896,4899245.265714325],[6590739.625714324,4898160.865714323],[6597314.237142898,4907515.465714324],[6604819.705714323,4914549.42285718],[6610772.291428611,4914658.44285718],[6615277.054285757,4916756.162857182],[6614760.685714327,4921432.265714325],[6616551.1571429,4924789.168571468],[6612965.154285751,4927842.451428611],[6605354.328571469,4929678.454285752],[6602759.311428614,4932199.291428611],[6602524.051428609,4939084.225714322],[6598096.114285752,4944698.077142894],[6590007.440000042,4950468.374285754],[6590496.614285752,4952571.837142896],[6600263.3371429,4946659.742857181],[6605115.462857179,4941668.754285753],[6606601.277142897,4932895.948571466],[6610499.774285756,4933236.391428608],[6618817.042857185,4939454.385714322],[6620898.534285754,4943982.38000004],[6619903.708571471,4962571.917142894],[6621468.10857147,4971883.177142896],[6624684.920000039,4983944.414285749],[6625175.034285754,4989356.837142892],[6629255.311428614,4995415.271428607],[6632533.800000042,5009763.242857181],[6629749.217142895,5013008.294285752],[6635026.571428612,5015667.654285751],[6637785.957142897,5021781.191428609],[6641269.502857186,5033180.482857183],[6640187.274285756,5039457.394285753],[6642137.4771429,5044916.988571465],[6641714.117142893,5053002.637142897],[6645928.10857147,5056005.780000038],[6651075.202857181,5064857.065714322],[6656458.320000038,5081562.262857184],[6656532.251428612,5088484.0114286095],[6655041.397142895,5094738.017142892],[6651336.10285718,5099717.505714327],[6644137.708571471,5094606.765714325],[6637737.925714329,5087620.42857147],[6626924.094285756,5073776.120000035],[6622179.7971429005,5066860.345714323],[6615112.194285758,5060523.682857178],[6607572.074285753,5049111.128571466],[6598751.0114286095,5040269.765714325],[6594938.491428614,5035154.291428611],[6590030.388571471,5031475.514285751],[6587443.860000037,5023608.334285751],[6579892.437142894,5023968.617142893],[6586107.294285752,5031103.245714322],[6587783.640000038,5034561.891428612],[6592924.56000004,5039591.848571464],[6600589.414285757,5049939.97142861],[6604529.988571465,5057043.545714326],[6614456.580000043,5071534.322857179],[6618558.1571429,5078552.871428609],[6618537.0114286095,5082165.297142893],[6610707.237142898,5084109.205714323],[6600597.900000043,5078827.591428608],[6597166.000000037,5074839.662857182],[6591124.568571471,5073469.580000035],[6598292.980000041,5082764.8657143265],[6606039.968571469,5086899.408571467],[6616435.100000039,5094545.820000038],[6618854.677142896,5094335.417142898],[6626979.842857182,5099114.117142893],[6626237.4342857525,5107836.254285753],[6630200.840000041,5114062.642857179],[6634924.468571469,5117959.777142897],[6639347.10857147,5116726.497142896],[6645297.951428615,5118627.771428607],[6647126.522857182,5122838.845714323],[6645400.2885714695,5128055.180000037],[6648994.408571467,5129695.188571468],[6650958.368571468,5134905.797142893],[6649789.668571472,5138007.10285718],[6652640.83142861,5140763.051428609],[6657750.622857183,5152046.131428607],[6661647.0885714665,5166764.117142893],[6662412.954285756,5176693.445714325],[6658283.871428609,5177829.145714328],[6662787.4342857525,5183720.528571464],[6664488.805714324,5187808.7114286125],[6665027.180000037,5196840.160000041],[6658606.2114286125,5209650.882857181],[6653257.614285752,5214421.037142895],[6644520.982857183,5218136.751428612],[6638083.082857184,5215474.531428613],[6634231.414285757,5218378.720000036],[6630379.460000038,5214250.385714322],[6626419.408571467,5212519.2885714695],[6622248.611428611,5214616.202857181],[6622742.9428571835,5218550.640000038],[6615292.697142899,5218627.591428608],[6615364.997142896,5223729.217142895],[6608264.574285753,5224504.794285752],[6606447.488571465,5230315.33142861],[6606533.128571466,5234834.5885714665],[6604546.688571468,5239017.482857183],[6601029.154285751,5241855.131428607],[6594352.957142897,5237608.722857185],[6593372.002857186,5229266.905714326],[6586756.125714324,5233047.268571466],[6580832.482857183,5241993.814285755]]],[[[7074011.448571466,3904113.9257143214],[7066816.42857147,3906707.3571428955],[7064488.825714327,3909230.0342857502],[7053836.654285751,3910910.608571466],[7050595.300000042,3907266.791428607],[7047187.4771429,3899352.9971428923],[7050965.571428612,3890305.982857179],[7055601.254285753,3888621.6714286096],[7053073.042857185,3882770.071428608],[7049329.654285751,3881574.945714321],[7046149.10285718,3867060.957142893],[7038103.891428612,3863924.3085714653],[7032370.394285753,3858917.565714322],[7029740.38571433,3851529.108571466],[7028702.88000004,3844010.071428608],[7024431.034285754,3838391.6114286073],[7019596.871428609,3839969.562857181],[7014387.551428609,3838284.0400000364],[7012908.597142898,3832411.7428571805],[7009988.265714325,3833675.0742857493],[7012386.260000043,3841068.9628571793],[7018898.874285758,3843154.797142893],[7023842.117142901,3842550.65142861],[7025301.522857182,3845305.131428607],[7026514.634285755,3856446.917142894],[7029316.9885714725,3863533.522857178],[7036339.317142896,3870556.2485714667],[7038451.9428571835,3877421.5428571813],[7036672.491428614,3880461.8542857505],[7039220.568571471,3887752.2342857495],[7035908.631428614,3892445.0142857507],[7030576.128571466,3890961.791428607],[7022660.351428613,3883383.382857181],[7018919.311428614,3884551.0142857507],[7010521.291428611,3878827.60285718],[7004738.271428615,3873303.6628571786],[7002399.182857186,3866007.9971428923],[7002999.817142896,3861944.49142861],[7007724.5885714665,3857254.145714324],[7006906.502857186,3852967.225714322],[6993957.182857186,3849664.8628571816],[6998918.868571468,3853983.785714321],[7004686.8371429,3856034.2457143217],[6997659.662857182,3863697.5771428943],[6998002.271428615,3871316.94285718],[7002763.562857181,3879714.680000037],[7009296.628571466,3888348.457142893],[7024352.65142861,3898416.2828571796],[7030282.42285718,3904033.114285752],[7031412.222857185,3907027.1114286073],[7027549.462857187,3914173.982857179],[7034930.920000039,3912051.9400000386],[7037324.745714329,3928154.5942857526],[7032705.251428612,3934269.482857179],[7005991.374285758,3938341.8542857505],[7004544.97142861,3933982.791428607],[7004671.548571467,3929706.37428575],[7003449.465714328,3924414.1285714656],[7002340.820000038,3922377.254285753],[7000433.348571472,3920810.2771428935],[6997652.408571467,3916310.757142894],[6997123.494285755,3913482.368571464],[6994594.97142861,3913026.3257143237],[6991068.048571467,3908768.8257143237],[6990207.111428611,3903267.5457143225],[6986674.028571472,3900895.645714324],[6974813.640000038,3899819.368571464],[6980950.825714327,3903835.0342857502],[6988290.302857183,3905633.8114286065],[6988600.005714327,3910311.2314286083],[6993772.637142897,3913182.0085714646],[6996135.682857186,3913408.9200000353],[6998557.728571467,3918609.9657143243],[7000775.037142895,3921506.291428607],[7002323.951428615,3922725.5028571784],[7003606.674285755,3925267.4200000353],[7004539.214285754,3929702.8857143223],[7004127.1428571865,3933692.020000037],[7005573.277142897,3938797.0000000373],[7001049.534285754,3939076.0914286077],[6995894.6657143235,3943957.8514286093],[6989698.294285752,3940386.6342857517],[6986251.128571466,3940346.334285751],[6982518.88000004,3935274.9628571793],[6983558.10285718,3928369.408571467],[6979094.631428614,3930439.7114286087],[6975661.468571469,3922560.2057143226],[6971555.562857181,3916591.142857179],[6961973.440000042,3912560.097142894],[6966460.094285756,3905740.8971428946],[6964521.285714328,3904350.6714286096],[6959175.280000038,3910270.105714321],[6960003.542857185,3914864.8885714673],[6964531.334285751,3916231.5914286077],[6967541.317142896,3919325.131428607],[6971687.554285757,3928325.8857143223],[6974538.611428611,3941923.982857179],[6974123.045714326,3945334.5914286077],[6969333.4342857525,3945826.031428609],[6960905.968571469,3932844.268571466],[6957183.857142895,3930638.871428609],[6950982.457142897,3921746.451428607],[6945630.377142899,3910158.945714321],[6940425.974285752,3906725.0457143225],[6943045.040000044,3888689.2028571814],[6943530.051428609,3876553.6000000387],[6944759.88000004,3872803.49142861],[6945864.045714326,3862564.7028571814],[6944987.091428615,3860414.2714286074],[6946219.280000038,3851634.94285718],[6942266.057142898,3850428.140000038],[6943808.357142895,3863007.457142893],[6943393.9428571835,3868350.3485714644],[6940976.257142894,3869431.7114286087],[6940000.537142895,3882316.3857143223],[6937771.685714327,3895980.720000036],[6926311.800000042,3897057.3200000376],[6926356.502857186,3890450.105714321],[6923422.857142895,3883726.411428608],[6924788.028571472,3880609.4028571807],[6926194.414285757,3869941.2114286087],[6923926.591428615,3868518.148571465],[6922715.008571468,3876395.368571464],[6919982.071428612,3884709.0342857502],[6923183.974285752,3892731.0942857526],[6920354.242857181,3898269.1571428925],[6925306.580000043,3900387.8600000367],[6935343.954285756,3900371.5857143216],[6936534.557142898,3903542.802857179],[6935519.811428614,3908792.140000038],[6941525.814285755,3916665.945714321],[6944313.677142896,3923763.285714321],[6943013.708571471,3932142.454285752],[6944548.668571472,3933891.0000000373],[6946332.402857184,3943691.0457143225],[6943548.38000004,3946703.794285752],[6939032.557142898,3955246.525714323],[6930838.322857186,3959931.7028571814],[6925975.548571467,3950470.680000037],[6920292.774285756,3943405.9371428937],[6921388.7885714695,3931966.0828571804],[6918793.620000042,3927965.025714323],[6913046.005714327,3925596.1685714647],[6902914.411428608,3912836.5885714665],[6898271.682857186,3910864.8142857514],[6894595.551428609,3907459.6971428953],[6893951.168571472,3896765.460000038],[6891294.5885714665,3896981.5342857502],[6890946.811428614,3903655.757142894],[6893338.10285718,3914508.174285751],[6886118.074285753,3917873.7771428935],[6886042.70000004,3927290.911428608],[6889287.231428608,3928744.908571467],[6888373.122857183,3941640.565714322],[6894257.131428614,3946999.334285751],[6908004.448571466,3945590.680000037],[6910359.234285757,3960312.5914286077],[6914121.348571472,3969178.0942857526],[6904504.171428613,3980702.631428607],[6898685.948571466,3983481.5028571784],[6892425.480000041,3989840.49142861],[6881726.10285718,3991761.674285751],[6877312.408571467,3993704.377142895],[6869567.88000004,3992990.8571428955],[6858504.414285757,3994614.614285752],[6853665.345714323,3996499.180000037],[6854523.291428611,3988374.0828571804],[6854111.371428609,3982049.6885714643],[6848946.182857186,3977522.537142895],[6854376.348571472,3971360.680000037],[6853333.794285752,3968572.6285714656],[6847769.460000038,3966326.908571467],[6851749.160000041,3958343.254285753],[6852775.191428609,3948083.2800000384],[6846790.034285754,3943678.6628571786],[6844678.33142861,3945604.9742857516],[6850353.47142861,3950077.948571466],[6849418.825714327,3952748.217142895],[6841526.517142899,3954134.520000037],[6838347.822857186,3956229.5857143216],[6833470.037142895,3948677.614285752],[6832969.574285753,3933896.328571465],[6829430.74857147,3942922.537142895],[6830245.280000038,3948152.7800000384],[6832754.354285754,3953656.905714322],[6831503.228571467,3956792.3114286102],[6835019.405714326,3959491.44285718],[6832131.4342857525,3964762.0485714674],[6829400.0114286095,3962444.7314286083],[6824373.397142895,3963226.1942857504],[6823431.382857181,3971311.3942857496],[6824220.122857183,3974353.2457143217],[6819269.148571469,3978659.268571466],[6816653.562857181,3977452.597142894],[6814859.497142896,3970793.8628571816],[6814752.877142899,3964204.1171428934],[6816546.685714327,3961414.4028571807],[6814753.762857184,3957134.5000000373],[6817199.460000038,3947239.060000036],[6814567.234285757,3947400.871428609],[6812438.522857182,3952739.1657143235],[6811447.885714322,3959147.728571467],[6811458.908571467,3979090.371428609],[6812753.377142899,3984124.7371428944],[6817074.505714327,3992469.0885714665],[6814790.9428571835,3997367.4685714655],[6811138.28285718,3996895.76285718],[6804567.117142901,3993561.2885714658],[6803105.182857186,3987770.260000035],[6803125.617142901,3980020.845714323],[6801494.488571465,3979753.8428571783],[6800841.1571429,3989206.485714324],[6794470.991428614,3986232.5485714674],[6794528.205714323,3981666.191428609],[6788893.185714327,3976016.8171428926],[6790107.268571466,3970139.908571467],[6785459.474285752,3961688.5171428956],[6787948.888571471,3954771.5457143225],[6792584.351428613,3951762.637142893],[6794147.514285751,3946650.4657143243],[6791804.205714323,3942254.520000037],[6790396.285714328,3933558.294285752],[6787739.180000037,3937459.868571464],[6791357.368571468,3945477.4314286076],[6789860.74857147,3950619.3600000367],[6784624.348571472,3952466.451428607],[6784451.594285756,3957796.4285714664],[6781058.577142894,3961961.5514286086],[6784901.268571466,3967851.482857179],[6785902.965714328,3976309.414285753],[6783178.137142897,3979507.4685714655],[6779608.985714324,3976871.028571464],[6778509.348571472,3970650.6257143244],[6771225.905714326,3963469.560000036],[6768691.740000039,3964300.3600000367],[6775180.542857185,3972178.3914286084],[6775434.737142898,3978390.411428608],[6777058.74857147,3982777.7657143213],[6780397.92285718,3983430.1285714656],[6781271.33142861,3987803.4257143214],[6793580.291428611,3997856.5085714646],[6794283.991428614,4002828.8942857496],[6791749.911428608,4007479.3114286102],[6793178.042857185,4012909.5800000355],[6785535.83142861,4023735.025714323],[6773160.60285718,4021923.2000000365],[6759619.10857147,4022145.2800000384],[6757440.622857183,4019934.871428609],[6757376.134285755,4012798.3857143223],[6756146.857142895,4008802.065714322],[6747142.214285754,4003771.371428609],[6746294.314285755,4006434.3514286093],[6752825.202857181,4010170.2885714658],[6754312.168571472,4014864.7657143213],[6743899.345714323,4017846.1285714656],[6735661.917142898,4013856.911428608],[6728742.10857147,4005258.225714322],[6726939.314285755,4007114.251428608],[6730655.322857186,4012059.2657143213],[6737006.131428614,4017808.5171428956],[6743396.8657143265,4020366.9257143214],[6751212.38000004,4018682.0342857502],[6756946.734285757,4028255.2828571796],[6758728.702857181,4035216.977142893],[6752506.342857182,4042714.4800000377],[6744037.38000004,4056530.254285753],[6743092.888571471,4059995.9742857516],[6735409.037142895,4061000.5571428947],[6730083.731428608,4063014.222857181],[6721076.7114286125,4064332.340000037],[6715737.968571469,4062560.0800000355],[6713843.668571472,4057706.4685714655],[6710644.022857182,4061996.228571467],[6692692.120000042,4063029.4685714655],[6692161.691428609,4067176.614285752],[6687113.360000037,4071457.4000000358],[6679972.717142895,4072331.074285753],[6660854.38000004,4069200.6971428953],[6654870.10285718,4061605.1542857513],[6649564.537142895,4059876.3142857514],[6647853.174285755,4056438.411428608],[6643766.140000038,4053268.8200000376],[6637733.691428609,4044716.488571465],[6635282.065714322,4035239.71428575],[6636774.217142895,4027407.7371428944],[6642256.128571466,4022884.3114286102],[6651323.10857147,4019005.140000038],[6659896.988571465,4017451.0571428947],[6657453.994285755,4014647.951428607],[6653017.120000042,4014455.2028571814],[6643383.234285757,4017274.0028571784],[6642586.585714325,4015615.225714322],[6644333.9342857525,4007334.1342857517],[6642211.545714326,4005814.805714324],[6639519.785714328,4018456.682857178],[6636853.33142861,4019366.0914286077],[6630638.285714328,4012999.3971428946],[6633922.7971429005,4009395.297142893],[6630664.962857179,4003670.768571466],[6632567.917142898,4000759.537142895],[6649416.785714328,3993071.5485714674],[6654534.33142861,3982416.6200000383],[6656744.6428571865,3980520.485714324],[6662590.388571471,3982097.5485714674],[6663123.805714324,3979615.2657143213],[6673823.057142898,3968776.2714286074],[6669908.394285753,3968635.865714323],[6666590.645714328,3974713.608571466],[6661982.040000036,3977881.3857143223],[6661074.38000004,3981098.988571465],[6656191.9428571835,3977494.028571464],[6653300.257142894,3978424.5514286086],[6647335.077142894,3990935.460000038],[6645118.997142896,3992938.0171428956],[6636534.2200000435,3995733.1257143244],[6632518.334285751,3993803.5400000364],[6634513.414285757,3987318.4257143214],[6633719.354285754,3980371.1000000387],[6637465.10285718,3976679.1771428958],[6646746.574285753,3973434.2114286087],[6644155.5114286095,3970998.837142896],[6630188.671428613,3974270.560000036],[6627509.714285754,3977139.9628571793],[6629618.034285754,3987167.3085714653],[6628555.168571472,3993897.802857179],[6629228.245714329,3999101.9742857516],[6624815.417142898,4008474.637142893],[6621739.034285754,4012807.380000036],[6613537.154285751,4018576.257142894],[6609640.957142897,4007701.9200000353],[6603489.185714327,3999470.8485714644],[6605477.162857182,4010773.6771428958],[6598132.957142897,4017550.5342857502],[6599504.437142894,4023293.9742857516],[6595211.385714322,4026607.3885714673],[6593304.411428608,4023608.648571465],[6594285.645714328,4016928.2314286083],[6588902.960000038,4011929.220000036],[6586571.894285753,4005303.9657143243],[6590858.4771429,4001737.562857181],[6592964.082857184,3997961.297142893],[6601229.334285751,3987893.0914286077],[6593931.754285753,3991757.1200000383],[6589351.988571465,3999185.65142861],[6585534.305714324,4002555.722857181],[6583933.9771429,3998080.097142894],[6586237.974285752,3993027.520000037],[6585349.5114286095,3988694.0057143234],[6579000.262857184,3987586.3142857514],[6586467.97142861,3977648.528571464],[6585014.92857147,3972931.3600000367],[6571726.548571467,3963868.7114286087],[6572437.257142894,3968313.10285718],[6570644.302857183,3970957.6000000387],[6562147.562857181,3969385.0857143216],[6565071.825714327,3975024.9257143214],[6571820.257142894,3977873.0800000355],[6577167.491428614,3974415.5771428943],[6578431.891428612,3978027.708571464],[6566758.245714329,3984800.7485714667],[6566845.345714323,3995320.21428575],[6569880.068571471,4003972.2800000384],[6574622.7971429005,4008845.65142861],[6574267.3371429,4017374.5057143234],[6572352.328571469,4022823.411428608],[6570207.654285751,4023187.460000038],[6565343.802857183,4014984.0114286095],[6558092.268571466,4012532.1114286073],[6564384.025714323,4024049.268571466],[6568769.265714325,4029327.7342857495],[6568591.531428613,4035714.2371428944],[6573030.500000037,4044438.234285753],[6576689.768571466,4048252.674285751],[6572602.462857179,4055719.0028571784],[6565999.74857147,4057451.234285753],[6563522.8371429,4063768.8628571816],[6559670.325714327,4067163.685714323],[6558083.6657143235,4074772.020000037],[6560655.325714327,4085111.948571466],[6556255.174285755,4092487.568571467],[6543511.251428612,4096560.0428571813],[6536410.531428613,4099766.5771428943],[6535201.988571465,4102344.220000036],[6535105.551428609,4113892.982857179],[6532504.394285753,4119924.382857181],[6530889.78285718,4128278.0171428956],[6527170.625714324,4135372.768571466],[6522033.305714324,4139798.1000000387],[6520390.440000042,4144837.114285752],[6514977.985714324,4148799.4314286076],[6511608.28285718,4147527.828571465],[6502876.057142898,4147352.60285718],[6493523.914285757,4144452.5914286077],[6481167.994285755,4143093.37428575],[6476901.228571467,4143589.071428608],[6476338.482857183,4140358.865714323],[6471717.937142894,4133719.337142896],[6467553.660000041,4134405.222857181],[6465552.082857184,4131579.3514286093],[6454658.277142897,4124642.371428609],[6453222.957142897,4122153.025714323],[6444511.388571471,4114273.4342857525],[6453734.5114286095,4110555.7714286074],[6458144.974285752,4104648.4257143214],[6456603.660000041,4097044.0942857526],[6453601.10285718,4106367.260000039],[6440150.811428614,4110510.5942857526],[6426717.825714327,4100708.1628571786],[6429296.374285758,4092227.905714322],[6426233.251428612,4090574.7371428944],[6422334.882857181,4098299.060000036],[6416128.762857184,4093453.7885714658],[6412062.680000037,4088312.768571466],[6411694.968571469,4079026.6171428934],[6419748.685714327,4075694.988571465],[6427380.225714326,4070501.9028571807],[6435588.220000036,4069649.691428609],[6444132.814285755,4065755.225714322],[6443388.860000037,4063439.0457143225],[6433881.591428608,4063789.6228571795],[6424277.740000039,4065288.3514286093],[6416782.78285718,4070185.3542857505],[6412866.177142896,4070614.7400000356],[6411549.077142894,4067598.9285714664],[6411545.474285752,4061088.2114286087],[6404719.208571471,4068379.1942857504],[6403339.240000039,4064291.180000037],[6402728.111428611,4056038.2657143213],[6407309.660000041,4056647.408571467],[6414941.122857183,4055798.5914286077],[6422431.094285756,4052892.2485714667],[6426632.15142861,4048301.8142857514],[6434761.528571472,4045753.417142894],[6430751.137142897,4042595.065714322],[6423267.114285752,4044058.365714323],[6417142.425714329,4048703.5914286077],[6408607.745714322,4051479.21428575],[6402144.945714325,4050078.7485714667],[6398497.400000043,4042196.800000038],[6400550.19428575,4040111.1885714643],[6400107.291428611,4033239.6600000374],[6401766.797142893,4013347.8142857514],[6403266.957142897,4009719.5485714674],[6408061.4342857525,4008189.60285718],[6405263.522857182,4004686.1200000383],[6409289.488571465,3994452.460000038],[6416468.797142893,3989184.5485714674],[6425768.74857147,3989441.9200000353],[6431560.802857183,3995697.297142893],[6431367.948571466,3987094.3628571816],[6434419.420000039,3986114.917142894],[6430172.414285757,3977527.6257143244],[6435948.985714324,3974898.985714324],[6440853.985714324,3967264.1942857504],[6441637.177142896,3962577.948571466],[6434606.1657143235,3967868.5857143216],[6429946.680000037,3973395.7342857495],[6418152.068571471,3973958.1942857504],[6413482.065714322,3966985.6971428953],[6416935.285714328,3961564.0800000355],[6412303.717142895,3951248.631428607],[6405656.242857181,3948925.142857179],[6405172.111428611,3944893.0857143216],[6399629.985714324,3945676.94285718],[6398904.65142861,3941362.4314286076],[6404694.577142894,3939492.05428575],[6414023.474285752,3933614.5571428947],[6419278.125714324,3923994.1342857517],[6415072.448571466,3922459.368571464],[6427391.031428613,3909536.1000000387],[6436456.245714322,3908768.7828571796],[6440469.305714324,3907087.142857179],[6441403.571428612,3912410.5942857526],[6448241.045714326,3912393.882857181],[6449099.228571467,3902567.7028571814],[6452767.222857185,3898882.614285752],[6454494.160000041,3889862.6342857517],[6453225.034285754,3887007.6714286096],[6448489.660000041,3886345.0428571813],[6446469.342857182,3875868.8142857514],[6448155.2971429005,3867114.174285751],[6451840.28285718,3862474.100000035],[6448463.080000043,3859994.3885714673],[6449289.085714325,3844966.485714324],[6452856.285714328,3838221.648571465],[6451474.360000037,3830702.568571467],[6445184.605714329,3831715.520000037],[6446412.962857179,3839043.917142894],[6443555.174285755,3842489.8200000376],[6442541.420000039,3850114.988571465],[6447353.780000038,3847079.337142892],[6446616.340000041,3856552.145714324],[6443757.542857185,3858799.645714324],[6437693.231428608,3857703.9285714664],[6437476.680000037,3854225.368571464],[6430325.56000004,3855373.9028571807],[6424560.762857184,3854362.5457143225],[6423654.017142899,3852399.8114286065],[6415796.357142895,3850996.031428609],[6410809.980000041,3845343.7114286087],[6404637.005714327,3840520.8228571787],[6401398.197142899,3836014.8485714644],[6389466.534285754,3830162.2828571796],[6382633.351428613,3829758.268571466],[6380274.240000039,3832921.268571466],[6393623.720000036,3837069.948571466],[6399188.845714323,3839900.3485714644],[6399985.262857184,3844824.10285718],[6404614.737142898,3847400.2714286074],[6408219.125714324,3854508.405714322],[6414902.051428609,3855906.0171428956],[6423923.688571468,3854965.648571465],[6426487.191428609,3864274.708571464],[6430661.388571471,3863546.2742857523],[6436553.234285757,3869267.0914286077],[6445918.031428613,3867773.140000038],[6444396.225714326,3875308.222857181],[6442005.100000039,3875973.768571466],[6441345.5885714665,3883757.682857178],[6436466.15142861,3885879.5342857502],[6431048.014285751,3885888.340000037],[6428874.037142895,3888744.8571428955],[6424244.725714326,3889380.5800000355],[6413168.182857186,3900669.708571464],[6411550.862857185,3904378.8428571783],[6407223.140000038,3907862.1685714647],[6400036.5885714665,3917715.0028571784],[6396212.377142899,3919632.6342857517],[6391788.334285751,3929407.3428571783],[6386360.140000038,3938249.3628571816],[6383325.854285754,3947822.3914286084],[6382088.160000041,3954682.6600000374],[6382178.482857183,3961083.9714286067],[6380674.900000043,3963891.417142894],[6381430.822857179,3974187.685714323],[6385833.002857186,3984176.037142895],[6384959.222857185,3990517.757142894],[6380500.628571466,3998271.708571464],[6374609.091428608,4004356.2028571814],[6368387.885714322,4012994.020000037],[6367091.371428609,4018051.997142896],[6367621.008571468,4028307.3600000367],[6366983.168571465,4031941.1771428958],[6368847.120000042,4038128.8914286084],[6374087.797142893,4047558.2714286074],[6378079.740000039,4059338.997142896],[6377538.965714328,4062707.708571464],[6381285.271428607,4079497.608571466],[6387935.720000036,4094249.020000037],[6395995.940000042,4106524.0114286095],[6400155.591428608,4111186.845714323],[6411115.10285718,4125589.645714324],[6413848.937142894,4128098.071428608],[6415470.208571471,4135557.2885714658],[6410740.202857181,4141522.4342857525],[6407066.117142893,4143276.488571465],[6399438.902857184,4143764.6571428925],[6393326.948571466,4142819.4742857516],[6387085.457142897,4144303.614285752],[6375102.400000043,4144983.5057143234],[6359879.182857186,4143018.728571467],[6346858.071428612,4136107.528571464],[6342591.3657143265,4135223.5571428947],[6331627.385714322,4128447.222857181],[6319040.9428571835,4117863.1571428925],[6311894.722857185,4109688.131428607],[6303594.480000041,4096301.60285718],[6300743.965714328,4093254.2771428935],[6294822.914285757,4082432.7085714675],[6296340.757142894,4079508.4257143214],[6291821.142857179,4077515.5514286086],[6289874.848571464,4070815.260000039],[6286711.122857183,4065842.0142857507],[6283549.491428614,4055996.754285753],[6281204.800000042,4040261.1228571795],[6282611.160000041,4031420.1542857513],[6279478.857142895,4026211.068571467],[6282349.497142896,4019654.760000039],[6275473.974285752,4020097.8600000367],[6274920.751428612,4011232.3485714644],[6277991.500000037,4009465.9971428923],[6274302.534285754,4002977.7771428935],[6269809.562857181,4002520.4628571793],[6268403.882857181,3995839.571428608],[6269112.725714326,3987919.068571467],[6265167.257142894,3983681.2057143226],[6267310.191428609,3978367.2314286083],[6263269.814285755,3972021.485714324],[6263976.402857184,3962532.1885714643],[6266233.645714328,3955922.020000037],[6269378.045714326,3953659.4371428937],[6274582.9342857525,3955539.4257143214],[6275781.854285754,3950573.3542857505],[6269008.6571429,3947426.068571467],[6262691.228571467,3941866.405714322],[6264401.634285755,3937791.2342857495],[6262379.417142898,3929754.065714322],[6259998.1657143235,3925421.060000036],[6262717.482857183,3923898.3114286102],[6265523.291428611,3916209.8228571787],[6270298.420000039,3909271.268571466],[6268963.840000041,3900600.4714286067],[6264275.731428608,3894885.382857181],[6264156.597142898,3890560.0085714646],[6266729.754285753,3881361.142857179],[6265106.271428607,3875501.9685714655],[6269517.611428611,3868333.0514286086],[6269743.805714324,3863640.222857181],[6277992.10857147,3859544.097142894],[6280223.425714329,3859901.65142861],[6291692.2114286125,3857523.025714323],[6295689.6657143235,3858530.408571467],[6314618.822857179,3853944.7485714667],[6330401.777142897,3853128.5828571804],[6332916.860000037,3852235.65142861],[6335439.094285756,3856483.608571466],[6340902.140000038,3858319.8200000376],[6340906.800000042,3850128.6542857513],[6344696.534285754,3844587.3257143237],[6360694.128571466,3835594.6685714647],[6362556.885714322,3833106.917142894],[6360327.28285718,3824924.785714321],[6343563.517142899,3823494.525714323],[6335766.262857184,3821549.114285752],[6327277.537142895,3822738.560000036],[6324729.205714323,3828562.108571466],[6320286.131428614,3831391.3200000376],[6310711.114285752,3832357.977142893],[6294949.848571464,3829999.228571467],[6293350.037142895,3834307.2342857495],[6286164.625714324,3836080.2057143226],[6285536.417142898,3832131.3485714644],[6289646.368571468,3827134.911428608],[6293878.3371429,3825263.2485714667],[6295262.3657143265,3820599.4400000386],[6287202.917142898,3816747.6257143207],[6290603.114285752,3805295.305714324],[6303943.057142898,3790242.1628571786],[6303445.174285755,3786662.334285751],[6309397.082857184,3775567.800000038],[6316177.311428614,3769049.022857178],[6327562.400000043,3765744.3885714635],[6336162.902857184,3762455.8971428946],[6342151.571428612,3757082.488571465],[6332870.531428613,3755766.905714322],[6338241.10285718,3752214.142857179],[6345222.411428608,3749164.674285751],[6347339.340000041,3746694.4285714664],[6351331.10285718,3747484.828571465],[6359560.671428613,3757163.334285751],[6379223.791428611,3753614.791428607],[6378926.78285718,3762252.8914286084],[6372654.908571467,3765415.565714322],[6373977.645714328,3771023.2342857495],[6377970.411428608,3769153.3514286093],[6381820.962857179,3764053.5571428947],[6381690.351428613,3760003.0800000355],[6384511.600000039,3758537.37428575],[6390706.265714325,3759677.725714322],[6389689.842857182,3764182.2457143217],[6391369.100000039,3768979.365714323],[6394911.851428613,3768582.44285718],[6393198.871428609,3763162.208571464],[6395566.42285718,3756271.2771428935],[6394987.97142861,3750001.145714324],[6398440.440000042,3747590.217142895],[6405649.531428613,3738641.371428609],[6413293.242857181,3733613.8942857496],[6418480.394285753,3732351.9371428937],[6423712.031428613,3727666.637142893],[6428543.402857184,3726722.5885714665],[6435022.285714328,3729200.562857181],[6444881.334285751,3727029.457142893],[6441019.814285755,3732394.108571466],[6430361.594285756,3736023.340000037],[6441014.031428613,3739973.5942857526],[6445177.191428609,3738310.5742857493],[6450929.357142895,3738598.677142892],[6456484.231428608,3736936.1257143207],[6459687.325714327,3738585.4028571807],[6461639.92285718,3733736.37428575],[6467894.557142898,3731523.6971428953],[6475984.740000039,3732688.7371428944],[6480859.451428615,3731039.7028571814],[6492257.445714325,3732168.951428607],[6494852.148571469,3730932.5428571813],[6505662.037142895,3730948.268571466],[6516337.92857147,3735353.9200000353],[6517387.888571471,3737764.137142893],[6526076.488571465,3740263.334285751],[6538035.714285754,3732073.5000000373],[6539859.388571471,3733362.268571466],[6543916.620000042,3728352.4028571807],[6549350.822857186,3727004.185714323],[6556958.702857181,3728174.9800000377],[6557663.2971429005,3723194.2428571805],[6561508.105714329,3721247.55428575],[6563744.951428615,3723341.948571466],[6564757.06000004,3728680.5828571804],[6573648.474285752,3730013.37428575],[6576699.177142896,3740390.7428571805],[6568708.845714323,3742693.0000000373],[6561257.117142893,3750842.8142857514],[6550114.431428611,3757155.1542857513],[6534429.677142896,3763090.7000000365],[6532400.134285755,3762845.337142892],[6529359.4771429,3768085.4228571802],[6542785.842857182,3761588.405714322],[6546792.485714324,3761015.4228571802],[6557698.208571471,3756293.674285751],[6566212.3371429,3751618.757142894],[6568715.642857179,3747989.0857143216],[6574351.285714328,3743578.222857181],[6580953.280000038,3743232.71428575],[6583926.205714323,3739157.380000036],[6587074.417142898,3739957.3228571787],[6589651.914285757,3735923.5114286095],[6596404.834285751,3731186.2428571805],[6599949.557142898,3730687.0914286077],[6602837.845714323,3726174.3942857496],[6611286.945714325,3721297.4314286076],[6616066.754285753,3726415.2742857523],[6614305.251428612,3729860.1885714643],[6606154.945714325,3737649.9714286067],[6599189.882857181,3742470.797142893],[6596444.482857183,3748175.9000000358],[6590698.488571465,3752358.914285749],[6587882.825714327,3748962.448571466],[6582975.900000043,3752983.945714321],[6575143.085714325,3754480.4657143243],[6572474.062857181,3760150.76285718],[6585384.014285751,3758247.754285753],[6597223.737142898,3759311.0342857502],[6602786.280000038,3757174.537142895],[6606773.097142898,3759692.2714286074],[6614184.502857186,3757304.4228571802],[6617744.725714326,3758784.917142894],[6623043.3657143265,3754687.025714323],[6627449.900000043,3753269.3257143237],[6630694.217142895,3757541.751428608],[6642427.88000004,3756799.071428608],[6647101.014285751,3752543.794285752],[6649305.251428612,3747254.83142861],[6653827.254285753,3744097.337142892],[6657136.237142898,3745152.680000037],[6663018.242857181,3750166.1200000383],[6676374.034285754,3751640.2428571805],[6685213.080000043,3754449.411428608],[6688817.531428613,3763833.302857179],[6686082.857142895,3770487.037142895],[6683118.885714322,3774317.631428607],[6681055.431428611,3784107.114285752],[6674694.785714328,3792191.131428607],[6671840.077142894,3797385.0000000373],[6667450.325714327,3800585.0428571813],[6665052.134285755,3795908.460000038],[6660378.774285756,3795833.49142861],[6658191.06000004,3799264.380000036],[6653686.56000004,3801599.0142857507],[6651842.985714324,3799703.494285751],[6645792.002857186,3802980.4371428937],[6645676.742857181,3806714.640000038],[6651844.488571465,3810009.9314286076],[6653929.105714329,3808407.328571465],[6660778.214285754,3807672.182857178],[6659576.997142896,3818013.877142895],[6662434.094285756,3827165.294285752],[6661621.948571466,3833701.21428575],[6667134.960000038,3828833.840000037],[6665499.662857182,3824298.865714323],[6662370.820000038,3822084.2457143217],[6663855.325714327,3813325.5142857507],[6670248.177142896,3813916.44285718],[6674616.820000038,3812989.1942857504],[6678900.482857183,3806520.4200000353],[6684842.522857182,3807654.191428609],[6686934.24857147,3805952.1285714656],[6685256.4428571835,3800575.228571467],[6688629.5200000405,3798442.5428571813],[6694790.991428614,3790745.8085714653],[6701512.162857182,3791944.300000038],[6705427.862857185,3795111.328571465],[6707000.122857183,3798591.1228571795],[6713579.74857147,3799457.1885714643],[6719012.140000038,3795838.297142893],[6722284.377142899,3784836.8228571787],[6723137.33142861,3774132.828571465],[6727920.688571468,3758608.4628571793],[6727943.891428612,3755484.525714323],[6731124.597142898,3748637.597142894],[6735233.491428614,3751174.3542857505],[6733397.025714323,3757566.528571464],[6742087.517142899,3765668.4342857525],[6741976.7200000435,3762283.7800000384],[6745754.734285757,3760302.337142892],[6755658.702857181,3760606.020000037],[6758441.885714322,3754144.1342857517],[6761575.694285758,3755829.865714323],[6762072.240000039,3748781.865714323],[6756137.0885714665,3748092.2828571796],[6751006.742857181,3742505.1285714656],[6752472.874285758,3738978.6571428925],[6760755.671428613,3738912.722857181],[6769906.537142895,3736410.0857143216],[6777869.008571468,3732304.0171428956],[6784471.548571467,3727379.9257143214],[6786050.611428611,3723747.768571466],[6793480.902857184,3726941.760000035],[6804309.260000043,3722600.285714321],[6806795.074285753,3719489.1114286073],[6811711.905714326,3718958.3485714644],[6820279.008571468,3712717.9200000353],[6822332.660000041,3707969.0342857502],[6823813.908571467,3695854.3971428946],[6818949.285714328,3695210.1571428925],[6813083.954285756,3685762.5171428956],[6808516.625714324,3684162.4800000377],[6806262.325714327,3686547.380000036],[6796566.505714327,3687378.8257143237],[6787966.177142896,3681816.5742857493],[6788387.042857185,3671365.1714286096],[6791222.114285752,3665833.8571428955],[6795218.580000043,3666679.0914286077],[6795040.10857147,3658144.520000037],[6792562.6571429,3652266.3914286084],[6792908.205714323,3648349.6228571795],[6797497.382857181,3644117.5028571784],[6803981.045714326,3645961.477142893],[6815161.0200000405,3657586.0571428947],[6817985.431428611,3665343.3885714635],[6824741.222857185,3670026.405714322],[6830401.885714322,3676358.3542857505],[6831244.625714324,3682891.7742857523],[6827465.6428571865,3685544.0828571804],[6826434.654285751,3689306.405714322],[6832077.3371429,3690765.328571465],[6836938.757142894,3685049.0028571784],[6846396.4428571835,3680179.382857181],[6848363.637142897,3685049.4257143214],[6848061.705714323,3693729.8228571787],[6849341.874285758,3699367.6228571795],[6852108.420000039,3702519.217142895],[6854738.965714328,3709857.5885714665],[6850264.191428609,3720695.0800000355],[6856483.734285757,3722543.062857181],[6859464.585714325,3721288.757142894],[6866489.88000004,3727924.877142895],[6867599.237142898,3726787.868571464],[6861075.502857186,3720455.4285714664],[6858391.042857185,3719902.945714321],[6854837.740000039,3712937.4657143243],[6855234.197142899,3703046.945714321],[6861273.305714324,3701966.260000035],[6861728.0885714665,3699818.260000035],[6851297.2971429005,3694332.228571467],[6854402.982857183,3691588.9714286067],[6855690.988571465,3687414.4800000377],[6863131.125714324,3690523.8914286084],[6865771.8371429,3683913.8428571783],[6860587.640000038,3680219.640000038],[6858652.920000039,3674322.7485714667],[6863189.20000004,3672896.6542857513],[6867577.814285755,3674405.380000036],[6866339.722857185,3678475.2800000384],[6871245.420000039,3678226.414285749],[6866254.722857185,3672466.174285751],[6866854.728571467,3669445.9714286067],[6878862.660000041,3662386.1114286073],[6880030.068571471,3656699.7342857495],[6882881.457142897,3656982.6714286096],[6885677.965714328,3653187.3600000367],[6892290.482857183,3651857.1342857517],[6899699.362857185,3656322.725714322],[6903858.8371429,3654869.140000038],[6903641.991428614,3659975.0142857507],[6894083.705714323,3667678.025714323],[6887510.2885714695,3674594.10285718],[6892937.845714323,3675690.1657143235],[6902189.222857185,3674210.8257143237],[6907959.268571466,3668119.300000038],[6908531.742857181,3662469.26285718],[6911349.508571468,3657622.6285714656],[6906583.240000039,3652779.460000038],[6907196.625714324,3647471.8142857514],[6905751.33142861,3644252.071428608],[6911540.320000038,3640494.454285752],[6911826.7114286125,3637631.880000036],[6917916.757142894,3635188.0400000364],[6924305.285714328,3636686.268571466],[6932862.017142899,3633931.5857143216],[6935721.194285758,3638596.457142893],[6939099.725714326,3637447.691428609],[6943569.322857186,3633389.680000037],[6946620.92857147,3636373.037142895],[6951284.171428613,3629541.1257143207],[6953144.105714329,3623299.960000038],[6956706.891428612,3619735.2000000365],[6957736.620000042,3612048.1657143235],[6960940.168571472,3608609.2485714667],[6960130.2114286125,3604913.648571465],[6967693.120000042,3601821.488571465],[6979574.951428615,3592264.8142857514],[6980746.9771429,3589697.994285751],[6978953.037142895,3582574.691428609],[6984232.622857183,3577948.0942857526],[6987774.808571465,3578798.7057143226],[6991741.054285757,3570907.834285751],[6992580.0114286095,3565098.4714286067],[6995053.868571468,3564100.445714321],[6999980.457142897,3555441.3428571783],[7002712.391428612,3552367.0942857526],[7002124.677142896,3548853.7742857523],[7011281.562857181,3546168.6114286073],[7009472.508571468,3542678.4628571793],[7011288.257142894,3532982.2885714658],[7010043.291428611,3527063.417142894],[7006593.24857147,3523126.525714323],[6998755.542857185,3520462.2342857495],[6993953.271428615,3511680.05428575],[6995258.554285757,3504139.6257143207],[6993495.968571469,3495662.142857179],[6993642.905714326,3485462.525714323],[6995995.451428615,3481252.5800000355],[6988533.740000039,3473420.5000000373],[6983336.954285756,3463926.880000036],[6983455.3657143265,3456601.1628571786],[6981988.085714325,3453037.094285749],[6974878.9342857525,3442547.4371428937],[6972539.094285756,3435541.1542857513],[6967184.10285718,3425052.1200000346],[6953478.285714328,3407400.600000035],[6952569.900000043,3401627.331428606],[6957009.145714328,3394333.8828571774],[6967882.10857147,3386246.671428606],[6980612.311428614,3374848.985714324],[6987646.78285718,3373832.371428609],[6994909.805714324,3370831.0828571804],[6998580.014285758,3365972.460000038],[6997732.174285755,3361670.994285751],[7003478.411428615,3358853.6257143207],[7012738.1428571865,3345176.068571463],[7014204.042857185,3339898.485714324],[7008410.677142896,3341475.671428606],[7006034.0885714665,3340344.3257143237],[7002708.654285751,3343544.954285752],[6995508.171428613,3345519.914285749],[6992694.094285756,3340855.8228571787],[6987555.6428571865,3342882.3085714653],[6981536.274285756,3339855.0400000364],[6984376.125714324,3336634.297142893],[6979147.591428615,3332142.3057143204],[6978820.037142895,3326067.065714322],[6973474.188571468,3315641.6542857513],[6969346.028571472,3314521.5742857493],[6962237.940000042,3317984.791428607],[6956287.580000043,3318042.862857178],[6952310.674285755,3313918.6942857504],[6946560.825714327,3313251.0114286095],[6949629.022857182,3307615.094285749],[6949758.917142898,3301517.294285752],[6944457.3657143265,3298610.834285751],[6935547.891428612,3299044.068571463],[6928565.485714324,3298293.98571432],[6925612.982857183,3304083.3971428946],[6922431.777142897,3299466.440000035],[6913265.974285752,3299614.9600000344],[6912606.131428614,3295694.6942857504],[6915554.92285718,3293221.494285751],[6910423.360000037,3290676.094285749],[6908791.214285754,3292155.257142894],[6892846.960000038,3294837.6285714656],[6878332.314285755,3298878.257142894],[6873589.06000004,3297202.794285752],[6871827.457142897,3299569.4028571807],[6866473.431428611,3298949.2885714658],[6866315.254285753,3295903.3857143223],[6858856.268571466,3295112.717142895],[6856132.111428611,3298710.225714322],[6847231.197142899,3299256.180000037],[6844236.188571468,3294171.494285751],[6851843.725714326,3289385.0828571804],[6848880.862857185,3287612.8257143237],[6843702.882857181,3288106.4000000358],[6842947.194285758,3281632.754285749],[6855453.474285752,3270384.2771428935],[6848511.805714324,3261484.302857179],[6843737.805714324,3262069.094285749],[6838036.622857183,3253981.0114286058],[6832743.857142895,3249221.865714323],[6829843.42285718,3248370.6542857513],[6823857.888571471,3237561.2828571796],[6824397.028571472,3233103.328571465],[6829127.234285757,3225131.7285714634],[6829852.600000039,3219577.2771428935],[6827747.000000037,3216184.840000037],[6826258.777142897,3208987.3942857496],[6832508.405714326,3199199.7742857486],[6830790.400000043,3195688.1171428934],[6837329.217142895,3192842.680000037],[6837764.468571469,3189344.0057143234],[6843104.980000041,3187720.0571428947],[6840983.957142897,3182451.108571466],[6845458.348571472,3180683.642857179],[6850380.654285751,3182680.685714323],[6855797.671428613,3176617.5828571804],[6860699.848571472,3179059.1571428925],[6867444.74857147,3180028.1971428916],[6868801.554285757,3175726.174285751],[6874789.765714325,3174445.748571463],[6876168.88000004,3169093.345714323],[6882045.280000038,3175556.8257143237],[6885209.740000039,3176402.028571464],[6893755.377142899,3174234.597142894],[6901515.805714324,3174275.5085714646],[6901223.185714327,3171670.76285718],[6910218.894285753,3171971.1628571786],[6909609.7885714695,3174928.7400000356],[6905093.2114286125,3177465.217142895],[6903702.320000038,3181380.4628571793],[6908598.028571472,3181416.4371428937],[6911637.391428612,3184841.9257143214],[6915095.742857181,3182164.380000036],[6923592.982857183,3183950.137142893],[6924087.000000037,3189279.2657143213],[6920248.622857183,3190381.6114286073],[6929242.0114286095,3196869.6342857517],[6931969.508571468,3196284.6228571795],[6934952.117142901,3202193.9200000353],[6940619.208571471,3200512.8257143237],[6947433.111428611,3200424.1885714643],[6948350.048571467,3202735.8485714644],[6941967.037142895,3205086.0085714646],[6943054.917142898,3211839.6257143207],[6938430.097142898,3220141.4257143214],[6937356.411428608,3224763.908571463],[6948554.314285755,3220627.491428606],[6952455.885714322,3222573.7285714634],[6963696.697142899,3218414.1685714647],[6968868.825714327,3215344.76285718],[6973095.4428571835,3219010.0800000355],[6980925.0114286095,3215213.9342857487],[6990556.92857147,3214426.691428609],[6993919.6571429,3215962.9742857516],[7000795.322857186,3224702.0028571784],[6993701.92857147,3228219.5571428947],[6992405.968571469,3232415.4628571793],[6998650.2114286125,3236795.300000038],[6992549.340000041,3242086.1342857517],[6986067.500000037,3245437.37428575],[6979701.7885714695,3246737.417142894],[6975231.10857147,3252276.2800000347],[6967325.985714324,3252773.142857179],[6968190.528571472,3255748.177142892],[6975464.15142861,3253449.220000036],[6976867.740000039,3256757.1171428934],[6982283.6428571865,3254794.05428575],[6981594.900000043,3259608.802857179],[6978865.805714324,3261684.708571464],[6983041.631428614,3267142.7114286087],[6987347.725714326,3263525.2771428935],[6985142.974285752,3258162.334285751],[6984549.042857185,3251598.6257143207],[6987409.185714327,3247286.5514286086],[6993167.6428571865,3245204.4685714655],[6995109.468571469,3241903.8485714644],[6999226.468571469,3242127.3971428946],[7002374.851428613,3238097.477142893],[7004586.78285718,3245271.26285718],[7008812.357142895,3249788.6600000374],[7010869.340000041,3257089.2342857495],[7015087.968571469,3252794.2885714658],[7014209.057142898,3248289.105714321],[7017527.820000038,3246415.411428608],[7012599.180000037,3241324.9285714664],[7015786.231428608,3236475.105714321],[7020451.051428609,3232254.2885714658],[7022467.545714326,3228579.5342857502],[7019582.800000042,3222989.800000038],[7022234.877142899,3216772.6685714647],[7026909.728571467,3222015.828571465],[7024469.280000038,3228463.8200000376],[7029013.660000041,3235975.1600000374],[7025169.914285757,3242350.171428606],[7026746.094285756,3244934.6942857504],[7031001.491428614,3242908.6885714643],[7034948.871428609,3252709.2000000365],[7038223.2200000435,3250076.7800000347],[7034019.397142895,3245452.1685714647],[7035097.502857186,3241508.294285752],[7039332.722857185,3241205.377142895],[7040022.88571433,3237515.9200000353],[7037843.2885714695,3234531.6285714656],[7041007.194285758,3229151.3057143204],[7041781.954285756,3223237.9800000377],[7045867.077142894,3222266.642857179],[7044656.980000041,3231453.37428575],[7046012.7200000435,3235415.4200000353],[7045016.185714327,3242983.671428606],[7052676.128571466,3250490.594285749],[7046986.965714328,3259258.37428575],[7049612.334285751,3260338.411428608],[7055906.925714329,3253595.2742857523],[7053672.551428609,3252688.1971428916],[7052684.251428612,3245354.9600000344],[7048927.154285751,3244694.174285751],[7047599.965714328,3232294.482857179],[7054617.411428615,3227764.4314286076],[7056719.845714323,3220227.7657143213],[7062302.251428612,3220829.6114286073],[7063802.625714324,3224130.7285714634],[7073235.83142861,3220064.2885714658],[7073637.551428609,3218099.1228571795],[7081533.631428614,3215530.2000000365],[7083255.128571466,3212451.691428609],[7081822.005714327,3205661.017142892],[7087018.508571468,3201664.294285752],[7099709.522857182,3200275.680000037],[7095085.24857147,3204648.6885714643],[7099240.940000042,3206753.6114286073],[7102409.408571467,3198115.1114286073],[7100495.177142896,3195355.020000037],[7105394.514285758,3188681.677142892],[7115379.228571467,3186622.5142857507],[7120681.811428614,3194423.87428575],[7123869.874285758,3196153.982857179],[7123711.091428615,3188891.991428606],[7119716.557142898,3182257.640000038],[7123757.9885714725,3176054.1114286073],[7127459.631428614,3172950.0771428943],[7129718.160000041,3175098.4685714655],[7128347.397142895,3182590.0485714637],[7133509.362857185,3181426.457142893],[7137211.10857147,3178101.137142893],[7139023.448571466,3180825.2028571777],[7143240.800000042,3181581.448571466],[7143102.122857183,3189531.9228571802],[7146736.92285718,3185965.6228571795],[7152326.7971429005,3184667.794285752],[7156276.83142861,3180773.560000036],[7158575.682857186,3184613.017142892],[7162659.900000043,3180353.7371428944],[7161269.7200000435,3175936.834285751],[7166628.694285758,3176697.87428575],[7169464.794285752,3182519.2828571796],[7171926.634285755,3176119.294285752],[7172359.300000042,3166719.5857143216],[7169453.140000038,3166422.3228571787],[7165153.168571472,3157024.6628571786],[7155803.628571466,3156614.55428575],[7145871.251428612,3154292.82571432],[7144332.860000044,3148941.088571463],[7153856.291428611,3149405.6942857504],[7161785.420000039,3150796.94285718],[7159465.500000037,3145230.4257143214],[7161753.5114286095,3141620.3857143223],[7167097.628571466,3140699.1114286073],[7166829.391428612,3137512.451428607],[7170214.080000043,3135046.8000000343],[7170895.4428571835,3131727.217142895],[7174633.8657143265,3128231.8857143223],[7178732.680000037,3128756.6942857504],[7187921.222857185,3122997.257142894],[7197291.274285756,3125001.2885714658],[7198023.708571471,3128444.3942857496],[7206013.117142901,3131464.648571465],[7206345.391428612,3127034.914285749],[7200278.480000041,3125805.1685714647],[7203101.120000042,3120265.454285752],[7207301.357142895,3122014.748571463],[7218333.217142895,3121882.365714323],[7218225.4885714725,3117240.0342857502],[7230967.371428609,3118467.100000035],[7234940.014285758,3120250.637142893],[7245879.854285754,3114372.8114286065],[7254675.825714327,3111921.717142895],[7258204.194285758,3114969.6657143235],[7263022.180000037,3115967.6342857517],[7261407.414285757,3119809.8142857514],[7265450.074285753,3120799.940000035],[7268032.65142861,3117640.940000035],[7279285.860000044,3125003.748571463],[7287587.817142896,3123965.682857178],[7284969.694285758,3120372.248571463],[7288245.128571466,3116969.828571465],[7287020.271428615,3113652.1200000346],[7292087.051428609,3110131.3514286056],[7294697.56000004,3106157.988571465],[7297215.0657143295,3107020.065714322],[7300728.394285753,3104056.4742857516],[7303290.2114286125,3104822.251428608],[7311523.551428609,3097051.4000000358],[7318822.291428611,3096825.7285714634],[7320416.654285751,3094884.862857178],[7327428.0885714665,3095756.671428606],[7341938.945714325,3093345.2057143226],[7346207.751428612,3089783.682857178],[7370185.828571469,3093905.9685714655],[7373605.097142898,3096000.131428607],[7382764.702857181,3095929.017142892],[7387407.92285718,3097768.60285718],[7389738.914285757,3095761.3885714635],[7396344.962857187,3096838.4028571807],[7399324.188571468,3099917.440000035],[7405385.911428615,3098564.3114286065],[7409168.862857185,3102612.940000035],[7415584.5200000405,3094913.6885714643],[7420453.574285753,3098450.217142895],[7426148.882857181,3097057.0771428943],[7432307.794285752,3097411.2342857495],[7435750.731428616,3099721.5028571784],[7447522.440000042,3098775.691428609],[7454402.485714324,3095276.6685714647],[7461676.542857185,3094286.2771428935],[7464102.528571472,3095343.100000035],[7470580.994285755,3094177.682857178],[7473867.662857182,3095146.017142892],[7483696.662857182,3101849.1457143202],[7485638.177142896,3105873.4314286076],[7475861.894285753,3114251.98571432],[7476276.360000044,3118434.6571428925],[7470499.374285758,3128467.297142893],[7475652.188571468,3135627.248571463],[7468777.468571469,3139010.877142895],[7467915.382857181,3134725.1228571795],[7458338.234285757,3139466.477142893],[7453554.408571467,3140907.7800000347],[7448204.645714328,3140536.768571466],[7447770.888571471,3144837.340000037],[7441516.300000042,3148634.9342857487],[7438860.734285757,3144667.8828571774],[7435957.5114286095,3153914.060000036],[7427877.42857147,3158030.9342857487],[7426483.277142897,3161819.174285751],[7422407.42285718,3160663.4714286067],[7421195.60857147,3163641.757142894],[7415950.051428609,3165587.417142894],[7406959.025714323,3161442.1257143207],[7402508.440000042,3163083.26285718],[7402550.100000039,3166791.71428575],[7391651.991428614,3174775.0371428914],[7384496.462857187,3176159.068571463],[7383786.794285752,3178742.142857179],[7375517.47142861,3182899.3828571774],[7369464.291428611,3184466.3514286093],[7365744.65142861,3187875.6542857513],[7360202.494285755,3184983.0485714637],[7357835.38571433,3177911.028571464],[7355170.622857183,3180337.182857178],[7356896.217142895,3185566.562857177],[7362162.817142896,3189896.4800000377],[7359233.668571472,3191772.988571465],[7353037.282857187,3187653.105714321],[7344742.291428611,3192020.868571464],[7330808.131428614,3191974.954285752],[7327729.005714327,3195947.3914286084],[7321272.334285758,3201230.7342857495],[7312237.671428613,3205948.3428571783],[7308921.9428571835,3209853.3514286093],[7304185.188571468,3210665.5828571804],[7290422.897142895,3217517.571428608],[7282585.491428614,3226394.26285718],[7277374.522857182,3230950.3857143223],[7272428.948571466,3233456.957142893],[7273088.854285754,3235997.5400000364],[7282522.348571472,3234739.494285751],[7283810.8657143265,3239287.565714322],[7286964.080000043,3240859.2000000365],[7297236.174285755,3240892.4314286076],[7302137.9885714725,3235040.9628571793],[7306294.7200000435,3233572.488571465],[7311518.760000043,3234845.797142893],[7318865.254285753,3233740.708571464],[7320668.957142897,3229933.2657143213],[7328146.085714325,3229690.785714321],[7337346.182857186,3221830.2285714634],[7345919.574285753,3219393.10285718],[7345754.445714325,3224248.1228571795],[7331968.92857147,3236762.1228571795],[7330378.694285758,3243315.377142895],[7334878.045714326,3245790.8257143237],[7339142.862857185,3243366.877142895],[7346614.628571466,3236415.528571464],[7348575.348571472,3233091.945714321],[7357909.4342857525,3227299.294285752],[7360682.234285757,3228567.297142893],[7363299.111428611,3224702.751428608],[7371457.097142898,3220582.0400000364],[7380746.320000038,3220114.0571428947],[7390181.080000043,3212179.8428571783],[7394011.33142861,3212699.865714323],[7397561.311428614,3208306.7285714634],[7405543.645714328,3203710.097142894],[7407707.737142898,3211030.411428608],[7410715.654285759,3211279.60285718],[7417638.048571467,3206568.0142857507],[7421412.857142895,3205963.4000000358],[7424557.0657143295,3208063.1200000346],[7434330.2971429005,3204780.8942857496],[7433669.20000004,3211618.7400000356],[7443091.3657143265,3212791.2057143226],[7445210.377142899,3209550.9285714664],[7450145.945714325,3207714.6657143235],[7452265.502857186,3211146.454285752],[7456795.668571472,3210327.3914286084],[7461330.225714326,3203992.4200000353],[7464798.268571466,3202811.208571464],[7467546.691428609,3206671.55428575],[7470363.102857187,3206488.6542857513],[7472112.082857184,3216355.494285751],[7474889.034285754,3208223.8971428946],[7477779.037142895,3203624.0057143234],[7480815.228571467,3195836.0514286086],[7491388.440000042,3185852.3000000343],[7496454.985714324,3188398.9000000358],[7499987.308571473,3196807.1600000374],[7495989.508571468,3206251.482857179],[7491734.882857181,3207095.0114286058],[7489921.765714325,3210366.257142894],[7479685.860000044,3216225.4000000358],[7477142.414285757,3220198.4628571793],[7479541.502857186,3226030.4028571807],[7494960.614285752,3222992.448571466],[7499789.577142902,3225939.2371428944],[7502344.2200000435,3229686.991428606],[7498486.500000037,3234905.2828571796],[7491678.242857181,3234417.940000035],[7488147.697142899,3247897.142857179],[7486127.222857185,3250252.494285751],[7480166.382857181,3248656.0771428943],[7478216.611428611,3252465.7114286087],[7475061.894285753,3251046.331428606],[7474379.600000039,3261779.951428607],[7466030.591428615,3271509.865714323],[7460758.191428609,3270270.994285751],[7460821.082857184,3277050.1171428934],[7455587.311428614,3282077.9342857487],[7453262.674285755,3287077.4714286067],[7456898.291428611,3291508.8200000376],[7453980.817142896,3295185.945714321],[7449109.091428615,3295636.3828571774],[7444212.062857181,3300711.6657143235],[7433042.342857182,3305257.2028571777],[7437934.485714324,3307840.4371428937],[7442198.062857181,3303035.6657143235],[7447382.388571471,3299380.945714321],[7453793.862857185,3297181.571428608],[7458741.348571472,3290489.831428606],[7463143.982857183,3289805.2057143226],[7467353.457142897,3285243.3885714635],[7469035.168571472,3281215.6942857504],[7476116.585714325,3272236.100000035],[7482053.062857181,3265946.142857179],[7489030.691428609,3263878.0485714637],[7488675.514285758,3270787.9228571802],[7490465.0657143295,3274390.1685714647],[7485603.1657143235,3281944.7400000356],[7485880.425714329,3285943.94285718],[7476590.2114286125,3298657.828571465],[7472673.034285754,3299542.791428607],[7475336.905714326,3305566.9285714664],[7472080.545714326,3309904.5400000364],[7464408.540000044,3311535.300000038],[7459484.111428611,3310429.4371428937],[7452659.448571466,3311050.260000035],[7446845.491428614,3313165.10285718],[7449246.7114286125,3327610.3857143223],[7455049.051428609,3336002.862857178],[7449003.257142901,3339304.562857181],[7442095.940000042,3332482.3114286065],[7439979.9428571835,3333976.4200000353],[7435093.597142898,3330535.862857178],[7434411.182857186,3335499.488571465],[7424065.985714324,3341761.4971428923],[7419093.0657143295,3345886.377142895],[7412132.674285755,3349380.3571428917],[7406916.008571468,3349779.7114286087],[7406530.580000043,3354167.020000037],[7410835.168571472,3353504.2428571805],[7415499.345714323,3356296.960000038],[7415805.400000043,3361469.1685714647],[7412541.128571473,3366052.4628571793],[7415792.9885714725,3370680.957142893],[7413081.014285758,3377287.5085714646],[7406677.397142895,3374731.7342857495],[7399831.914285757,3378078.880000036],[7397099.845714323,3372032.068571463],[7387525.38571433,3366897.300000038],[7383968.017142899,3368845.840000037],[7381580.60285718,3376653.868571464],[7384921.70000004,3383864.094285749],[7382342.911428615,3388460.6514286064],[7382543.38000004,3392303.445714321],[7374486.465714328,3397641.6571428925],[7371936.054285757,3400721.9800000377],[7362817.117142901,3402694.4028571807],[7358513.582857184,3399621.5914286077],[7362001.868571468,3396048.488571465],[7362728.540000044,3389565.840000037],[7355574.5885714665,3393845.302857179],[7356151.902857184,3383825.722857181],[7353190.320000038,3383521.180000037],[7351116.345714323,3391066.460000038],[7351349.128571466,3395970.951428607],[7333591.2971429005,3396777.3514286093],[7333095.628571466,3400695.517142892],[7328516.374285758,3403382.26285718],[7322383.377142899,3403756.7114286087],[7326868.525714323,3394794.988571465],[7322626.048571467,3389528.5057143234],[7319158.914285757,3399155.914285749],[7312420.2971429005,3398984.522857178],[7313076.140000038,3413444.7657143213],[7308237.491428614,3411641.840000037],[7308196.500000037,3406545.682857178],[7301134.457142897,3414801.445714321],[7297485.20000004,3415109.5114286095],[7295011.7971429005,3418106.940000035],[7291004.082857184,3416850.757142894],[7291123.982857183,3423222.5914286077],[7288498.454285756,3426606.977142893],[7289606.360000044,3431350.177142892],[7287732.1657143235,3437708.180000037],[7277374.06000004,3435544.60285718],[7275721.571428612,3433260.2000000365],[7269007.451428615,3435129.0857143216],[7270940.671428613,3437949.3085714653],[7271211.925714329,3444690.131428607],[7273621.585714325,3447812.2657143213],[7271092.917142898,3453445.6114286073],[7263364.768571466,3454303.2000000365],[7262182.33142861,3449957.148571465],[7258418.280000038,3450962.717142895],[7251365.368571468,3444253.880000036],[7248053.33142861,3433896.4000000358],[7245273.177142896,3436012.877142895],[7247129.400000043,3442043.7885714658],[7245036.317142896,3447414.368571464],[7238935.777142897,3447066.3428571783],[7238928.825714327,3458338.3571428917],[7235067.594285756,3454184.457142893],[7231058.905714326,3455183.0571428947],[7231027.162857182,3459311.6257143207],[7225237.5200000405,3459563.025714323],[7224756.508571468,3467535.382857181],[7220988.402857184,3464397.1228571795],[7216038.768571466,3466638.5742857493],[7219280.60285718,3471611.9685714655],[7218368.854285754,3477752.3142857514],[7224672.062857181,3476849.8428571783],[7222843.820000038,3485053.8228571787],[7213957.514285758,3487134.9228571802],[7212121.9771429,3483960.448571466],[7207632.734285757,3483456.9028571807],[7199658.668571472,3489439.8114286065],[7196259.871428609,3485344.2028571777],[7193596.140000038,3486999.382857181],[7201203.968571469,3492839.8485714644],[7208139.60285718,3493413.020000037],[7211331.528571472,3488377.7371428944],[7222491.074285753,3487403.037142895],[7224632.468571469,3479702.254285749],[7230496.1657143235,3470575.440000035],[7236013.582857184,3468559.3114286065],[7241668.968571469,3470133.7400000356],[7242360.202857181,3474365.837142892],[7248486.811428614,3473780.44285718],[7254107.322857186,3475886.2342857495],[7255021.225714326,3479903.108571466],[7259389.911428615,3481921.4314286076],[7260262.974285752,3484642.7428571805],[7258087.322857186,3488968.1257143207],[7259396.862857185,3494592.4628571793],[7255972.785714328,3494167.5485714637],[7251611.1571429,3499643.9714286067],[7244923.10285718,3499665.3228571787],[7241359.945714325,3503324.21428575],[7238149.628571466,3501934.614285752],[7234571.2200000435,3504552.994285751],[7229380.571428612,3504525.5571428947],[7226846.794285752,3507374.7885714658],[7227048.202857181,3511520.8942857496],[7213901.128571466,3524840.4371428937],[7216785.597142898,3532049.145714324],[7223611.760000043,3527335.300000038],[7223563.634285755,3525242.1228571795],[7231411.100000039,3524205.451428607],[7238395.92285718,3516190.7800000347],[7246736.525714323,3517520.691428609],[7249024.111428611,3523264.0085714646],[7244664.414285757,3526403.4971428923],[7244502.545714326,3535609.637142893],[7238535.028571472,3537289.522857178],[7233330.028571472,3541804.302857179],[7219916.574285753,3539018.4228571802],[7222920.777142897,3544025.571428608],[7225965.725714326,3543949.5400000364],[7229131.614285752,3548336.9628571793],[7231604.045714326,3544934.0914286077],[7243541.388571471,3544646.9257143214],[7248492.171428613,3550572.337142892],[7252571.094285756,3552622.9714286067],[7256059.091428615,3547602.1257143207],[7255542.242857181,3542865.828571465],[7260993.517142899,3541457.6885714643],[7262837.1657143235,3536510.9028571807],[7269884.111428611,3535584.7771428935],[7275820.468571469,3533618.0828571804],[7274626.497142896,3527332.2457143217],[7280879.080000043,3523331.5057143234],[7284157.945714325,3526253.597142894],[7284951.65142861,3529842.862857178],[7290946.494285755,3526930.1342857517],[7295877.188571468,3522476.94285718],[7304033.582857184,3521715.3857143223],[7309193.937142901,3528317.285714321],[7312121.38571433,3533899.905714322],[7314047.931428611,3542271.1971428953],[7316993.957142897,3542199.0457143225],[7314352.137142897,3535708.254285749],[7315307.982857183,3533143.0742857493],[7307847.174285755,3521572.4228571802],[7307601.762857184,3515355.957142893],[7311299.0885714665,3508204.2285714634],[7316283.954285756,3507570.9971428923],[7319191.300000042,3511547.6542857513],[7332042.805714324,3517841.460000038],[7342948.734285757,3532172.8257143237],[7347150.802857183,3535949.488571465],[7350165.88571433,3541177.365714323],[7345975.860000044,3549646.957142893],[7346349.505714327,3555215.3200000376],[7350985.362857185,3566978.3114286065],[7354189.191428609,3571668.2371428944],[7357972.274285756,3572653.1514286064],[7351681.282857187,3560400.062857181],[7349582.445714325,3550808.7800000347],[7353696.328571469,3540957.257142894],[7352920.000000037,3533435.3542857505],[7347160.245714329,3523976.4971428923],[7343591.7971429005,3521618.3571428955],[7338531.645714328,3514266.60285718],[7337740.300000042,3508369.4228571802],[7339228.760000043,3494370.148571465],[7343953.420000039,3491769.340000037],[7344234.245714329,3487940.862857178],[7348535.340000041,3488486.7314286083],[7357222.571428612,3494674.4685714655],[7358799.160000041,3490078.260000035],[7352364.371428609,3486748.0828571804],[7356174.185714327,3480700.140000038],[7362701.877142899,3479984.8428571783],[7368349.2114286125,3483731.302857179],[7371169.622857183,3483040.5828571804],[7366889.617142901,3477236.291428607],[7364319.334285758,3475791.108571466],[7367084.282857187,3469202.960000038],[7373471.825714327,3465157.525714323],[7375347.231428616,3469749.7457143217],[7379605.948571466,3474066.2714286074],[7386498.125714324,3476946.3914286084],[7388506.100000039,3474540.597142894],[7384977.134285755,3471277.408571467],[7384795.2971429005,3464197.7771428935],[7382667.811428614,3462473.440000035],[7384728.6428571865,3458093.648571465],[7395923.3657143265,3460025.7485714667],[7398052.617142901,3451692.791428607],[7401225.765714325,3452328.3114286065],[7407749.5657143295,3450173.457142893],[7406903.031428613,3458834.648571465],[7401231.117142901,3469292.631428607],[7403396.802857183,3475893.9971428923],[7407315.0657143295,3468796.440000035],[7407342.897142895,3464547.917142894],[7410373.480000041,3459428.477142893],[7418574.317142896,3453658.6514286064],[7428134.828571469,3451646.44285718],[7425436.440000042,3458102.148571465],[7434028.768571466,3459745.0342857502],[7441250.88000004,3450166.791428607],[7451548.968571469,3449305.648571465],[7455438.574285753,3445912.0085714646],[7458528.302857183,3447150.368571464],[7454198.268571466,3454526.528571464],[7454634.402857184,3460286.0428571776],[7457501.47142861,3462430.4657143205],[7456737.051428609,3466055.4971428923],[7452266.334285758,3468994.2114286087],[7451596.9342857525,3473348.454285752],[7448181.585714325,3476451.3971428946],[7450083.251428612,3479972.031428609],[7449639.791428611,3484644.5342857502],[7445449.828571469,3491165.760000035],[7439335.762857184,3493102.182857178],[7437371.828571469,3497599.345714323],[7440591.960000038,3504468.114285752],[7435889.314285755,3506723.411428608],[7430937.3657143265,3504835.9628571793],[7431707.077142894,3509603.845714323],[7435629.645714328,3512727.485714324],[7430899.005714327,3521969.637142893],[7425319.708571471,3519623.528571464],[7419981.185714327,3521978.26285718],[7427334.794285752,3527719.1228571795],[7423318.851428613,3534398.9742857516],[7413126.1428571865,3543550.982857179],[7418937.674285755,3543276.482857179],[7429624.8657143265,3531400.8228571787],[7435185.3657143265,3527902.768571466],[7444055.474285752,3528417.614285752],[7449671.882857181,3525302.2742857523],[7449653.340000041,3532561.9971428923],[7453987.0200000405,3530641.2657143213],[7459767.954285756,3535148.0742857493],[7460218.960000038,3539564.217142895],[7455805.611428611,3542874.5514286086],[7451702.554285757,3541491.9200000353],[7450103.848571472,3546005.1200000383],[7458838.1657143235,3545897.8914286084],[7455894.485714324,3550708.682857178],[7444579.960000038,3552296.754285749],[7445977.894285753,3555977.382857181],[7449794.145714328,3552943.785714321],[7457823.300000042,3553825.485714324],[7465965.805714324,3559950.9714286067],[7460357.494285755,3563128.991428606],[7458335.137142897,3567903.362857178],[7452816.445714325,3573691.1285714656],[7449623.974285752,3572480.871428609],[7442991.048571467,3574575.025714323],[7446943.88000004,3577195.5571428947],[7452910.074285753,3577275.871428609],[7456409.500000037,3575634.562857181],[7460180.731428616,3582166.7828571796],[7465374.397142895,3583595.768571466],[7466454.900000043,3587031.7342857495],[7461336.33142861,3592568.4971428923],[7456679.280000038,3591301.2828571796],[7453620.811428614,3595225.6514286064],[7442069.757142901,3593193.9714286067],[7437457.5885714665,3596675.3085714653],[7432890.474285752,3593617.491428606],[7440598.182857186,3607759.105714321],[7431925.765714325,3611416.5828571804],[7428495.722857185,3616536.6971428953],[7434636.054285757,3617610.642857179],[7439205.9428571835,3620623.2714286074],[7441534.33142861,3615253.10285718],[7445557.208571471,3611455.3971428946],[7448525.554285757,3615105.6600000374],[7451978.957142897,3613790.017142892],[7457953.900000043,3614068.142857179],[7461111.625714324,3621640.828571465],[7464773.4342857525,3622521.5828571804],[7466088.3371429,3626183.2828571796],[7470604.014285758,3630106.680000037],[7463908.3657143265,3633914.0057143234],[7459452.802857183,3630153.845714323],[7460775.345714323,3640408.1571428925],[7456282.70571433,3641523.5514286086],[7452076.037142895,3644923.8171428926],[7445426.0657143295,3648256.3228571787],[7437044.431428611,3647109.6571428925],[7435802.88571433,3649403.568571467],[7447743.754285753,3651503.131428607],[7451723.9428571835,3649702.954285752],[7455938.374285758,3645546.3914286084],[7459695.83142861,3645260.0142857507],[7465774.528571472,3656717.7742857523],[7461527.251428612,3664351.177142892],[7451115.754285753,3667724.945714321],[7450606.731428616,3670316.1542857513],[7441058.728571467,3674084.8885714635],[7439186.362857185,3676520.0428571813],[7433034.145714328,3673945.865714323],[7432289.008571468,3680277.2342857495],[7423567.811428614,3680691.180000037],[7419638.357142895,3675762.691428609],[7416915.682857186,3680385.37428575],[7415734.260000043,3686620.1114286073],[7409845.857142895,3683406.1628571786],[7406575.117142901,3678780.6114286073],[7411456.311428614,3671556.488571465],[7406766.314285755,3666473.268571466],[7409268.791428611,3656510.957142893],[7398933.4342857525,3666201.642857179],[7392787.008571468,3660698.6257143207],[7396978.968571469,3654827.0828571804],[7398252.660000041,3649976.4800000377],[7401641.814285755,3646057.837142892],[7397536.302857183,3644320.8942857496],[7396102.06000004,3649245.488571465],[7387194.737142898,3661704.21428575],[7384251.734285757,3657735.3200000376],[7378527.122857183,3655528.5342857502],[7377109.5885714665,3648160.3914286084],[7373042.4885714725,3644765.5457143225],[7377031.611428611,3639877.1885714643],[7374823.620000042,3636723.0885714665],[7370328.022857182,3644335.6942857504],[7365623.405714326,3646693.217142895],[7373612.022857182,3655302.285714321],[7371399.514285758,3660200.1714286096],[7365929.622857183,3666896.642857179],[7365021.414285757,3671118.49142861],[7372297.105714329,3678893.648571465],[7371604.4885714725,3685742.065714322],[7368466.740000039,3690353.1628571786],[7362107.174285755,3693585.2457143217],[7355325.231428616,3687092.3171428926],[7355944.240000039,3673998.957142893],[7352949.74857147,3676844.8571428955],[7347573.308571473,3675770.302857179],[7336860.508571468,3667143.3542857505],[7334999.15142861,3662389.2400000356],[7327701.740000039,3659778.411428608],[7324962.620000042,3655253.800000038],[7315078.028571472,3646346.7285714634],[7314297.468571469,3643389.5742857493],[7316548.460000038,3636287.1171428934],[7314254.277142897,3634349.7342857495],[7311363.948571466,3642720.208571464],[7313561.034285754,3649410.142857179],[7320875.568571471,3655617.488571465],[7325943.24857147,3662411.191428609],[7330047.542857185,3663595.5342857502],[7332672.437142901,3666574.8885714635],[7331844.345714323,3671771.9685714655],[7327418.888571471,3670531.3857143223],[7322468.054285757,3666757.5914286077],[7318698.262857184,3660741.9228571802],[7308928.597142898,3656826.2457143217],[7308082.325714327,3659014.5742857493],[7316486.597142898,3662712.220000036],[7319151.4428571835,3666481.571428608],[7315645.094285756,3667880.9228571802],[7310217.771428615,3666160.0942857526],[7303867.954285756,3667234.068571467],[7318798.662857182,3672384.10285718],[7326898.591428615,3674538.865714323],[7328668.054285757,3679236.4285714664],[7325482.537142895,3685538.9342857525],[7320465.354285754,3689050.2485714667],[7315244.120000042,3690270.834285751],[7311537.462857187,3702716.454285752],[7307009.9771429,3700198.340000037],[7304307.137142897,3702014.631428607],[7303956.860000044,3706911.8228571787],[7298377.500000037,3710453.8571428955],[7285804.460000038,3715250.7885714658],[7281058.4771429,3714839.99142861],[7276771.914285757,3712070.708571464],[7275060.622857183,3706948.7657143213],[7271281.382857181,3705310.87428575],[7270371.56000004,3699021.0400000364],[7266999.840000041,3692326.951428607],[7264802.482857183,3695054.4628571793],[7268455.42857147,3704569.1285714656],[7264522.097142898,3708863.0171428956],[7265035.65142861,3718832.8257143237],[7267974.745714329,3721097.8485714644],[7270516.368571468,3728561.751428608],[7259837.794285752,3730864.37428575],[7254246.5200000405,3728153.405714322],[7254607.740000039,3717954.2428571805],[7247339.548571467,3710453.0485714637],[7248861.114285752,3704842.3114286065],[7249148.33142861,3696066.520000037],[7247776.954285756,3694468.1171428934],[7258090.308571473,3689692.4714286067],[7256936.974285752,3688434.7428571805],[7248008.731428608,3691797.457142893],[7245185.897142895,3694896.220000036],[7246754.600000039,3700395.648571465],[7246067.300000042,3708428.2371428944],[7243844.937142901,3716009.862857178],[7235537.237142898,3715184.951428607],[7233687.968571469,3711427.451428607],[7236676.5885714665,3699100.334285751],[7232567.92857147,3693359.685714323],[7237851.2114286125,3677334.0828571804],[7235542.722857185,3674497.3200000376],[7233544.160000041,3683897.131428607],[7230187.497142896,3691358.4714286067],[7230645.940000042,3697854.7771428935],[7222987.231428608,3705197.8171428926],[7216687.56000004,3704039.6171428934],[7211483.714285754,3693854.5085714646],[7210798.114285752,3700378.182857178],[7212474.162857182,3708785.845714323],[7205487.980000041,3716671.4257143214],[7196397.3371429,3715806.0142857507],[7191907.42285718,3711186.4971428923],[7188812.671428613,3710130.6114286073],[7184952.191428609,3696670.371428609],[7183133.6657143235,3700461.522857178],[7186002.214285754,3707794.1628571786],[7183405.888571471,3715487.3485714644],[7183850.991428614,3720921.0171428956],[7175387.500000037,3721078.9685714655],[7173632.900000043,3722430.0057143234],[7168518.905714326,3720180.0942857526],[7164872.0114286095,3711580.2457143217],[7162414.777142897,3713098.0771428943],[7164095.077142894,3719256.8114286065],[7168462.045714326,3725890.8200000376],[7159833.051428609,3726347.285714321],[7154768.045714326,3723527.2657143213],[7151862.614285752,3715588.7028571777],[7149665.948571466,3717030.6257143207],[7143930.70000004,3715257.8885714635],[7142028.094285756,3716734.368571464],[7150417.871428609,3722818.6228571795],[7153649.845714323,3727246.8428571783],[7160848.214285754,3730245.020000037],[7169058.097142898,3729329.642857179],[7170979.582857184,3732216.5342857502],[7170194.160000041,3737243.297142893],[7174754.851428613,3737551.097142894],[7176014.440000042,3742974.6600000374],[7171283.554285757,3742321.8200000376],[7166061.83142861,3738374.1542857513],[7161288.037142895,3732220.76285718],[7157809.2971429005,3733205.254285753],[7151373.740000039,3738998.177142892],[7149653.917142898,3735876.0828571804],[7143784.917142898,3737137.605714321],[7136515.888571471,3740727.9028571807],[7135191.56000004,3736976.562857181],[7120954.517142899,3730563.840000037],[7119205.580000043,3734751.0400000364],[7108140.740000039,3732691.382857181],[7103723.125714324,3734168.717142895],[7098445.031428613,3733646.977142893],[7096006.371428609,3728636.99142861],[7091867.88571433,3725926.4800000377],[7091999.354285754,3731679.985714324],[7098001.9771429,3736093.76285718],[7107881.062857181,3736847.217142895],[7113023.617142901,3742113.377142895],[7118199.10285718,3741041.222857181],[7117492.92285718,3746497.6228571795],[7103831.28285718,3747003.954285752],[7093203.260000043,3743488.031428609],[7089102.077142894,3744925.728571467],[7084125.0657143295,3743829.4657143243],[7067643.74857147,3744614.982857179],[7065748.848571472,3749151.805714324],[7075946.077142894,3748559.960000038],[7081009.874285758,3747090.8228571787],[7087353.462857187,3750013.0057143234],[7091931.048571467,3748937.2828571796],[7096805.854285754,3751453.294285752],[7097602.60285718,3757764.720000036],[7101120.394285753,3757287.917142894],[7111016.574285753,3758733.371428609],[7119892.634285755,3758597.1285714656],[7119769.577142894,3762051.382857181],[7110162.148571469,3761304.560000036],[7113410.240000039,3765247.4000000358],[7111990.9771429,3768526.2657143213],[7108252.9771429,3769979.097142894],[7107388.034285754,3773027.3857143223],[7102394.017142899,3771667.648571465],[7095384.740000039,3773581.1171428934],[7094282.260000043,3776238.6285714656],[7103648.557142898,3775526.5571428947],[7107405.057142898,3779343.208571464],[7116554.800000042,3785976.7028571814],[7103134.645714328,3789005.208571464],[7093621.182857186,3791789.0514286086],[7084581.500000037,3791611.960000038],[7077784.168571472,3781395.2742857523],[7075489.397142895,3783670.037142895],[7079948.171428613,3791272.7000000365],[7077281.480000041,3795386.0057143234],[7094173.260000043,3797930.3142857514],[7095218.722857185,3801061.631428607],[7090088.962857187,3804239.0771428943],[7081216.897142895,3800577.5142857507],[7067077.031428613,3799892.954285752],[7070998.037142895,3802619.180000037],[7080618.451428615,3803649.7057143226],[7087577.5114286095,3808515.9400000386],[7089623.034285754,3808476.1657143235],[7102910.268571466,3803990.4371428937],[7113180.191428609,3801989.300000038],[7119071.83142861,3803847.44285718],[7123066.951428615,3808422.268571466],[7128333.257142894,3808014.454285752],[7129954.354285754,3811428.7657143213],[7135522.191428609,3812588.0028571784],[7145799.460000038,3811507.6228571795],[7147165.06000004,3817517.680000037],[7145583.025714323,3823120.37428575],[7138302.33142861,3830413.728571467],[7133505.47142861,3832849.8885714673],[7125695.100000039,3834253.185714323],[7117404.88571433,3837357.185714323],[7096071.991428614,3832036.185714323],[7094052.817142896,3828447.260000035],[7088915.122857183,3826528.9257143214],[7074465.228571467,3828308.614285752],[7064904.817142896,3830749.3485714644],[7057710.240000039,3829473.0742857493],[7051604.411428615,3823676.7028571814],[7049692.771428615,3819852.191428609],[7043466.377142899,3814006.7000000365],[7040074.451428615,3812446.83142861],[7025742.057142898,3812507.6542857513],[7030320.485714324,3815165.4314286076],[7038558.097142898,3814954.5400000364],[7042368.731428608,3817107.5142857507],[7044697.768571466,3821132.7057143226],[7057159.757142894,3835670.6942857504],[7065162.494285755,3836057.097142894],[7069858.320000038,3837785.9657143243],[7072117.74857147,3844948.4000000358],[7071935.671428613,3849256.5885714665],[7074324.9771429,3856291.4742857516],[7083717.834285751,3861255.977142893],[7099673.351428613,3860325.1714286096],[7106579.3371429,3863038.4000000358],[7108582.714285754,3866144.522857178],[7105201.6571429,3870064.757142894],[7094892.757142894,3887724.8085714653],[7090508.914285757,3888607.7485714667],[7086989.4428571835,3894655.3914286084],[7074011.448571466,3904113.9257143214]]],[[[6039436.260000043,2637017.4285714626],[6042389.762857184,2644401.4342857487],[6046407.882857181,2648000.9371428937],[6044192.454285756,2655235.8142857514],[6045885.582857184,2657471.1542857513],[6046516.1657143235,2666829.4542857483],[6051133.328571469,2677746.3428571783],[6048513.577142894,2688030.8142857514],[6051163.342857182,2693078.4600000344],[6056602.631428614,2694392.208571464],[6058782.465714328,2704915.637142893],[6064070.785714328,2711757.5342857502],[6063394.920000039,2716143.140000034],[6070131.362857185,2728962.9742857516],[6075503.137142897,2731425.451428607],[6076778.800000042,2739652.6114286073],[6079006.025714323,2744516.8428571783],[6079361.417142898,2750770.9342857487],[6083638.414285757,2755945.605714321],[6084372.725714326,2761640.3514286056],[6087991.394285753,2765667.0400000364],[6086010.714285754,2773845.494285751],[6093930.371428609,2775065.0028571784],[6098714.954285756,2779853.21428575],[6095803.320000038,2784968.794285748],[6091066.368571468,2786000.294285748],[6089900.488571465,2792286.334285751],[6094536.097142898,2797951.9371428937],[6095601.822857179,2801088.2685714625],[6101323.357142895,2802623.3885714635],[6102233.697142899,2805877.5114286058],[6107628.882857181,2810723.725714322],[6112820.462857179,2813491.4371428937],[6114562.5114286095,2816252.0057143196],[6121888.497142896,2817492.7714286074],[6121867.568571471,2820865.8971428946],[6112346.1571429,2819223.748571463],[6108724.33142861,2825023.131428607],[6117349.65142861,2825466.940000035],[6123048.20000004,2822291.488571465],[6127307.717142895,2822522.022857178],[6127660.362857185,2827055.1571428925],[6120846.69428575,2826600.1142857485],[6118622.70000004,2830209.0057143196],[6109955.697142899,2835621.3542857505],[6115043.6657143235,2838460.257142894],[6111738.188571468,2846208.4228571802],[6124531.400000036,2838911.608571466],[6126990.131428614,2841059.140000034],[6123653.88000004,2844811.9742857516],[6130851.391428612,2845883.865714323],[6126060.33142861,2850102.9000000358],[6137293.125714324,2854513.1342857517],[6137828.540000036,2859402.6971428916],[6141603.10285718,2857290.2657143213],[6144008.728571467,2862117.671428606],[6137579.625714324,2861664.6971428916],[6136172.754285753,2867652.242857177],[6139578.045714326,2867086.87428575],[6140781.2114286125,2872076.677142892],[6149186.531428613,2873845.9285714626],[6153119.531428613,2870601.32571432],[6154552.340000041,2877027.517142892],[6150703.271428607,2880098.837142892],[6143960.054285757,2882088.2885714658],[6141703.074285753,2885312.340000037],[6156932.802857183,2882088.4971428923],[6160188.762857184,2878534.8514286056],[6160925.591428608,2874451.6171428934],[6165233.448571466,2874545.608571466],[6165883.411428608,2883180.0800000355],[6156505.531428613,2890196.371428609],[6158256.87428575,2892373.7685714625],[6156841.88000004,2901344.328571465],[6162943.502857186,2901998.677142892],[6166029.085714325,2899010.10285718],[6168271.860000037,2893670.1914286055],[6177967.728571467,2891763.4342857487],[6179517.0885714665,2888259.8885714635],[6184406.074285753,2889134.217142891],[6179313.828571469,2895590.794285752],[6173412.780000038,2893684.0571428947],[6166347.217142895,2898680.0371428914],[6167476.845714323,2902706.3000000343],[6165625.902857184,2911241.797142893],[6170849.294285752,2906917.340000037],[6174185.094285756,2907257.5028571784],[6177237.120000042,2910716.411428608],[6185042.565714322,2911081.491428606],[6185130.420000039,2908050.5000000373],[6190156.034285754,2906558.2114286087],[6200098.3657143265,2912148.4200000353],[6200401.791428611,2916515.7742857486],[6198334.785714328,2920506.4000000358],[6193228.691428609,2919249.3057143204],[6185605.785714328,2921368.242857177],[6178247.145714328,2926065.2885714658],[6172180.797142893,2936564.7400000356],[6175631.83142861,2941090.302857179],[6182147.777142897,2939750.8228571787],[6189518.617142893,2935524.7428571805],[6188029.862857185,2942856.948571466],[6200079.360000037,2938630.480000034],[6204611.371428609,2939818.757142894],[6210446.691428609,2936655.5800000355],[6218426.7114286125,2936459.3914286084],[6221492.120000042,2935254.988571465],[6225475.957142897,2939682.185714323],[6232379.83142861,2941763.754285749],[6235590.774285756,2946557.4628571793],[6241979.954285756,2951419.7428571805],[6247552.391428612,2951778.7828571796],[6251932.5885714665,2949319.1142857485],[6256773.545714326,2953544.8571428917],[6254817.005714327,2956668.9971428923],[6260810.514285751,2967355.828571465],[6257188.688571468,2972728.6914286055],[6258971.834285751,2975490.2428571805],[6257411.237142898,2982583.6942857504],[6255174.885714322,2985007.754285749],[6254056.868571468,2993198.7371428944],[6250247.414285757,2998583.8571428917],[6248531.508571468,3003603.4371428937],[6242151.965714328,3008989.108571466],[6236504.765714325,3009570.9000000358],[6227991.697142899,3012155.2228571773],[6225281.888571471,3011210.5114286058],[6217993.325714327,3016252.531428609],[6217036.851428613,3020145.3542857505],[6210987.042857185,3021455.8485714644],[6212942.10857147,3026607.82571432],[6207632.385714322,3033852.065714322],[6203829.4771429,3035795.6942857504],[6194018.277142897,3031646.7771428935],[6187496.811428614,3024568.3228571787],[6188968.682857186,3031576.340000037],[6182244.662857182,3038341.6457143202],[6174785.3371429,3036102.2371428944],[6171400.277142897,3044470.0742857493],[6168706.071428612,3046075.6885714643],[6164868.33142861,3040895.3828571774],[6155675.691428609,3047729.337142892],[6153949.191428609,3047314.8542857505],[6145504.351428613,3051953.3142857514],[6141470.771428607,3052264.3085714653],[6139961.10857147,3055415.4742857516],[6135567.340000041,3055995.5342857502],[6128912.414285757,3063004.7285714634],[6125706.8657143265,3062788.3200000376],[6124793.980000041,3057736.142857179],[6128460.402857184,3052861.685714323],[6128280.814285755,3049868.8942857496],[6122980.017142899,3049536.517142892],[6117437.825714327,3052999.6257143207],[6112101.280000038,3062116.457142893],[6114558.022857182,3064893.8485714644],[6121051.634285755,3064644.8000000343],[6120143.114285752,3074323.2771428935],[6124852.742857181,3068290.0457143225],[6129740.9342857525,3065289.708571464],[6140266.280000038,3061138.3885714635],[6141600.525714323,3057901.760000035],[6148111.265714325,3059949.6457143202],[6149443.56000004,3054845.8514286056],[6154070.408571467,3054952.148571465],[6158553.494285755,3052609.5428571776],[6160655.571428612,3047949.380000036],[6170619.254285753,3047189.834285751],[6176958.991428614,3040590.648571465],[6181513.185714327,3041050.9600000344],[6188912.982857183,3036762.368571464],[6194464.557142898,3037612.0428571776],[6208484.625714324,3036638.491428606],[6211364.242857181,3034610.2285714634],[6216325.674285755,3035573.0914286077],[6222136.631428614,3031184.6257143207],[6226104.705714323,3026478.525714323],[6235269.522857182,3024888.302857179],[6241723.754285753,3022459.5371428914],[6243791.508571468,3017387.562857177],[6250484.3657143265,3012426.982857179],[6257872.662857182,3013530.5114286058],[6255211.37428575,3018139.142857179],[6266861.9428571835,3024057.637142893],[6279149.691428609,3024846.525714323],[6282499.285714328,3026745.8828571774],[6284128.557142898,3037129.260000035],[6289905.8371429,3047166.951428607],[6283505.522857182,3056416.32571432],[6283467.74857147,3061823.751428608],[6289109.820000038,3062803.1200000346],[6292866.260000043,3059388.9971428923],[6297133.780000038,3058888.257142894],[6294320.171428613,3073892.0057143234],[6290630.92857147,3081065.371428609],[6285468.614285752,3079216.3228571787],[6283782.214285754,3081808.5142857507],[6289562.268571466,3084205.802857179],[6297739.597142898,3082142.6285714656],[6297946.900000043,3077899.2800000347],[6309940.360000037,3069814.8885714635],[6317833.080000043,3072356.3200000376],[6322030.968571469,3066076.994285751],[6331674.891428612,3065045.8600000367],[6329166.354285754,3071310.994285751],[6333686.311428614,3072092.371428609],[6337023.311428614,3069776.2428571805],[6347732.202857181,3067601.2828571796],[6355914.557142898,3072869.757142894],[6361999.19428575,3078337.7771428935],[6359522.9771429,3081217.1971428916],[6367941.994285755,3082675.3971428946],[6369764.24857147,3086067.7828571796],[6374661.3371429,3089360.637142893],[6379685.771428607,3090992.208571464],[6380932.482857183,3095199.9200000353],[6379400.362857185,3098464.32571432],[6381166.994285755,3103287.191428609],[6385404.094285756,3107307.4257143214],[6387822.680000037,3112032.0571428947],[6386777.377142899,3117270.8885714635],[6388563.045714326,3125871.3857143223],[6394970.74857147,3129302.028571464],[6396072.88000004,3132303.3914286084],[6400378.057142898,3134089.565714322],[6399916.385714322,3137600.560000036],[6403244.017142899,3149655.334285751],[6411007.717142895,3155245.8171428926],[6409929.777142897,3158665.0457143225],[6414978.5200000405,3174863.0800000355],[6420339.642857179,3178063.977142893],[6419504.871428609,3184811.268571466],[6423260.180000037,3188258.5342857502],[6421569.914285757,3191665.8971428946],[6424672.637142897,3197757.5028571784],[6417258.014285751,3208122.182857178],[6409592.017142899,3210016.9714286067],[6394994.362857185,3212150.362857178],[6370804.28285718,3209199.951428607],[6361096.660000041,3208837.522857178],[6349019.951428615,3210187.837142892],[6347332.06000004,3211835.957142893],[6327953.0200000405,3211683.020000037],[6323208.128571466,3217874.177142892],[6321251.111428611,3224339.3857143223],[6313452.600000039,3229070.1342857517],[6308883.634285755,3236839.5400000364],[6309034.308571465,3240829.9685714655],[6302793.931428611,3244590.8142857514],[6299800.917142898,3250614.5085714646],[6291478.305714324,3255782.5914286077],[6282146.314285755,3262795.6200000346],[6277820.420000039,3263371.331428606],[6275802.2114286125,3268859.371428609],[6281028.245714322,3271777.571428608],[6287950.508571468,3269114.4742857516],[6290900.460000038,3265690.065714322],[6293766.1571429,3276193.6971428916],[6298669.002857186,3276374.488571465],[6304684.897142895,3271492.340000037],[6311291.322857179,3268231.065714322],[6325667.077142894,3253960.87428575],[6331612.42285718,3251059.594285749],[6335190.617142893,3252904.6342857517],[6342212.105714329,3249309.528571464],[6337107.877142899,3247379.528571464],[6342609.445714325,3243234.594285749],[6354424.025714323,3236598.768571466],[6358390.031428613,3230490.065714322],[6362670.091428608,3226974.0514286086],[6364398.92857147,3222176.10285718],[6369586.017142899,3220648.8257143237],[6374087.845714323,3216269.837142892],[6380350.708571471,3214650.4742857516],[6394318.531428613,3216049.380000036],[6403080.728571467,3216284.1971428916],[6410437.97142861,3220392.8971428946],[6413396.251428612,3225727.7057143226],[6414056.948571466,3230640.1257143207],[6418018.228571467,3234041.191428609],[6419433.774285756,3239114.642857179],[6431122.400000043,3249034.105714321],[6431271.754285753,3253058.637142893],[6437785.42285718,3258069.9714286067],[6440589.557142898,3268624.6942857504],[6439636.2114286125,3274408.6514286064],[6441212.725714326,3281670.840000037],[6443379.620000042,3281310.7000000365],[6448190.860000037,3285542.9200000353],[6449893.868571468,3290578.174285751],[6459458.145714328,3297638.7800000347],[6457241.5885714665,3304769.568571463],[6461663.848571472,3311530.0114286095],[6460374.571428612,3315597.4314286076],[6453951.128571466,3316335.6342857517],[6452052.777142897,3318731.0085714646],[6446845.70000004,3320279.300000038],[6441337.674285755,3323582.531428609],[6429606.800000042,3324767.6114286073],[6420363.277142897,3337332.022857178],[6421923.094285756,3348845.180000037],[6428067.78285718,3346819.148571465],[6429860.751428612,3350896.8057143204],[6436048.817142896,3348247.8828571774],[6445955.65142861,3348812.7342857495],[6450089.33142861,3347100.114285752],[6458160.022857182,3350367.6600000374],[6460212.828571469,3348769.637142893],[6467585.780000038,3353339.1285714656],[6469994.640000038,3356465.3085714653],[6475815.191428609,3359298.1285714656],[6482229.842857182,3349892.8514286093],[6483156.988571465,3344085.148571465],[6487513.8657143265,3327789.840000037],[6491844.931428611,3326608.142857179],[6494864.117142893,3329177.5857143216],[6498327.20000004,3328017.6514286064],[6502254.480000041,3323600.908571463],[6504790.140000038,3326638.7400000356],[6509457.031428613,3322886.3857143223],[6513270.031428613,3321939.477142893],[6515304.1571429,3324349.2371428944],[6519970.497142896,3322250.908571463],[6523970.777142897,3318198.017142892],[6528112.068571471,3319604.797142893],[6527054.92857147,3325070.482857179],[6518094.028571472,3333944.5000000373],[6514280.982857183,3336535.4000000358],[6519267.071428612,3344395.405714322],[6523785.597142898,3339420.87428575],[6525984.525714323,3332582.300000038],[6534699.431428611,3335818.0885714665],[6536924.862857185,3330999.6628571786],[6542128.622857183,3328409.2800000347],[6545019.245714329,3324634.365714323],[6552158.162857182,3325228.55428575],[6552011.265714325,3320258.757142894],[6557526.408571467,3324654.5085714646],[6557347.1657143235,3328553.071428608],[6548776.245714329,3338046.6257143207],[6546305.92285718,3348518.977142893],[6544559.634285755,3352414.6942857504],[6536178.925714329,3361054.8571428917],[6531894.92285718,3363495.7714286074],[6531140.145714328,3369184.828571465],[6532017.517142899,3376034.940000035],[6520946.137142897,3377335.691428609],[6518423.028571472,3378715.608571466],[6523170.948571466,3384445.76285718],[6522287.860000037,3386009.1457143202],[6517047.768571466,3385628.7114286087],[6512674.145714328,3391633.3600000367],[6506629.954285756,3394844.8857143223],[6509498.891428612,3400540.517142892],[6503742.762857184,3402507.345714323],[6496625.708571471,3400488.3542857505],[6496908.671428613,3394449.0914286077],[6490759.968571469,3388189.268571466],[6484668.368571468,3390276.76285718],[6489451.42285718,3401776.1885714643],[6494350.628571466,3401883.071428608],[6501086.628571466,3404438.482857179],[6510062.134285755,3405994.3971428946],[6514616.825714327,3401651.8542857505],[6518280.505714327,3394691.0085714646],[6515797.357142895,3392616.757142894],[6517807.254285753,3387589.6885714643],[6524016.505714327,3386791.977142893],[6524797.305714324,3386037.605714321],[6522322.7885714695,3382534.2114286087],[6524530.582857184,3378881.062857181],[6531769.83142861,3378037.562857181],[6535387.591428608,3386452.6257143207],[6539319.4342857525,3379996.191428609],[6536916.4428571835,3378410.597142894],[6538410.057142898,3369552.294285752],[6540819.631428614,3365849.148571465],[6546302.857142895,3362733.368571464],[6553312.648571469,3361236.3828571774],[6555623.334285751,3356258.5571428947],[6561772.648571469,3349960.1228571795],[6558556.185714327,3348425.642857179],[6560731.637142897,3342309.10285718],[6569376.642857179,3345386.137142893],[6578560.005714327,3355869.6571428925],[6582265.0885714665,3361588.140000038],[6581592.731428608,3368035.0771428943],[6586568.38000004,3370667.254285749],[6594516.891428612,3370542.708571464],[6599009.294285752,3372816.260000035],[6599350.691428609,3379517.568571463],[6603352.717142895,3383135.8971428946],[6603214.454285756,3386626.945714321],[6607866.548571467,3391205.414285749],[6615105.465714328,3389766.21428575],[6613146.9771429,3397765.3542857505],[6615329.242857181,3401859.871428609],[6617091.842857182,3409525.37428575],[6616456.614285752,3412785.605714321],[6620256.982857183,3419929.137142893],[6625018.394285753,3423496.0114286095],[6628590.320000038,3420867.9314286076],[6634107.97142861,3426533.108571466],[6638720.7971429005,3425623.8571428917],[6639193.0885714665,3438331.017142892],[6640430.617142893,3445033.21428575],[6638668.154285751,3459384.408571467],[6641284.7885714695,3477366.371428609],[6636423.822857186,3483944.720000036],[6632946.794285752,3486548.0914286077],[6631813.888571471,3490233.345714323],[6622590.611428611,3495389.7714286074],[6619715.682857186,3500863.977142893],[6614153.622857183,3505101.9971428923],[6610768.631428614,3506058.8428571783],[6609573.662857182,3509947.4028571807],[6605746.888571471,3510736.794285752],[6603627.497142896,3514517.7485714667],[6597507.92857147,3519266.8485714644],[6595594.7114286125,3525442.5428571776],[6592190.674285755,3529079.5771428943],[6594455.208571471,3533218.0885714665],[6593506.154285751,3539292.191428609],[6584449.260000043,3543599.3942857496],[6584869.320000038,3557237.254285749],[6579214.111428611,3556763.1514286064],[6577716.525714323,3561073.114285752],[6588044.811428614,3564489.7371428944],[6590758.160000041,3561617.5857143216],[6593826.660000041,3565146.7771428935],[6588267.905714326,3568801.9285714664],[6579587.031428613,3566175.1971428953],[6574044.625714324,3570080.8600000367],[6567907.745714329,3568569.2114286087],[6566485.620000042,3573231.8942857496],[6572799.208571471,3573839.7457143217],[6572047.0200000405,3576677.222857181],[6566076.237142898,3579671.865714323],[6567051.557142898,3581766.3857143223],[6573472.914285757,3578142.791428607],[6581602.845714323,3576803.840000037],[6584204.734285757,3581550.4714286067],[6578112.388571471,3589227.7771428935],[6570771.085714325,3592692.485714324],[6562680.120000042,3590719.5057143234],[6560907.617142893,3600054.105714321],[6562175.137142897,3607506.725714322],[6564749.268571466,3607080.457142893],[6567824.502857186,3602886.940000035],[6572147.148571469,3603402.7114286087],[6577765.825714327,3606344.608571466],[6579096.497142896,3611097.8571428955],[6574778.071428612,3617572.3571428955],[6571898.242857181,3619474.4657143205],[6573166.408571467,3625782.674285751],[6577925.565714322,3616895.5428571813],[6584550.785714328,3615538.6600000374],[6588024.774285756,3605968.991428606],[6588177.728571467,3600852.9285714664],[6585911.245714329,3593094.448571466],[6581080.160000041,3596420.365714323],[6578551.654285751,3588775.600000035],[6584388.83142861,3584309.754285749],[6588406.482857183,3583492.9257143214],[6591940.768571466,3576789.1257143207],[6595661.000000037,3576927.7400000356],[6600083.951428615,3580473.2457143217],[6599818.2885714695,3585482.4028571807],[6601478.420000039,3588124.868571464],[6606700.197142899,3587199.614285752],[6607805.397142895,3589735.268571466],[6615029.2114286125,3596844.182857178],[6618417.371428609,3602876.6571428925],[6618228.542857185,3607413.460000038],[6615955.391428612,3614777.3228571787],[6617162.0114286095,3617461.1685714647],[6611867.674285755,3625423.522857178],[6609592.391428612,3626956.4257143214],[6604938.940000042,3625254.5085714646],[6599283.340000041,3628570.0171428956],[6589689.294285752,3628257.068571467],[6596649.0885714665,3634722.2000000365],[6600945.488571465,3640148.21428575],[6602223.645714328,3647735.477142893],[6607433.937142894,3651532.528571464],[6607714.328571469,3654843.7371428944],[6605652.925714329,3661263.028571464],[6602584.631428614,3663160.417142894],[6598502.271428615,3661953.9742857516],[6590831.377142899,3667222.097142894],[6587488.7114286125,3665991.1971428953],[6577893.840000041,3665925.5885714665],[6577786.948571466,3662599.8114286065],[6572201.9771429,3660443.208571464],[6568849.577142894,3661715.828571465],[6573189.545714326,3667314.9200000353],[6571431.022857182,3669926.674285751],[6565102.531428613,3674357.674285751],[6565612.334285751,3678605.7314286083],[6561200.891428612,3680898.7314286083],[6550449.631428614,3684468.4742857516],[6554167.131428614,3692286.9000000358],[6551028.640000038,3694811.5142857507],[6552986.188571468,3697759.6971428953],[6549730.251428612,3703425.8942857496],[6550044.474285752,3707342.1714286096],[6540290.745714329,3705780.571428608],[6535194.594285756,3706735.6685714647],[6529426.617142893,3704847.4000000358],[6522946.722857185,3705618.4200000353],[6521528.20000004,3702312.260000035],[6513246.2971429005,3701949.631428607],[6502750.397142895,3705764.0885714665],[6493368.094285756,3707796.560000036],[6490876.045714326,3712974.5514286086],[6482398.951428615,3716247.945714321],[6473517.582857184,3716621.7342857495],[6468118.128571466,3712887.0800000355],[6457826.354285754,3708271.2714286074],[6454768.208571471,3705216.1514286064],[6442722.308571465,3712013.5571428947],[6436104.891428612,3711416.680000037],[6435817.177142896,3707510.108571466],[6443069.577142894,3709289.1514286064],[6440471.834285751,3702534.865714323],[6442825.65142861,3698655.2657143213],[6439897.305714324,3693927.717142895],[6439487.671428613,3689050.9714286067],[6445604.114285752,3682126.3942857496],[6442466.068571471,3680496.9371428937],[6441148.914285757,3675550.797142893],[6443471.460000038,3667320.451428607],[6444162.751428612,3660648.3171428926],[6447363.374285758,3654956.8085714653],[6444450.505714327,3654320.4685714655],[6446546.542857185,3647649.1657143235],[6452578.208571471,3640345.297142893],[6453900.968571469,3635880.7400000356],[6462362.800000042,3633231.8542857505],[6466503.982857183,3634656.6657143235],[6471405.242857181,3629809.440000035],[6475870.525714323,3631228.2885714658],[6476246.15142861,3625647.0085714646],[6471012.562857181,3623103.637142893],[6470499.074285753,3619633.7114286087],[6475218.888571471,3618762.2457143217],[6474967.037142895,3615562.7657143213],[6464727.394285753,3617040.7800000384],[6468546.548571467,3608115.8914286084],[6461837.040000036,3606889.7828571796],[6462958.400000043,3601853.457142893],[6468944.222857185,3600565.148571465],[6474566.177142896,3603106.3971428946],[6480225.925714329,3597641.068571467],[6478832.534285754,3594174.482857179],[6471593.4428571835,3595508.562857181],[6465128.580000043,3593953.2000000365],[6458946.300000042,3594273.8228571787],[6453278.351428613,3596323.408571467],[6448770.528571472,3589736.3942857496],[6445760.982857183,3590957.065714322],[6442898.214285754,3578339.7342857495],[6443502.420000039,3571160.2657143213],[6445498.271428607,3563350.520000037],[6444554.908571467,3558106.6114286073],[6445956.188571468,3554198.865714323],[6444372.300000042,3550137.9342857525],[6444300.054285757,3543169.0342857502],[6441921.420000039,3535578.954285752],[6441434.005714327,3520778.0000000373],[6442754.182857186,3516585.905714322],[6440721.771428607,3511570.911428608],[6435405.468571469,3507045.2000000365],[6432105.840000041,3499376.37428575],[6429611.085714325,3497188.568571463],[6423664.600000039,3484734.2742857523],[6420278.6657143235,3473791.7285714634],[6424436.762857184,3463415.3885714635],[6422827.745714322,3459799.2314286083],[6423798.702857181,3448808.0914286077],[6421840.137142897,3446529.76285718],[6423889.871428609,3439209.142857179],[6416844.117142893,3439666.448571466],[6412924.688571468,3444648.491428606],[6408430.617142893,3442970.751428608],[6407468.371428609,3439171.525714323],[6400062.591428608,3433266.031428609],[6403817.351428613,3430691.020000037],[6404427.397142895,3426737.180000037],[6401447.220000036,3425304.1942857504],[6401265.014285751,3421121.097142894],[6395018.42857147,3421892.6200000346],[6395031.862857185,3416377.2657143213],[6391647.517142899,3416981.648571465],[6388417.785714328,3421514.185714323],[6389593.222857185,3425738.4285714664],[6384825.431428611,3429170.365714323],[6383462.014285751,3436079.8828571774],[6380080.231428608,3437162.725714322],[6375206.3657143265,3445550.9000000358],[6370860.502857186,3449905.182857178],[6363354.634285755,3461221.5085714646],[6354253.654285751,3468025.905714322],[6354161.462857179,3474482.2800000347],[6351334.017142899,3476309.720000036],[6341205.265714325,3500751.1342857517],[6345237.571428612,3513878.494285751],[6345130.728571467,3519428.488571465],[6339747.722857185,3532943.954285752],[6347686.417142898,3541170.0142857507],[6348669.400000043,3534849.954285752],[6348025.077142894,3530371.2400000356],[6359149.931428611,3526865.180000037],[6361909.845714323,3530430.605714321],[6363521.15142861,3538357.877142895],[6363372.214285754,3547420.208571464],[6355432.06000004,3567798.917142894],[6356421.717142895,3574692.5457143225],[6354901.097142898,3582454.8428571783],[6349816.014285751,3591676.4285714664],[6342027.842857182,3602709.3142857514],[6331806.022857182,3609788.2400000356],[6319754.925714329,3620318.4285714664],[6316196.5114286095,3626063.6114286073],[6312002.054285757,3635803.9742857516],[6305609.494285755,3639301.0000000373],[6300102.328571469,3637788.345714323],[6295938.460000038,3633446.108571466],[6295681.9428571835,3629847.377142895],[6291732.225714326,3619958.871428609],[6286838.231428608,3615165.0400000364],[6282409.094285756,3603513.0028571784],[6284262.414285757,3590923.4742857516],[6286075.468571469,3588605.382857181],[6284707.754285753,3576886.5114286095],[6280827.134285755,3575690.148571465],[6276329.217142895,3567212.3542857505],[6277535.634285755,3560083.300000038],[6280880.565714322,3557704.6971428953],[6278302.062857181,3552579.457142893],[6279078.040000036,3549290.251428608],[6275253.225714326,3547987.0142857507],[6275618.028571472,3541170.7800000347],[6272349.317142896,3534636.8114286065],[6269594.871428609,3532685.0828571804],[6270977.502857186,3526937.022857178],[6266231.2885714695,3525424.8942857496],[6262063.142857179,3532734.0085714646],[6263035.662857182,3540356.368571464],[6253487.740000039,3544147.1257143207],[6250691.460000038,3547906.37428575],[6255173.42857147,3554618.8200000376],[6253692.557142898,3559450.597142894],[6255394.568571471,3563693.94285718],[6253607.688571468,3568512.768571466],[6255158.317142896,3573868.9200000353],[6252961.908571467,3579316.682857178],[6255983.1657143235,3584933.717142895],[6255147.791428611,3596562.9657143205],[6250429.551428609,3599619.0057143234],[6251230.305714324,3602985.6571428925],[6249223.308571465,3607218.6257143207],[6246164.220000036,3607089.097142894],[6247313.397142895,3616527.9628571793],[6237548.040000036,3624986.0800000355],[6228777.702857181,3634435.405714322],[6227438.148571469,3638843.720000036],[6233851.454285756,3643119.108571466],[6231610.7114286125,3636518.4342857525],[6238275.542857185,3634360.6342857517],[6240637.762857184,3635261.4000000358],[6239739.654285751,3643546.682857178],[6242489.397142895,3648307.0571428947],[6248051.740000039,3653050.914285749],[6252237.065714322,3654335.37428575],[6255559.0114286095,3660649.4628571793],[6248749.737142898,3665421.5457143225],[6244812.040000036,3666946.300000038],[6241118.125714324,3660032.800000038],[6233033.085714325,3664962.8971428946],[6227468.24857147,3663295.9000000358],[6226114.882857181,3667748.948571466],[6222774.88000004,3669719.800000038],[6224539.068571471,3673741.805714324],[6222531.56000004,3678492.4314286076],[6216054.071428612,3678824.797142893],[6211619.131428614,3674995.525714323],[6210752.960000038,3668981.8914286084],[6205987.191428609,3667073.2485714667],[6203096.731428608,3661875.2714286074],[6197489.451428607,3663429.2657143213],[6189437.960000038,3669446.028571464],[6185961.300000042,3673600.2657143213],[6186898.900000036,3678016.457142893],[6182645.8371429,3678404.3514286093],[6177035.4771429,3683307.568571467],[6171224.785714328,3681080.994285751],[6170033.0200000405,3688466.640000038],[6174425.7114286125,3695094.377142895],[6180644.465714328,3698002.677142892],[6184981.025714323,3702192.222857181],[6189032.391428612,3709532.631428607],[6197143.877142899,3717750.185714323],[6196035.168571465,3722109.062857181],[6188710.65142861,3726360.8857143223],[6178444.728571467,3724564.217142895],[6179272.517142899,3730692.8942857496],[6182399.637142897,3735959.297142893],[6185540.425714321,3737949.060000036],[6191151.080000043,3734067.0742857493],[6193300.062857181,3729952.26285718],[6197610.022857182,3729032.914285749],[6213313.171428613,3732527.908571467],[6212539.425714321,3736918.328571465],[6206877.342857182,3743229.800000038],[6205514.10285718,3755544.862857178],[6199484.5885714665,3756109.454285752],[6198650.69428575,3749999.105714321],[6194057.742857181,3752773.637142893],[6193931.071428612,3762206.3171428926],[6190893.668571465,3767715.560000036],[6187477.594285756,3769422.8514286093],[6186125.65142861,3779144.217142895],[6189787.131428614,3781074.26285718],[6180613.465714328,3788414.882857181],[6171813.014285751,3791201.6114286073],[6172729.754285753,3794016.8914286084],[6171110.305714324,3800850.9285714664],[6167849.4771429,3804508.9257143214],[6161439.220000036,3806103.5171428956],[6164376.734285757,3811362.2485714667],[6163213.945714325,3814502.3085714653],[6163713.048571467,3822919.954285752],[6165353.968571469,3830412.2400000356],[6164199.345714323,3833372.682857178],[6165714.531428613,3842863.5828571804],[6162593.628571466,3850029.960000038],[6162099.977142893,3863026.0342857502],[6156198.191428609,3866546.917142894],[6154321.594285756,3875130.7342857495],[6146031.540000036,3883883.568571467],[6139632.951428607,3888517.26285718],[6137720.65142861,3893371.3200000376],[6133965.022857182,3897268.9800000377],[6138236.508571468,3904118.954285752],[6138194.242857181,3908155.9371428937],[6135072.477142893,3910187.1171428934],[6130416.142857179,3906964.4971428923],[6122005.965714328,3913382.408571467],[6119112.8371429,3908069.4314286076],[6114246.040000036,3902446.257142894],[6113963.74857147,3908600.6200000383],[6116021.808571465,3914359.26285718],[6111277.122857183,3916168.0914286077],[6115057.3371429,3928081.408571467],[6110316.528571472,3935431.760000035],[6104888.860000037,3935745.4657143243],[6088547.134285755,3932040.6171428934],[6085221.47142861,3915801.674285751],[6083166.20000004,3910769.7742857523],[6084476.220000036,3908036.951428607],[6077647.985714324,3908200.380000036],[6070828.9342857525,3902132.800000038],[6068965.357142895,3898125.7028571814],[6063547.834285751,3897395.5914286077],[6060292.251428612,3891371.5942857526],[6063024.965714328,3884596.8142857514],[6073886.625714324,3881763.525714323],[6072089.277142897,3874306.985714324],[6075613.722857185,3870370.6600000374],[6073358.914285757,3863525.3857143223],[6067976.300000042,3859705.800000038],[6062684.254285753,3865521.445714321],[6060206.825714327,3873433.037142895],[6055012.262857184,3875153.905714322],[6049957.620000042,3872584.6885714643],[6046556.522857182,3862187.5514286086],[6043062.888571471,3862545.022857178],[6038826.42857147,3859390.800000038],[6040576.3371429,3856177.7400000356],[6040547.237142898,3848703.105714321],[6035662.677142896,3845136.297142893],[6036515.040000036,3842157.717142895],[6040906.06000004,3836993.225714322],[6037790.085714325,3835080.3428571783],[6034182.777142897,3819911.571428608],[6031614.328571469,3815193.3257143237],[6031278.857142895,3807007.914285753],[6036280.805714324,3802354.9628571793],[6038856.557142898,3794447.5400000364],[6045312.56000004,3787830.608571466],[6049450.811428614,3785581.105714321],[6042232.005714327,3782960.3942857496],[6039113.10285718,3775362.757142894],[6037765.637142897,3766186.9742857516],[6032827.4342857525,3765004.708571464],[6029151.20000004,3757942.1600000374],[6027801.485714324,3748273.8885714635],[6029321.56000004,3731971.26285718],[6035720.545714326,3719750.345714323],[6043915.385714322,3714914.954285752],[6043421.191428609,3710557.0000000373],[6038805.1657143235,3705958.717142895],[6042533.9428571835,3703831.531428609],[6046875.20000004,3697413.9800000377],[6054993.488571465,3697301.0828571804],[6067072.485714324,3684859.2028571777],[6080912.914285757,3676667.7371428944],[6083287.92857147,3673685.1657143235],[6088613.662857182,3670766.3857143223],[6092258.682857186,3675104.1628571786],[6090040.254285753,3681912.6542857513],[6096105.254285753,3682738.0085714646],[6098750.360000037,3677273.1257143207],[6100384.368571468,3670043.8942857496],[6105185.062857181,3663035.0000000373],[6107741.531428613,3657071.8885714635],[6121983.000000037,3655694.940000035],[6127933.505714327,3660087.257142894],[6130532.811428614,3664598.7371428944],[6134623.397142895,3666398.49142861],[6139461.322857179,3662358.365714323],[6139511.637142897,3656656.9714286067],[6136016.000000037,3649926.9342857525],[6137284.268571466,3646266.0485714637],[6139478.514285751,3646359.105714321],[6141826.642857179,3648781.4257143214],[6146069.997142896,3650491.5457143225],[6150229.205714323,3653926.908571467],[6165470.377142899,3650122.800000038],[6156759.60857147,3636857.637142893],[6156695.974285752,3633515.71428575],[6152814.351428613,3617778.76285718],[6147752.377142899,3617132.2314286083],[6151104.911428608,3623904.365714323],[6147052.585714325,3625033.2771428935],[6146063.517142899,3629483.382857181],[6147699.800000042,3635460.060000036],[6146479.885714322,3639817.414285749],[6148410.642857179,3650325.0857143216],[6144349.9342857525,3649720.305714324],[6140720.900000036,3646234.7800000384],[6138923.502857186,3642351.5771428943],[6135790.242857181,3641022.251428608],[6132661.88000004,3635324.3857143223],[6127737.960000038,3629618.9200000353],[6123411.045714326,3627493.408571467],[6123353.668571465,3636808.5400000364],[6126942.797142893,3642449.640000038],[6131545.197142899,3646466.8914286084],[6134596.0200000405,3652155.562857181],[6131323.774285756,3653490.3085714653],[6123892.297142893,3645479.537142895],[6119494.542857185,3647908.025714323],[6109813.348571464,3645096.340000037],[6107429.542857185,3641056.8171428926],[6108586.100000039,3637973.1257143207],[6106149.585714325,3626731.4628571793],[6109074.057142898,3622688.560000036],[6116360.822857179,3623885.2000000365],[6111102.094285756,3618070.0914286077],[6109788.817142896,3612512.017142892],[6105244.925714321,3613032.3914286084],[6100890.014285751,3603434.1942857504],[6098228.171428613,3606325.7771428935],[6095368.19428575,3603025.60285718],[6095390.142857179,3593601.0914286077],[6093061.06000004,3584416.637142893],[6098932.005714327,3581224.6628571786],[6100448.757142894,3578867.1257143207],[6106211.077142894,3582854.208571464],[6107998.591428608,3580992.9371428937],[6114249.617142893,3584027.805714324],[6115095.405714326,3586399.037142895],[6120521.800000042,3591025.44285718],[6118605.888571471,3593612.9257143214],[6115068.897142895,3591547.5857143216],[6114310.977142893,3597233.800000038],[6118707.985714324,3602466.631428607],[6123447.031428613,3604523.7714286074],[6131026.142857179,3605699.994285751],[6131431.828571469,3594676.645714324],[6133509.417142898,3592119.2428571805],[6127488.4428571835,3573625.285714321],[6126937.60285718,3567427.8914286084],[6130841.911428608,3568170.5400000364],[6134945.494285755,3564649.2028571777],[6129866.240000039,3556544.4800000377],[6126267.594285756,3556173.2314286083],[6123528.051428609,3552899.1571428925],[6115099.517142899,3549907.568571467],[6110585.168571465,3545300.2714286074],[6106883.125714324,3539663.7285714634],[6107921.680000037,3530348.2885714658],[6092434.982857183,3518145.071428608],[6087427.868571468,3513229.6600000374],[6084076.811428614,3506629.6657143235],[6079795.708571471,3504807.268571466],[6073657.854285754,3506440.485714324],[6069991.631428614,3511887.6200000383],[6066108.5885714665,3508509.7371428944],[6062849.642857179,3510114.1600000374],[6055394.051428609,3509473.5085714646],[6056755.217142895,3504285.182857178],[6053059.148571469,3497815.337142892],[6051596.451428607,3492618.05428575],[6052061.057142898,3487988.565714322],[6048860.717142895,3481298.037142895],[6043137.751428612,3475875.260000035],[6043374.465714328,3471416.2000000365],[6048183.908571467,3468483.8228571787],[6048553.231428608,3465638.174285751],[6052836.1571429,3463520.708571464],[6053308.197142899,3460687.025714323],[6057353.045714326,3455243.254285749],[6058370.1657143235,3449879.6628571786],[6054134.391428612,3444667.914285749],[6057165.580000043,3431092.182857178],[6063311.462857179,3425780.114285752],[6058945.948571466,3422648.2800000347],[6059553.648571469,3419337.340000037],[6055064.265714325,3412230.7800000347],[6051759.014285751,3412774.1885714643],[6046462.1571429,3419182.791428607],[6043969.202857181,3416990.8914286084],[6038153.582857184,3416106.191428609],[6038529.3657143265,3419179.408571467],[6047271.882857181,3430022.071428608],[6047437.882857181,3435887.0142857507],[6042244.168571465,3431085.9371428937],[6036993.014285751,3431537.0571428947],[6034191.514285751,3428671.531428609],[6022878.414285757,3420256.3971428946],[6020994.614285752,3424632.4657143205],[6017589.828571469,3426832.7885714658],[6025876.625714324,3443033.3857143223],[6019456.134285755,3443120.648571465],[6018543.4428571835,3445606.608571466],[6013277.8657143265,3446110.5085714646],[6009326.968571469,3455186.060000036],[6020251.0885714665,3464910.940000035],[6023623.925714321,3463260.8542857505],[6024970.302857183,3471703.800000038],[6023211.957142897,3478644.8057143204],[6023096.914285757,3483926.871428609],[6025778.625714324,3492079.708571464],[6028173.451428607,3503166.2400000356],[6033208.997142896,3516294.2028571777],[6031595.980000041,3519136.0800000355],[6032047.302857183,3523883.614285752],[6035333.228571467,3527497.1971428953],[6037135.3371429,3532288.2714286074],[6021780.454285756,3526210.9971428923],[6016381.625714324,3522082.837142892],[6011231.354285754,3512700.0571428947],[6006148.10285718,3508332.065714322],[6001858.314285755,3510188.560000036],[6002375.797142893,3515303.2714286074],[6010314.60285718,3519936.9800000377],[6014898.55428575,3527560.5057143234],[6016711.87428575,3534325.4228571802],[6015388.531428613,3536463.180000037],[6009392.905714326,3531399.2742857523],[6007587.197142899,3536506.377142895],[5998084.900000036,3533444.5800000355],[5992298.580000035,3539388.717142895],[5995922.174285755,3542804.4285714664],[5989086.160000041,3550831.7800000347],[5987813.840000041,3557578.614285752],[5983868.70000004,3561754.945714321],[5962930.762857184,3567978.5085714646],[5957573.162857182,3566818.9228571802],[5961469.797142893,3555424.2285714634],[5957755.42857147,3548197.362857178],[5955002.131428614,3550757.037142895],[5947995.048571467,3545363.5428571776],[5945217.280000038,3547061.380000036],[5941988.55428575,3552304.7314286083],[5937929.842857182,3552776.1542857513],[5936268.802857183,3548856.1971428953],[5931726.754285753,3554978.2742857523],[5928075.485714324,3553519.300000038],[5928917.28285718,3549432.8914286084],[5937471.854285754,3534307.3085714653],[5941463.417142898,3531296.0942857526],[5941565.965714328,3524521.834285751],[5938481.225714326,3522937.8114286065],[5935874.334285751,3526659.6971428953],[5936763.285714328,3531876.2428571805],[5934901.6571429,3533310.6571428925],[5931087.454285756,3528465.5914286077],[5934608.88000004,3521909.2371428944],[5935783.402857184,3515047.0828571804],[5943273.017142899,3502121.600000035],[5942793.474285752,3498812.1971428953],[5946116.620000042,3493371.9628571793],[5948438.528571464,3494653.185714323],[5948847.862857185,3502752.8485714644],[5959376.254285753,3507639.3485714644],[5965202.485714324,3508556.562857181],[5973494.485714324,3500168.0828571804],[5976254.334285751,3495081.0028571784],[5979320.002857178,3495445.494285751],[5985014.085714325,3491367.1571428925],[5986218.122857183,3483214.9800000377],[5981742.797142893,3478789.985714324],[5985177.240000039,3476744.3885714635],[5982005.37428575,3471260.9200000353],[5979100.38000004,3471941.791428607],[5974484.431428611,3467730.9800000377],[5966308.265714325,3465695.1228571795],[5963446.517142899,3470238.5428571776],[5959463.962857179,3470995.571428608],[5956157.597142898,3476796.4257143214],[5950511.182857186,3479039.185714323],[5950304.105714321,3483530.8228571787],[5944760.802857183,3487012.0114286095],[5942404.405714326,3497459.7114286087],[5942254.048571467,3502248.9314286076],[5938608.948571466,3508632.1657143235],[5933085.454285756,3515926.9971428923],[5931450.280000038,3520756.380000036],[5923841.642857179,3521458.8885714635],[5922117.500000037,3518228.865714323],[5922552.022857182,3510755.405714322],[5928493.080000035,3498892.4685714655],[5932849.500000037,3498732.760000035],[5935760.4342857525,3489886.685714323],[5923975.914285757,3489516.531428609],[5922783.848571464,3492672.0571428947],[5916509.134285755,3485866.7828571796],[5912144.357142895,3486628.6285714656],[5911217.702857181,3482129.800000038],[5906797.817142896,3485937.060000036],[5898332.640000038,3485431.291428607],[5895867.862857185,3491893.4971428923],[5889051.357142895,3496214.3914286084],[5883076.542857185,3495394.791428607],[5881973.768571466,3497331.26285718],[5870636.120000042,3498348.7800000347],[5868182.92857147,3500578.285714321],[5863101.420000039,3501302.380000036],[5859077.202857181,3504808.800000038],[5852231.034285754,3505766.0771428943],[5847327.300000042,3502442.0742857493],[5841760.317142896,3505400.225714322],[5835276.017142899,3502101.520000037],[5831475.305714324,3501754.251428608],[5827138.925714321,3498238.517142892],[5824360.20000004,3502028.948571466],[5815322.06000004,3496481.2657143213],[5808315.954285756,3494052.3057143204],[5802312.465714328,3494535.5114286095],[5797090.05428575,3501032.5571428947],[5789298.320000038,3505860.097142894],[5783379.762857184,3503781.0028571784],[5781521.014285751,3506675.0457143225],[5775648.948571466,3503305.105714321],[5770927.488571465,3506539.522857178],[5769218.057142898,3511507.7285714634],[5756458.197142899,3516361.7428571805],[5753439.614285752,3519604.5028571784],[5750674.368571468,3528989.0571428947],[5745021.154285751,3527235.3057143204],[5745427.580000035,3534138.6657143235],[5740996.822857179,3534983.865714323],[5736571.7342857495,3540736.7400000356],[5736082.294285752,3545898.097142894],[5737730.537142895,3551772.062857181],[5737483.817142896,3557835.568571467],[5733279.845714323,3557005.5771428943],[5731087.868571468,3553587.3600000367],[5731671.368571468,3549460.6200000383],[5728081.222857185,3548002.645714324],[5725057.494285755,3551738.068571467],[5723017.2342857495,3547660.5885714665],[5715750.762857184,3546652.1714286096],[5711764.360000037,3550641.3085714653],[5702111.128571466,3549188.882857181],[5699233.637142897,3552539.642857179],[5691487.237142898,3551646.0085714646],[5690033.654285751,3558879.3542857505],[5690234.408571467,3565530.5457143225],[5687417.068571471,3566120.988571465],[5692679.322857179,3574749.334285751],[5690362.7885714695,3577943.2714286074],[5678758.33142861,3578016.791428607],[5679177.625714324,3579068.414285749],[5678071.717142895,3579341.208571464],[5677852.294285752,3580191.0428571776],[5677293.468571469,3580655.1257143207],[5677222.688571468,3581331.4257143214],[5672902.002857178,3583596.9314286076],[5671820.97142861,3587725.1714286096],[5665641.925714321,3596487.071428608],[5666675.028571464,3600362.9000000358],[5659334.454285756,3603720.4314286076],[5667080.622857183,3608244.482857179],[5667282.342857182,3620256.1285714656],[5664882.025714323,3629447.4714286067],[5669518.642857179,3633305.83142861],[5667541.05428575,3640267.6657143235],[5661580.005714327,3649145.960000038],[5660234.891428612,3653644.6514286064],[5652445.974285752,3656437.5857143216],[5652125.742857181,3658776.1885714643],[5645600.400000036,3663783.5800000355],[5644105.022857182,3661050.9000000358],[5634127.780000038,3658976.677142892],[5627717.351428613,3656810.708571464],[5624869.500000037,3654243.834285751],[5619463.668571465,3655720.8114286065],[5616914.251428612,3653785.0000000373],[5606352.122857183,3651382.180000037],[5597825.062857181,3647955.914285749],[5580580.780000038,3647054.960000038],[5558716.825714327,3650153.334285751],[5554610.682857178,3648322.302857179],[5547495.251428612,3638332.362857178],[5538831.55428575,3628522.2657143213],[5532418.185714327,3623981.571428608],[5532219.094285756,3620735.4314286076],[5527290.745714322,3617377.0400000364],[5530715.354285754,3613243.3857143223],[5538778.411428608,3615421.994285751],[5543109.454285756,3618788.8085714653],[5545671.74857147,3616071.3428571783],[5544552.851428613,3611978.477142893],[5546236.405714326,3606241.6171428934],[5544669.154285751,3602883.717142895],[5539613.025714323,3599939.1200000383],[5542651.611428611,3597459.482857179],[5551710.005714327,3601529.371428609],[5555523.794285752,3596293.217142895],[5566125.37428575,3598054.3142857514],[5568726.505714327,3603029.2657143213],[5563094.637142897,3608836.637142893],[5567209.654285751,3615132.645714324],[5572800.291428611,3613383.2285714634],[5575345.648571469,3614546.302857179],[5587496.225714326,3608024.0771428943],[5590249.462857179,3602396.674285751],[5593684.882857181,3602889.114285752],[5601467.822857179,3611753.6171428934],[5606440.625714324,3609372.8600000367],[5610648.70000004,3612763.76285718],[5614631.957142897,3604121.137142893],[5615463.580000035,3598447.305714324],[5618355.940000042,3599703.411428608],[5617446.931428611,3604782.3257143237],[5622676.691428609,3608446.2457143217],[5618619.571428612,3612585.0457143225],[5619966.628571466,3617833.0885714665],[5623876.302857183,3615313.5114286095],[5622665.720000036,3623190.6714286096],[5629108.622857183,3622258.2828571796],[5634021.180000037,3624991.7057143226],[5638183.994285755,3624540.1657143235],[5650274.37428575,3629083.33142861],[5653235.722857185,3625077.648571465],[5657847.868571468,3626855.7000000365],[5658975.545714326,3623937.6285714656],[5653919.720000036,3619983.785714321],[5652846.002857178,3616624.5828571804],[5655377.3657143265,3613726.4257143214],[5652707.474285752,3605590.020000037],[5638146.997142896,3604822.068571467],[5634297.70000004,3603184.6285714656],[5632050.0114286095,3606190.9628571793],[5627113.402857184,3601710.6114286073],[5621934.908571467,3602010.9714286067],[5621358.522857182,3596432.5885714665],[5616925.997142896,3591718.131428607],[5605106.345714323,3591813.2657143213],[5605630.025714323,3583020.805714324],[5598521.991428614,3583540.451428607],[5596107.994285755,3580330.4285714664],[5593313.480000041,3583272.600000035],[5590594.760000035,3581436.2485714667],[5588109.988571465,3586558.8171428926],[5582488.105714321,3580404.177142892],[5577268.305714324,3579501.1200000383],[5571424.962857179,3583496.6971428953],[5569323.871428609,3583810.5428571776],[5567584.397142895,3582442.5400000364],[5566189.680000037,3583599.614285752],[5565286.240000039,3581480.537142895],[5563200.002857178,3581181.9028571807],[5561297.05428575,3575056.1714286096],[5564237.462857179,3571499.071428608],[5560440.522857182,3567247.880000036],[5555140.8885714635,3565030.1514286064],[5549730.091428608,3565391.025714323],[5543491.92285718,3555163.794285752],[5548725.328571469,3544137.71428575],[5553421.451428607,3531900.6257143207],[5555314.680000037,3524608.562857181],[5551586.640000038,3520942.680000037],[5550622.894285753,3514351.145714324],[5548104.251428612,3509465.2400000356],[5550002.540000036,3508084.094285749],[5548689.780000038,3497195.522857178],[5552342.820000038,3487013.291428607],[5558573.774285756,3479080.8485714644],[5551464.662857182,3475699.802857179],[5551234.38000004,3472714.525714323],[5554824.440000042,3469357.6714286096],[5556952.271428607,3463717.0514286086],[5556180.15142861,3454595.0085714646],[5548946.208571464,3467385.7342857495],[5547850.474285752,3460513.3571428917],[5542989.042857185,3456786.2114286087],[5540274.214285754,3461121.1600000374],[5543952.648571469,3465304.097142894],[5544907.882857181,3470930.8942857496],[5542311.24857147,3479348.9657143205],[5540331.634285755,3480116.37428575],[5540178.274285756,3470161.8485714644],[5534441.057142898,3472065.6657143235],[5532744.002857178,3468450.8485714644],[5533651.868571468,3459205.9342857525],[5531147.320000038,3447132.605714321],[5531573.905714326,3437365.760000035],[5533751.894285753,3432620.7485714667],[5532474.174285755,3426626.4000000358],[5536293.148571469,3421048.5828571804],[5535374.465714328,3418864.1657143235],[5540738.320000038,3408615.605714321],[5541855.980000041,3400011.140000038],[5539165.382857181,3400735.5000000373],[5534304.791428611,3414368.380000036],[5533225.002857178,3422157.0000000373],[5529941.837142892,3422396.9628571793],[5525604.20000004,3434371.0800000355],[5526919.145714328,3437465.0828571804],[5524049.451428607,3446538.4000000358],[5521244.260000035,3441587.528571464],[5519301.120000042,3447846.802857179],[5522019.565714322,3454307.7771428935],[5520114.082857184,3458914.1971428953],[5516050.805714324,3461851.840000037],[5518560.137142897,3468640.517142892],[5517285.968571469,3474882.828571465],[5511293.60285718,3480262.4314286076],[5513330.062857181,3482618.0028571784],[5517672.06000004,3481515.868571464],[5521264.057142898,3486341.845714323],[5523614.925714321,3482463.371428609],[5527944.56000004,3483263.148571465],[5531458.300000042,3479353.3857143223],[5532214.65142861,3489820.837142892],[5533785.925714321,3489909.571428608],[5532251.177142896,3506198.908571467],[5523998.105714321,3519357.26285718],[5521513.20000004,3510769.2057143226],[5519167.040000036,3513260.754285749],[5520178.87428575,3518715.5514286086],[5523296.37428575,3518791.131428607],[5523702.677142896,3524656.2400000356],[5521407.551428609,3527512.722857181],[5517989.4342857525,3521542.7885714658],[5515413.377142899,3520000.7714286074],[5515854.174285755,3529672.797142893],[5517733.325714327,3534198.754285749],[5517144.037142895,3541680.8485714644],[5517978.15142861,3546617.7657143213],[5513523.271428607,3548760.7342857495],[5509972.034285754,3539907.862857178],[5508067.9342857525,3531992.020000037],[5503119.582857184,3522501.1657143235],[5497163.460000038,3534058.4742857516],[5498204.5885714665,3538178.208571464],[5503604.691428609,3541905.8171428926],[5501721.237142898,3543851.9314286076],[5503563.540000036,3557601.8857143223],[5501993.817142896,3564246.2485714667],[5497615.728571467,3566829.9628571793],[5494053.722857185,3565760.065714322],[5488693.24857147,3570451.717142895],[5479704.628571466,3566862.9742857516],[5476240.868571468,3572720.642857179],[5477714.42857147,3577732.1657143235],[5477580.105714321,3586603.537142895],[5472006.205714323,3591210.5942857526],[5473548.245714322,3597631.451428607],[5471965.482857183,3604498.717142895],[5453894.994285755,3601786.2457143217],[5449431.0885714665,3598323.8600000367],[5444091.074285753,3598008.4257143214],[5439229.78285718,3595949.302857179],[5434534.637142897,3592020.7342857495],[5428436.177142896,3590699.4285714664],[5419846.254285753,3596152.031428609],[5414429.571428612,3597652.5771428943],[5409000.83142861,3591232.10285718],[5407717.148571469,3596367.5400000364],[5401136.685714327,3594408.1971428953],[5395657.125714324,3598857.4228571802],[5390896.977142893,3600494.800000038],[5387194.834285751,3599303.6600000374],[5380063.474285752,3600832.6685714647],[5377434.825714327,3602955.682857178],[5373907.148571469,3600206.0514286086],[5367819.160000041,3599625.137142893],[5361047.697142899,3600940.1657143235],[5356690.660000041,3603422.725714322],[5341680.168571465,3608351.845714323],[5341112.882857181,3611426.5085714646],[5319172.540000036,3617362.0857143216],[5313728.857142895,3620203.5885714665],[5309958.468571469,3625000.065714322],[5298173.60285718,3629639.0057143234],[5294758.500000037,3632889.1114286073],[5293383.005714327,3637279.1714286096],[5282444.631428607,3646070.448571466],[5272720.794285752,3646760.1114286073],[5272514.88000004,3650950.334285751],[5267305.640000038,3652515.7400000356],[5264799.70000004,3657208.828571465],[5256098.080000035,3667503.797142893],[5268699.885714322,3669301.44285718],[5272242.031428613,3668343.862857178],[5275701.682857178,3679705.285714321],[5280771.562857181,3684269.1714286096],[5281401.940000035,3689053.94285718],[5290048.025714323,3681409.9228571802],[5297885.10857147,3684609.8971428946],[5297704.65142861,3690738.208571464],[5304045.545714326,3686274.560000036],[5311714.360000037,3686508.225714322],[5316648.671428613,3680381.8200000376],[5319648.7885714695,3681650.6228571795],[5327619.680000037,3677999.6971428953],[5327746.911428608,3684032.7457143217],[5334093.600000039,3688520.6685714647],[5332724.951428607,3697781.300000038],[5334195.577142894,3708581.988571465],[5332380.262857184,3713859.7828571796],[5326291.394285753,3722846.5057143234],[5327048.931428611,3729966.840000037],[5324596.731428608,3736359.3485714644],[5318087.345714323,3740329.6971428953],[5318353.571428612,3748268.220000036],[5312066.5885714665,3757704.2457143217],[5305057.900000036,3763285.1342857517],[5295962.697142899,3775913.3085714653],[5289633.368571468,3775676.7000000365],[5286768.342857182,3773675.3485714644],[5282938.3657143265,3776268.0857143216],[5278280.822857179,3782728.260000035],[5274481.400000036,3785554.7828571796],[5269241.017142892,3783015.751428608],[5275505.294285752,3773769.071428608],[5273655.754285753,3770473.142857179],[5278052.162857182,3764808.7828571796],[5275912.917142898,3763191.1628571786],[5270738.60285718,3767312.960000038],[5264234.277142897,3777844.0142857507],[5258830.55428575,3776947.020000037],[5248202.765714325,3783630.454285752],[5247201.905714326,3790156.648571465],[5237420.314285755,3789674.725714322],[5232221.731428608,3798665.6171428934],[5224278.042857178,3805630.2342857495],[5220414.60285718,3806447.4657143243],[5216761.20000004,3809616.2057143226],[5210421.454285756,3817880.417142894],[5209507.180000037,3821126.368571464],[5204586.742857181,3828265.3200000376],[5201707.7885714695,3830489.7800000384],[5199132.122857183,3842359.0114286095],[5196158.2885714695,3847654.865714323],[5189989.225714326,3854060.411428608],[5186051.357142895,3856333.0800000355],[5182354.742857181,3861183.99142861],[5169443.237142898,3869249.55428575],[5162683.205714323,3876523.251428608],[5158707.371428609,3877883.682857178],[5149667.980000041,3889613.031428609],[5146666.540000036,3895973.5342857502],[5144675.448571466,3905545.1971428953],[5142024.468571469,3913520.4800000377],[5101044.348571464,3818715.4228571802],[5083861.222857181,3781944.0942857526],[5060195.460000038,3736915.600000035],[5091573.002857182,3677890.345714323],[5110217.574285753,3644171.0457143225],[5157881.220000036,3591753.3971428946],[5158563.774285756,3590409.9371428937],[5284583.062857181,3372672.5400000364],[5372146.182857178,3344518.3514286093],[5406281.345714323,3284257.862857178],[5419842.154285751,3261583.448571466],[5425309.940000035,3248946.791428607],[5522794.477142893,3208621.5885714665],[5597438.674285755,3178044.6514286064],[5724572.820000038,3124234.334285751],[5652707.940000042,2676966.948571466],[5679500.262857184,2672770.0371428914],[5733179.740000039,2665008.677142892],[5786974.600000039,2658092.177142892],[5813911.142857179,2654951.291428607],[5867854.140000038,2649305.220000036],[5894857.257142894,2646800.3828571774],[5935396.768571466,2643441.3171428926],[5975973.065714322,2640560.488571465],[6012518.528571464,2638376.9657143205],[6039436.260000043,2637017.4285714626]],[[6178967.134285755,3002466.520000037],[6185441.465714328,2994271.7742857486],[6182747.65142861,2992595.3885714635],[6177749.854285754,2998672.8542857505],[6178967.134285755,3002466.520000037]]]]},"properties":{"PRUID":"62","DGUID":"2021A000262","PRNAME":"Nunavut","PRENAME":"Nunavut","PRFNAME":"Nunavut","PREABBR":"Nvt.","PRFABBR":"Nt","LANDAREA":1836993.7767}}
]}